customer_city,customer_state,unique_user_count,user_share,valid_order_count,paid_order_count,gmv,gmv_share,spend_per_user,average_order_value,user_rank,gmv_rank
sao paulo,SP,14517,0.15549819,15048,15048,2109190.02,0.13676092,145.291039,140.164143,1,1
rio de janeiro,RJ,6354,0.06806058,6598,6598,1111157.35,0.07204799,174.875252,168.408207,2,2
belo horizonte,MG,2603,0.02788192,2696,2696,405862.54,0.02631633,155.921068,150.542485,3,3
brasilia,DF,2009,0.02151931,2067,2067,344271.8,0.02232275,171.364759,166.556265,4,4
curitiba,PR,1433,0.01534951,1489,1489,238636.06,0.01547328,166.529002,160.265991,5,5
campinas,SP,1361,0.01457829,1404,1404,208760.94,0.01353616,153.387906,148.690128,6,7
porto alegre,RS,1292,0.0138392,1342,1342,214861.83,0.01393175,166.301726,160.105686,7,6
salvador,BA,1152,0.0123396,1186,1186,207567.42,0.01345877,180.180052,175.014688,8,8
guarulhos,SP,1109,0.011879,1143,1143,157647.38,0.01022193,142.152732,137.924217,9,9
sao bernardo do campo,SP,881,0.00943679,911,911,116785.21,0.00757241,132.55983,128.194523,10,11
niteroi,RJ,787,0.00842991,828,828,135395.81,0.00877913,172.040419,163.52151,11,10
santo andre,SP,750,0.00803359,777,777,101772.62,0.00659899,135.696827,130.981493,12,16
osasco,SP,696,0.00745517,722,722,92317.31,0.0059859,132.639813,127.86331,13,19
santos,SP,678,0.00726237,698,698,110813.03,0.00718517,163.441047,158.757923,14,14
sao jose dos campos,SP,642,0.00687675,666,666,86438.36,0.00560471,134.63919,129.787327,15,21
goiania,GO,640,0.00685533,658,658,112950.14,0.00732374,176.484594,171.656748,16,13
fortaleza,CE,609,0.00652328,619,619,113035.17,0.00732926,185.607833,182.609321,17,12
sorocaba,SP,587,0.00628762,608,608,84748.5,0.00549513,144.375639,139.38898,18,22
recife,PE,569,0.00609482,593,593,104575.01,0.0067807,183.787364,176.349089,19,15
florianopolis,SC,534,0.00571992,556,556,97402.64,0.00631564,182.401948,175.184604,20,17
jundiai,SP,532,0.00569849,551,551,90424.87,0.00586319,169.97156,164.110472,21,20
ribeirao preto,SP,478,0.00512008,499,499,74402.25,0.00482428,155.653243,149.102705,22,24
belem,PA,418,0.00447739,428,428,92919.26,0.00602493,222.29488,217.101075,23,18
nova iguacu,RJ,415,0.00444525,424,424,68723.36,0.00445606,165.598458,162.083396,24,25
juiz de fora,MG,412,0.00441312,423,423,74856.62,0.00485374,181.690825,176.966005,25,23
contagem,MG,406,0.00434885,415,415,57240.61,0.00371151,140.986724,137.929181,26,34
barueri,SP,406,0.00434885,420,420,57446.71,0.00372487,141.49436,136.777881,26,32
sao goncalo,RJ,377,0.00403822,385,385,59387.42,0.00385071,157.526313,154.253039,28,30
mogi das cruzes,SP,362,0.00387755,376,376,57242.81,0.00371165,158.129309,152.241516,29,33
vitoria,ES,360,0.00385612,373,373,61443.55,0.00398403,170.676528,164.728016,30,28
uberlandia,MG,359,0.00384541,366,366,55566.71,0.00360297,154.781922,151.821612,31,36
piracicaba,SP,349,0.0037383,356,356,55621.16,0.0036065,159.372951,156.239213,32,35
sao luis,MA,326,0.00349193,337,337,62556.1,0.00405617,191.889877,185.626409,33,27
sao jose do rio preto,SP,324,0.00347051,333,333,54867.06,0.00355761,169.342778,164.765946,34,37
vila velha,ES,317,0.00339553,326,326,54654.53,0.00354383,172.411767,167.651933,35,38
carapicuiba,SP,309,0.00330984,316,316,36704.65,0.00237995,118.785275,116.153956,36,60
campo grande,MS,308,0.00329913,312,312,64793.66,0.00420125,210.369026,207.671987,37,26
maua,SP,307,0.00328842,316,316,47899.89,0.00310585,156.0257,151.58193,38,41
londrina,PR,290,0.00310632,299,299,52472.43,0.00340234,180.939414,175.493077,39,39
praia grande,SP,278,0.00297778,298,298,43509.38,0.00282117,156.508561,146.004631,40,44
taboao da serra,SP,273,0.00292423,285,285,39429.8,0.00255665,144.431502,138.350175,41,52
serra,ES,272,0.00291352,278,278,41555.07,0.00269445,152.775993,149.478669,42,49
diadema,SP,265,0.00283854,278,278,33467.87,0.00217007,126.293849,120.388022,43,66
indaiatuba,SP,263,0.00281711,274,274,41313.44,0.00267878,157.085323,150.778978,44,50
sao caetano do sul,SP,262,0.0028064,273,273,36535.1,0.00236895,139.446947,133.828205,45,62
teresina,PI,261,0.00279569,271,271,59176.68,0.00383705,226.730575,218.364133,46,31
bauru,SP,257,0.00275284,263,263,44292.81,0.00287197,172.345564,168.413726,47,43
taubate,SP,257,0.00275284,260,260,33717.73,0.00218627,131.197393,129.683577,47,65
joinville,SC,254,0.00272071,257,257,40508.69,0.0026266,159.483031,157.621362,49,51
maringa,PR,249,0.00266715,258,258,43262.71,0.00280518,173.745823,167.684922,50,45
duque de caxias,RJ,247,0.00264573,251,251,38753.93,0.00251282,156.898502,154.398127,51,53
cuiaba,MT,237,0.00253861,243,243,45870.56,0.00297427,193.546667,188.767737,52,42
cotia,SP,236,0.0025279,244,244,33757.54,0.00218886,143.040424,138.350574,53,64
maceio,AL,233,0.00249577,236,236,51644.96,0.00334868,221.652189,218.834576,54,40
joao pessoa,PB,233,0.00249577,244,244,60966.11,0.00395307,261.657124,249.861107,54,29
campos dos goytacazes,RJ,229,0.00245292,233,233,37960.82,0.0024614,165.767773,162.921974,56,57
macae,RJ,222,0.00237794,228,228,36583.22,0.00237207,164.789279,160.452719,57,61
volta redonda,RJ,221,0.00236723,227,227,38606.53,0.00250327,174.690181,170.072819,58,54
sao carlos,SP,221,0.00236723,231,231,33906.41,0.00219851,153.42267,146.780996,58,63
suzano,SP,217,0.00232439,230,230,28185.36,0.00182755,129.886452,122.545043,60,76
petropolis,RJ,215,0.00230296,233,233,38482.56,0.00249523,178.988651,165.161202,61,55
americana,SP,211,0.00226012,215,215,27949.32,0.00181225,132.461232,129.996837,62,77
caxias do sul,RS,210,0.00224941,220,220,41558.68,0.00269469,197.898476,188.903091,63,48
aracaju,SE,209,0.00223869,215,215,42616.04,0.00276324,203.904498,198.21414,64,47
guaruja,SP,207,0.00221727,219,219,32790.78,0.00212617,158.409565,149.729589,65,67
montes claros,MG,202,0.00216371,207,207,30722.4,0.00199206,152.091089,148.417391,66,72
natal,RN,199,0.00213158,203,203,42625.1,0.00276383,214.196482,209.975862,67,46
canoas,RS,196,0.00209945,204,204,31498.08,0.00204235,160.70449,154.402353,68,70
betim,MG,194,0.00207802,195,195,32034.84,0.00207715,165.128041,164.281231,69,68
marilia,SP,193,0.00206731,194,194,37219.88,0.00241336,192.849119,191.855052,70,59
santa maria,RS,187,0.00200304,194,194,37273.9,0.00241686,199.325668,192.133505,71,58
jacarei,SP,185,0.00198162,189,189,20939.76,0.00135774,113.187892,110.792381,72,109
pelotas,RS,178,0.00190664,183,183,27209.33,0.00176427,152.861404,148.684863,73,78
limeira,SP,177,0.00189593,186,186,26060.74,0.00168979,147.235819,140.111505,74,81
blumenau,SC,176,0.00188522,181,181,28625.75,0.00185611,162.646307,158.153315,75,75
valinhos,SP,176,0.00188522,181,181,25190.98,0.0016334,143.130568,139.176685,75,87
uberaba,MG,175,0.0018745,184,184,31683.14,0.00205435,181.046514,172.190978,77,69
feira de santana,BA,173,0.00185308,181,181,31427.0,0.00203774,181.65896,173.629834,78,71
sumare,SP,173,0.00185308,178,178,24367.33,0.00157999,140.851618,136.895112,78,88
santana de parnaiba,SP,170,0.00182095,176,176,25362.04,0.00164449,149.188471,144.1025,80,85
itapevi,SP,169,0.00181024,170,170,21190.41,0.001374,125.387041,124.649471,81,106
ipatinga,MG,166,0.0017781,169,169,25958.56,0.00168317,156.376867,153.600947,82,82
sao jose,SC,163,0.00174597,166,166,24185.42,0.00156819,148.37681,145.695301,83,89
itaquaquecetuba,SP,163,0.00174597,168,168,21558.97,0.00139789,132.26362,128.327202,83,101
presidente prudente,SP,155,0.00166028,157,157,29166.5,0.00189117,188.170968,185.773885,85,74
embu das artes,SP,154,0.00164956,157,157,22400.92,0.00145249,145.460519,142.681019,86,97
sao vicente,SP,154,0.00164956,157,157,21422.71,0.00138906,139.108506,136.450382,86,104
franca,SP,153,0.00163885,155,155,25908.75,0.00167994,169.338235,167.153226,88,83
atibaia,SP,149,0.00159601,154,154,23180.88,0.00150306,155.576376,150.525195,89,92
rio claro,SP,146,0.00156387,151,151,22544.2,0.00146178,154.412329,149.299338,90,95
araraquara,SP,145,0.00155316,150,150,22649.93,0.00146863,156.206414,150.999533,91,93
cascavel,PR,143,0.00153174,145,145,27016.57,0.00175177,188.927063,186.321172,92,79
hortolandia,SP,140,0.0014996,142,142,18413.0,0.00119391,131.521429,129.669014,93,127
braganca paulista,SP,138,0.00147818,142,142,22573.17,0.00146366,163.573696,158.965986,94,94
nova friburgo,RJ,135,0.00144605,142,142,30715.39,0.0019916,227.521407,216.305563,95,73
governador valadares,MG,133,0.00142462,135,135,21518.22,0.00139525,161.791128,159.394222,96,102
aracatuba,SP,133,0.00142462,139,139,19297.11,0.00125123,145.091053,138.828129,96,116
manaus,AM,132,0.00141391,137,137,25542.82,0.00165621,193.506212,186.443942,98,84
ponta grossa,PR,132,0.00141391,140,140,21725.9,0.00140872,164.590152,155.185,98,99
cariacica,ES,131,0.0014032,134,134,19279.11,0.00125007,147.168779,143.873955,100,117
divinopolis,MG,131,0.0014032,132,132,38392.73,0.0024894,293.074275,290.854015,100,56
jaboatao dos guararapes,PE,130,0.00139249,131,131,25282.34,0.00163932,194.479538,192.994962,102,86
marica,RJ,128,0.00137107,132,132,17870.96,0.00115876,139.616875,135.386061,103,131
rio das ostras,RJ,128,0.00137107,130,130,22385.63,0.0014515,174.887734,172.197154,103,98
sao jose dos pinhais,PR,125,0.00133893,130,130,17521.99,0.00113613,140.17592,134.784538,105,132
itu,SP,124,0.00132822,127,127,14050.69,0.00091105,113.312016,110.635354,106,158
pouso alegre,MG,122,0.0013068,128,128,23967.97,0.00155409,196.45877,187.249766,107,90
paulinia,SP,122,0.0013068,127,127,18545.23,0.00120248,152.010082,146.025433,107,126
sete lagoas,MG,121,0.00129609,126,126,20173.89,0.00130808,166.726364,160.110238,109,114
sao joao de meriti,RJ,120,0.00128537,123,123,20628.92,0.00133759,171.907667,167.714797,110,112
novo hamburgo,RS,118,0.00126395,121,121,20527.59,0.00133102,173.962627,169.649504,111,113
rio grande,RS,118,0.00126395,121,121,19068.89,0.00123644,161.600763,157.594132,111,121
cachoeiro de itapemirim,ES,117,0.00125324,121,121,19175.45,0.00124335,163.892735,158.474793,113,120
barra mansa,RJ,117,0.00125324,120,120,21599.43,0.00140052,184.610513,179.99525,113,100
itajai,SC,117,0.00125324,119,119,21465.52,0.00139183,183.465983,180.382521,113,103
santa barbara d'oeste,SP,117,0.00125324,118,118,14980.13,0.00097132,128.035299,126.950254,113,150
teresopolis,RJ,114,0.00122111,120,120,20634.94,0.00133798,181.008246,171.957833,117,111
resende,RJ,113,0.00121039,115,115,16300.28,0.00105692,144.250265,141.741565,118,140
cabo frio,RJ,112,0.00119968,113,113,18857.72,0.00122274,168.3725,166.882478,119,124
pocos de caldas,MG,111,0.00118897,116,116,18309.36,0.00118719,164.949189,157.83931,120,128
passo fundo,RS,111,0.00118897,113,113,18163.98,0.00117776,163.639459,160.743186,120,130
anapolis,GO,108,0.00115684,111,111,20029.82,0.00129874,185.461296,180.448829,122,115
gravatai,RS,107,0.00114613,111,111,21131.64,0.00137019,197.491963,190.375135,123,108
ribeirao pires,SP,106,0.00113541,107,107,11780.65,0.00076386,111.138208,110.099533,124,188
ferraz de vasconcelos,SP,104,0.00111399,108,108,17333.28,0.0011239,166.666154,160.493333,125,134
franco da rocha,SP,103,0.00110328,108,108,11830.23,0.00076708,114.856602,109.539167,126,187
belford roxo,RJ,102,0.00109257,104,104,14628.03,0.00094849,143.412059,140.654135,127,153
mage,RJ,101,0.00108186,106,106,16751.06,0.00108615,165.852079,158.028868,128,137
nilopolis,RJ,101,0.00108186,103,103,15462.98,0.00100263,153.098812,150.126019,128,145
porto velho,RO,100,0.00107115,109,109,26185.88,0.00169791,261.8588,240.237431,130,80
aparecida de goiania,GO,99,0.00106043,106,106,17151.47,0.00111211,173.247172,161.806321,131,135
sao leopoldo,RS,99,0.00106043,102,102,13142.6,0.00085217,132.753535,128.84902,131,169
botucatu,SP,98,0.00104972,100,100,18965.12,0.00122971,193.521633,189.6512,133,123
chapeco,SC,97,0.00103901,101,101,17500.06,0.00113471,180.41299,173.267921,134,133
patos de minas,MG,96,0.0010283,99,99,19269.36,0.00124943,200.7225,194.64,135,118
balneario camboriu,SC,95,0.00101759,97,97,18971.08,0.00123009,199.695579,195.578144,136,122
cajamar,SP,95,0.00101759,99,99,11917.57,0.00077274,125.448105,120.379495,136,186
guaratingueta,SP,94,0.00100688,95,95,16491.17,0.0010693,175.437979,173.591263,138,139
nova lima,MG,93,0.00099617,97,97,23290.76,0.00151018,250.43828,240.110928,139,91
ribeirao das neves,MG,93,0.00099617,98,98,14774.8,0.00095801,158.868817,150.763265,139,151
caieiras,SP,93,0.00099617,96,96,14035.92,0.0009101,150.923871,146.2075,139,160
itatiba,SP,93,0.00099617,96,96,13586.48,0.00088095,146.091183,141.525833,139,164
pindamonhangaba,SP,93,0.00099617,98,98,14205.22,0.00092107,152.744301,144.951224,139,156
itapecerica da serra,SP,92,0.00098545,93,93,9846.11,0.00063843,107.022935,105.872151,144,222
criciuma,SC,91,0.00097474,92,92,16244.33,0.00105329,178.509121,176.568804,145,142
palhoca,SC,89,0.00095332,90,90,12938.05,0.00083891,145.371348,143.756111,146,171
vinhedo,SP,89,0.00095332,90,90,10382.01,0.00067317,116.651798,115.355667,146,210
itajuba,MG,88,0.00094261,91,91,15793.98,0.00102409,179.477045,173.56022,148,144
santa luzia,MG,88,0.00094261,90,90,13304.62,0.00086268,151.188864,147.829111,148,168
olinda,PE,88,0.00094261,89,89,15081.42,0.00097789,171.379773,169.454157,148,147
araras,SP,88,0.00094261,93,93,15010.42,0.00097328,170.572955,161.402366,148,149
francisco morato,SP,88,0.00094261,93,93,9615.46,0.00062347,109.266591,103.392043,148,230
salto,SP,88,0.00094261,89,89,11601.09,0.00075222,131.830568,130.349326,148,193
vitoria da conquista,BA,87,0.0009319,88,88,19252.21,0.00124832,221.28977,218.775114,154,119
palmas,TO,87,0.0009319,88,88,21345.83,0.00138407,245.354368,242.56625,154,105
mogi-guacu,SP,85,0.00091047,89,89,13123.01,0.0008509,154.388353,147.449551,156,170
vicosa,MG,84,0.00089976,86,86,18203.14,0.0011803,216.704048,211.664419,157,129
foz do iguacu,PR,84,0.00089976,86,86,13806.35,0.00089521,164.36131,160.538953,157,162
jaragua do sul,SC,84,0.00089976,88,88,15299.9,0.00099205,182.141667,173.8625,157,146
votorantim,SP,83,0.00088905,84,84,12085.64,0.00078364,145.61012,143.876667,160,182
varginha,MG,82,0.00087834,87,87,15904.56,0.00103126,193.958049,182.811034,161,143
ananindeua,PA,82,0.00087834,85,85,20777.66,0.00134723,253.386098,244.443059,161,110
caraguatatuba,SP,82,0.00087834,83,83,13412.43,0.00086967,163.56622,161.595542,161,167
poa,SP,81,0.00086763,85,85,10803.79,0.00070052,133.380123,127.103412,164,203
conselheiro lafaiete,MG,80,0.00085692,81,81,10635.15,0.00068959,132.939375,131.298148,165,205
lages,SC,80,0.00085692,83,83,13616.23,0.00088288,170.202875,164.050964,165,163
angra dos reis,RJ,79,0.0008462,82,82,21177.5,0.00137316,268.06962,258.262195,167,107
assis,SP,79,0.0008462,84,84,13819.31,0.00089605,174.927975,164.515595,167,161
lavras,MG,78,0.00083549,80,80,14744.86,0.00095606,189.036667,184.31075,169,152
jandira,SP,78,0.00083549,84,84,9658.31,0.00062625,123.824487,114.979881,169,229
itabira,MG,77,0.00082478,77,77,12126.89,0.00078631,157.492078,157.492078,171,180
lorena,SP,77,0.00082478,82,82,9137.71,0.00059249,118.671558,111.435488,171,240
cubatao,SP,76,0.00081407,79,79,8171.42,0.00052984,107.518684,103.435696,173,262
itapetininga,SP,76,0.00081407,77,77,14048.46,0.00091091,184.848158,182.447532,173,159
ourinhos,SP,76,0.00081407,77,77,14325.33,0.00092886,188.491184,186.043247,173,154
araxa,MG,75,0.00080336,75,75,15041.85,0.00097532,200.558,200.558,176,148
birigui,SP,75,0.00080336,78,78,16626.83,0.00107809,221.691067,213.164487,176,138
mairipora,SP,74,0.00079265,75,75,10363.16,0.00067195,140.042703,138.175467,178,212
sao joao da boa vista,SP,74,0.00079265,80,80,13428.77,0.00087073,181.469865,167.859625,178,166
barbacena,MG,73,0.00078194,79,79,14209.71,0.00092136,194.653562,179.869747,180,155
teofilo otoni,MG,73,0.00078194,75,75,9586.61,0.0006216,131.323425,127.821467,180,231
mesquita,RJ,73,0.00078194,75,75,10927.32,0.00070853,149.689315,145.6976,180,199
sao roque,SP,73,0.00078194,75,75,10721.19,0.00069517,146.865616,142.9492,180,204
araruama,RJ,72,0.00077122,74,74,18836.77,0.00122139,261.621806,254.550946,184,125
itanhaem,SP,72,0.00077122,74,74,11370.65,0.00073728,157.925694,153.657432,184,196
jau,SP,71,0.00076051,73,73,10847.52,0.00070336,152.781972,148.596164,186,202
lauro de freitas,BA,70,0.0007498,72,72,10893.5,0.00070634,155.621429,151.298611,187,200
cacapava,SP,70,0.0007498,72,72,11473.43,0.00074394,163.906143,159.353194,187,195
mogi mirim,SP,70,0.0007498,75,75,9974.89,0.00064678,142.498429,132.998533,187,219
tatui,SP,70,0.0007498,71,71,12603.96,0.00081725,180.056571,177.520563,187,174
varzea paulista,SP,70,0.0007498,75,75,12093.68,0.00078416,172.766857,161.249067,187,181
ilheus,BA,69,0.00073909,69,69,10500.1,0.00068083,152.175362,152.175362,192,208
toledo,PR,69,0.00073909,70,70,11688.66,0.0007579,169.40087,166.980857,192,190
ubatuba,SP,69,0.00073909,72,72,9536.95,0.00061838,138.216667,132.457639,192,233
cachoeirinha,RS,68,0.00072838,73,73,11547.07,0.00074872,169.809853,158.179041,195,194
viamao,RS,68,0.00072838,70,70,7987.71,0.00051793,117.466324,114.110143,195,270
barretos,SP,68,0.00072838,69,69,10351.45,0.00067119,152.227206,150.021014,195,213
catanduva,SP,67,0.00071767,71,71,10862.21,0.00070431,162.122537,152.988873,198,201
pirassununga,SP,67,0.00071767,69,69,9868.55,0.00063988,147.291791,143.022464,198,221
campina grande,PB,66,0.00070696,66,66,22500.07,0.00145892,340.910152,340.910152,200,96
pinhais,PR,66,0.00070696,66,66,10103.74,0.00065513,153.08697,153.08697,200,217
rio branco,AC,65,0.00069624,69,69,16834.1,0.00109153,258.986154,243.972464,202,136
sao joao del rei,MG,65,0.00069624,66,66,9744.43,0.00063183,149.914308,147.642879,202,224
aruja,SP,65,0.00069624,68,68,8699.66,0.00056409,133.840923,127.936176,202,249
manhuacu,MG,64,0.00068553,64,64,10066.62,0.00065272,157.290938,157.290938,205,218
guarapari,ES,63,0.00067482,66,66,11951.82,0.00077496,189.711429,181.088182,206,185
rio verde,GO,63,0.00067482,63,63,11778.15,0.0007637,186.954762,186.954762,206,189
muriae,MG,63,0.00067482,63,63,12532.07,0.00081259,198.921746,198.921746,206,175
caruaru,PE,63,0.00067482,64,64,12471.01,0.00080863,197.95254,194.859531,206,176
petrolina,PE,62,0.00066411,62,62,16263.27,0.00105452,262.310806,262.310806,210,141
avare,SP,62,0.00066411,63,63,9713.47,0.00062983,156.668871,154.182063,210,226
colatina,ES,61,0.0006534,63,63,8456.83,0.00054835,138.636557,134.235397,212,254
linhares,ES,61,0.0006534,65,65,14131.54,0.0009163,231.66459,217.408308,212,157
guarapuava,PR,61,0.0006534,62,62,9900.21,0.00064193,162.298525,159.680806,212,220
bage,RS,61,0.0006534,62,62,10286.98,0.00066701,168.639016,165.919032,212,214
votuporanga,SP,61,0.0006534,63,63,9760.03,0.00063285,160.000492,154.921111,212,223
santa cruz do sul,RS,60,0.00064269,62,62,11974.65,0.00077644,199.5775,193.139516,217,184
jaguariuna,SP,60,0.00064269,61,61,9669.61,0.00062698,161.160167,158.518197,217,228
sertaozinho,SP,60,0.00064269,61,61,7829.73,0.00050768,130.4955,128.35623,217,276
caratinga,MG,59,0.00063198,61,61,10959.01,0.00071059,185.745932,179.655902,220,198
paracatu,MG,59,0.00063198,62,62,10113.1,0.00065574,171.408475,163.114516,220,216
rondonopolis,MT,59,0.00063198,64,64,12381.58,0.00080283,209.857288,193.462188,220,178
camacari,BA,58,0.00062126,60,60,8722.58,0.00056558,150.38931,145.376333,223,247
itabuna,BA,58,0.00062126,60,60,9474.99,0.00061436,163.361897,157.9165,223,234
dourados,MS,58,0.00062126,63,63,10531.87,0.00068289,181.583966,167.17254,223,207
amparo,SP,58,0.00062126,63,63,12606.72,0.00081743,217.357241,200.106667,223,173
colombo,PR,57,0.00061055,60,60,9014.88,0.00058453,158.155789,150.248,227,241
brusque,SC,57,0.00061055,60,60,9731.21,0.00063098,170.722982,162.186833,227,225
paranagua,PR,56,0.00059984,58,58,8781.35,0.00056939,156.809821,151.402586,229,246
lagoa santa,MG,55,0.00058913,58,58,9681.01,0.00062772,176.018364,166.913966,230,227
parnamirim,RN,55,0.00058913,57,57,9141.03,0.00059271,166.200545,160.368947,230,239
tubarao,SC,55,0.00058913,60,60,12130.98,0.00078658,220.563273,202.183,230,179
sao sebastiao,SP,55,0.00058913,56,56,8813.79,0.00057149,160.250727,157.389107,230,245
jatai,GO,54,0.00057842,54,54,11337.93,0.00073516,209.961667,209.961667,234,197
ouro preto,MG,54,0.00057842,55,55,8149.91,0.00052844,150.924259,148.180182,234,263
campo mourao,PR,54,0.00057842,56,56,8579.69,0.00055631,158.883148,153.20875,234,252
cruzeiro,SP,54,0.00057842,56,56,7458.77,0.00048363,138.12537,133.192321,234,290
araguari,MG,53,0.00056771,54,54,12048.94,0.00078126,227.338491,223.128519,238,183
itauna,MG,53,0.00056771,56,56,9012.79,0.00058439,170.052642,160.942679,238,242
unai,MG,53,0.00056771,54,54,8064.51,0.00052291,152.160566,149.342778,238,266
itaborai,RJ,53,0.00056771,56,56,7783.17,0.00050466,146.852264,138.985179,238,278
lins,SP,53,0.00056771,54,54,10363.81,0.00067199,195.543585,191.922407,238,211
macapa,AP,52,0.000557,53,53,13545.04,0.00087827,260.481538,255.566792,243,165
araucaria,PR,52,0.000557,54,54,6255.87,0.00040563,120.305192,115.849444,243,333
queimados,RJ,52,0.000557,54,54,7096.29,0.00046013,136.467115,131.412778,243,302
erechim,RS,52,0.000557,56,56,7689.06,0.00049856,147.866538,137.304643,243,283
fernandopolis,SP,52,0.000557,52,52,8366.45,0.00054248,160.893269,160.893269,243,256
tupa,SP,52,0.000557,52,52,7490.94,0.00048572,144.056538,144.056538,243,289
uba,MG,51,0.00054628,54,54,7927.49,0.00051402,155.44098,146.80537,249,273
pato branco,PR,51,0.00054628,53,53,10599.58,0.00068728,207.834902,199.992075,249,206
bento goncalves,RS,51,0.00054628,54,54,8189.88,0.00053104,160.585882,151.664444,249,261
itapeva,SP,51,0.00054628,53,53,7372.03,0.00047801,144.549608,139.094906,249,293
matao,SP,51,0.00054628,51,51,8360.85,0.00054212,163.938235,163.938235,249,257
barreiras,BA,50,0.00053557,51,51,12694.48,0.00082312,253.8896,248.911373,254,172
alvorada,RS,50,0.00053557,50,50,7368.62,0.00047778,147.3724,147.3724,254,294
ijui,RS,50,0.00053557,52,52,6870.15,0.00044546,137.403,132.118269,254,311
bebedouro,SP,50,0.00053557,51,51,6141.75,0.00039823,122.835,120.426471,254,337
itapira,SP,50,0.00053557,52,52,7984.62,0.00051773,159.6924,153.550385,254,271
nova serrana,MG,49,0.00052486,49,49,8693.69,0.0005637,177.422245,177.422245,259,250
apucarana,PR,49,0.00052486,51,51,8112.8,0.00052604,165.567347,159.07451,259,265
francisco beltrao,PR,49,0.00052486,50,50,8378.13,0.00054324,170.982245,167.5626,259,255
jaboticabal,SP,49,0.00052486,50,50,6776.97,0.00043942,138.30551,135.5394,259,314
timoteo,MG,48,0.00051415,51,51,8717.3,0.00056523,181.610417,170.927451,263,248
cosmopolis,SP,48,0.00051415,50,50,7645.27,0.00049572,159.276458,152.9054,263,285
leme,SP,48,0.00051415,50,50,9157.01,0.00059375,190.771042,183.1402,263,237
lajeado,RS,47,0.00050344,50,50,9440.38,0.00061212,200.859149,188.8076,266,235
uruguaiana,RS,47,0.00050344,47,47,5460.4,0.00035406,116.178723,116.178723,266,380
joao monlevade,MG,46,0.00049273,50,50,8232.52,0.0005338,178.967826,164.6504,268,260
barra do pirai,RJ,46,0.00049273,49,49,6015.99,0.00039008,130.782391,122.775306,268,345
concordia,SC,46,0.00049273,48,48,6857.88,0.00044467,149.084348,142.8725,268,312
bertioga,SP,46,0.00049273,47,47,10451.08,0.00067765,227.197391,222.363404,268,209
campo limpo paulista,SP,46,0.00049273,47,47,5581.77,0.00036192,121.342826,118.761064,268,371
ibirite,MG,45,0.00048202,47,47,8317.09,0.00053928,184.824222,176.959362,273,258
itaguai,RJ,45,0.00048202,46,46,7202.32,0.000467,160.051556,156.572174,273,298
boituva,SP,45,0.00048202,47,47,7974.5,0.00051707,177.211111,169.670213,273,272
embu-guacu,SP,45,0.00048202,46,46,7062.82,0.00045796,156.951556,153.539565,273,307
ituiutaba,MG,44,0.0004713,53,53,6593.01,0.00042749,149.841136,124.396415,277,320
patrocinio,MG,44,0.0004713,45,45,8023.55,0.00052025,182.353409,178.301111,277,267
paranavai,PR,44,0.0004713,45,45,8254.93,0.00053525,187.612045,183.442889,277,259
sao pedro da aldeia,RJ,44,0.0004713,46,46,5712.97,0.00037043,129.840227,124.195,277,357
videira,SC,44,0.0004713,44,44,9246.03,0.00059952,210.137045,210.137045,277,236
registro,SP,44,0.0004713,45,45,6809.21,0.00044151,154.754773,151.315778,277,313
sao mateus,ES,43,0.00046059,47,47,7691.8,0.00049874,178.87907,163.655319,283,282
passos,MG,43,0.00046059,43,43,5196.44,0.00033694,120.847442,120.847442,283,402
itaperuna,RJ,43,0.00046059,45,45,6610.28,0.00042861,153.727442,146.895111,283,317
sao bento do sul,SC,43,0.00046059,44,44,6105.45,0.00039588,141.987209,138.760227,283,341
ilhabela,SP,43,0.00046059,44,44,3989.88,0.00025871,92.787907,90.679091,283,482
lencois paulista,SP,43,0.00046059,43,43,7565.48,0.00049055,175.941395,175.941395,283,287
juazeiro,BA,42,0.00044988,42,42,8662.05,0.00056165,206.239286,206.239286,289,251
alfenas,MG,42,0.00044988,43,43,6539.45,0.00042402,155.70119,152.080233,289,321
santarem,PA,42,0.00044988,43,43,7125.52,0.00046202,169.655238,165.709767,289,301
santo angelo,RS,42,0.00044988,45,45,6448.63,0.00041813,153.53881,143.302889,289,324
itapema,SC,42,0.00044988,44,44,7233.42,0.00046902,172.224286,164.395909,289,296
itupeva,SP,42,0.00044988,42,42,6039.66,0.00039161,143.801429,143.801429,289,343
louveira,SP,42,0.00044988,44,44,5615.73,0.00036413,133.707857,127.630227,289,367
peruibe,SP,42,0.00044988,43,43,7697.97,0.00049914,183.285,179.022558,289,279
sao jose do rio pardo,SP,42,0.00044988,44,44,5971.05,0.00038717,142.167857,135.705682,289,347
tres lagoas,MS,41,0.00043917,42,42,8547.88,0.00055425,208.484878,203.520952,298,253
sinop,MT,41,0.00043917,43,43,7696.82,0.00049907,187.727317,178.995814,298,280
paulista,PE,41,0.00043917,41,41,7076.62,0.00045885,172.600488,172.600488,298,306
vargem grande paulista,SP,41,0.00043917,42,42,5331.76,0.00034571,130.042927,126.946667,298,388
coronel fabriciano,MG,40,0.00042846,41,41,5136.22,0.00033304,128.4055,125.273659,302,407
curvelo,MG,40,0.00042846,42,42,6406.88,0.00041543,160.172,152.544762,302,326
pedro leopoldo,MG,40,0.00042846,40,40,5875.05,0.00038094,146.87625,146.87625,302,349
pirapora,MG,40,0.00042846,42,42,7842.16,0.00050849,196.054,186.718095,302,274
sabara,MG,40,0.00042846,42,42,5334.36,0.00034588,133.359,127.008571,302,387
tres coracoes,MG,40,0.00042846,41,41,5476.22,0.00035508,136.9055,133.566341,302,377
vespasiano,MG,40,0.00042846,41,41,6904.07,0.00044766,172.60175,168.391951,302,310
cacador,SC,40,0.00042846,40,40,5469.62,0.00035465,136.7405,136.7405,302,378
artur nogueira,SP,40,0.00042846,40,40,6723.88,0.00043598,168.097,168.097,302,316
mongagua,SP,40,0.00042846,42,42,6079.19,0.00039418,151.97975,144.742619,302,342
alagoinhas,BA,39,0.00041775,40,40,7428.33,0.00048166,190.47,185.70825,312,291
paulo afonso,BA,39,0.00041775,39,39,7842.14,0.00050849,201.080513,201.080513,312,275
imperatriz,MA,39,0.00041775,40,40,9144.78,0.00059295,234.481538,228.6195,312,238
ouro branco,MG,39,0.00041775,42,42,5368.95,0.00034813,137.665385,127.832143,312,385
umuarama,PR,39,0.00041775,40,40,6603.01,0.00042814,169.307949,165.07525,312,319
boa vista,RR,39,0.00041775,40,40,8867.83,0.00057499,227.380256,221.69575,312,244
esteio,RS,39,0.00041775,39,39,6986.45,0.000453,179.139744,179.139744,312,308
sapucaia do sul,RS,39,0.00041775,39,39,6392.7,0.00041451,163.915385,163.915385,312,328
sao miguel do oeste,SC,39,0.00041775,39,39,7165.31,0.0004646,183.725897,183.725897,312,299
aracruz,ES,38,0.00040704,40,40,5102.98,0.00033088,134.288947,127.5745,321,408
bom despacho,MG,38,0.00040704,38,38,5554.6,0.00036016,146.173684,146.173684,321,374
ponte nova,MG,38,0.00040704,39,39,7823.69,0.00050729,205.886579,200.607436,321,277
saquarema,RJ,38,0.00040704,45,45,5614.72,0.00036406,147.755789,124.771556,321,368
capao da canoa,RS,38,0.00040704,38,38,5634.34,0.00036533,148.272105,148.272105,321,364
andradina,SP,38,0.00040704,40,40,7089.02,0.00045966,186.553158,177.2255,321,305
cianorte,PR,37,0.00039632,39,39,5691.55,0.00036904,153.825676,145.937179,327,360
nova odessa,SP,37,0.00039632,37,37,5060.27,0.00032811,136.764054,136.764054,327,410
araguaina,TO,37,0.00039632,38,38,8946.12,0.00058007,241.787027,235.424211,327,243
guanambi,BA,36,0.00038561,36,36,5367.47,0.00034803,149.096389,149.096389,330,386
luis eduardo magalhaes,BA,36,0.00038561,36,36,9538.69,0.00061849,264.963611,264.963611,330,232
porto seguro,BA,36,0.00038561,39,39,11671.6,0.00075679,324.211111,299.271795,330,191
caldas novas,GO,36,0.00038561,36,36,6204.57,0.00040231,172.349167,172.349167,330,335
valparaiso de goias,GO,36,0.00038561,37,37,6424.51,0.00041657,178.458611,173.635405,330,325
extrema,MG,36,0.00038561,39,39,5224.88,0.00033878,145.135556,133.971282,330,399
varzea grande,MT,36,0.00038561,37,37,7663.66,0.00049692,212.879444,207.125946,330,284
campo largo,PR,36,0.00038561,36,36,4665.79,0.00030253,129.605278,129.605278,330,432
tres rios,RJ,36,0.00038561,38,38,8014.46,0.00051966,222.623889,210.906842,330,268
monte mor,SP,36,0.00038561,38,38,5039.0,0.00032673,139.972222,132.605263,330,414
olimpia,SP,36,0.00038561,36,36,6365.15,0.00041272,176.809722,176.809722,330,330
penapolis,SP,36,0.00038561,37,37,5549.28,0.00035982,154.146667,149.980541,330,375
tremembe,SP,36,0.00038561,38,38,5462.7,0.0003542,151.741667,143.755263,330,379
caucaia,CE,35,0.0003749,35,35,7092.72,0.0004599,202.649143,202.649143,343,304
itumbiara,GO,35,0.0003749,35,35,6489.07,0.00042075,185.402,185.402,343,322
para de minas,MG,35,0.0003749,37,37,7994.59,0.00051837,228.416857,216.07,343,269
paracambi,RJ,35,0.0003749,35,35,7516.23,0.00048736,214.749429,214.749429,343,288
campo bom,RS,35,0.0003749,35,35,5137.09,0.00033309,146.774,146.774,343,406
tiete,SP,35,0.0003749,35,35,4792.73,0.00031076,136.935143,136.935143,343,426
eunapolis,BA,34,0.00036419,35,35,7643.67,0.00049562,224.813824,218.390571,349,286
jequie,BA,34,0.00036419,34,34,5766.87,0.00037393,169.613824,169.613824,349,354
formosa,GO,34,0.00036419,34,34,6124.12,0.00039709,180.121176,180.121176,349,339
santa rita do sapucai,MG,34,0.00036419,35,35,4687.13,0.00030392,137.856765,133.918,349,430
sao sebastiao do paraiso,MG,34,0.00036419,36,36,5543.48,0.00035944,163.043529,153.985556,349,376
almirante tamandare,PR,34,0.00036419,35,35,5041.83,0.00032691,148.289118,144.052286,349,413
japeri,RJ,34,0.00036419,34,34,5682.83,0.00036848,167.142059,167.142059,349,361
vassouras,RJ,34,0.00036419,36,36,5309.87,0.00034429,156.172647,147.496389,349,389
mossoro,RN,34,0.00036419,35,35,6244.01,0.00040486,183.647353,178.400286,349,334
alegrete,RS,34,0.00036419,35,35,5296.24,0.00034341,155.771765,151.321143,349,390
osorio,RS,34,0.00036419,35,35,7225.75,0.00046852,212.522059,206.45,349,297
adamantina,SP,34,0.00036419,35,35,6108.5,0.00039608,179.661765,174.528571,349,340
guaira,SP,34,0.00036419,36,36,4423.03,0.00028679,130.089118,122.861944,349,450
pedreira,SP,34,0.00036419,36,36,3391.29,0.00021989,99.743824,94.2025,349,541
sobral,CE,33,0.00035348,33,33,12440.17,0.00080663,376.974848,376.974848,363,177
rio do sul,SC,33,0.00035348,35,35,5695.14,0.00036928,172.58,162.718286,363,359
santa cruz do rio pardo,SP,33,0.00035348,34,34,3126.23,0.00020271,94.734242,91.947941,363,575
taquaritinga,SP,33,0.00035348,33,33,5237.07,0.00033957,158.699091,158.699091,363,396
valenca,BA,32,0.00034277,35,35,7406.42,0.00048024,231.450625,211.612,367,292
formiga,MG,32,0.00034277,32,32,5033.34,0.00032636,157.291875,157.291875,367,415
mariana,MG,32,0.00034277,33,33,5218.88,0.00033839,163.09,158.147879,367,400
telemaco borba,PR,32,0.00034277,34,34,5458.21,0.00035391,170.569062,160.535588,367,381
seropedica,RJ,32,0.00034277,33,33,5256.35,0.00034082,164.260938,159.283333,367,395
capivari,SP,32,0.00034277,33,33,5410.66,0.00035083,169.083125,163.959394,367,383
santa fe do sul,SP,32,0.00034277,34,34,4605.21,0.0002986,143.912812,135.447353,367,438
juazeiro do norte,CE,31,0.00033206,31,31,8138.34,0.00052769,262.527097,262.527097,374,264
cataguases,MG,31,0.00033206,32,32,5139.96,0.00033328,165.805161,160.62375,374,404
guaxupe,MG,31,0.00033206,37,37,6967.0,0.00045174,224.741935,188.297297,374,309
camaragibe,PE,31,0.00033206,33,33,3455.49,0.00022406,111.467419,104.711818,374,527
arapongas,PR,31,0.00033206,32,32,7152.49,0.00046377,230.725484,223.515312,374,300
montenegro,RS,31,0.00033206,32,32,5643.51,0.00036593,182.04871,176.359688,374,363
imbituba,SC,31,0.00033206,32,32,3671.93,0.00023809,118.449355,114.747812,374,505
mococa,SP,31,0.00033206,33,33,6758.87,0.00043825,218.028065,204.814242,374,315
sao joaquim da barra,SP,31,0.00033206,34,33,4808.58,0.00031179,155.115484,145.714545,374,424
catalao,GO,30,0.00032134,33,33,6317.65,0.00040964,210.588333,191.443939,383,332
luziania,GO,30,0.00032134,33,33,5608.51,0.00036366,186.950333,169.954848,383,369
congonhas,MG,30,0.00032134,30,30,3618.83,0.00023465,120.627667,120.627667,383,509
sao lourenco,MG,30,0.00032134,32,32,4958.96,0.00032154,165.298667,154.9675,383,417
cachoeira do sul,RS,30,0.00032134,30,30,5281.79,0.00034247,176.059667,176.059667,383,394
monte alto,SP,30,0.00032134,32,32,2870.52,0.00018613,95.684,89.70375,383,622
promissao,SP,30,0.00032134,31,31,4742.35,0.0003075,158.078333,152.979032,383,429
maracanau,CE,29,0.00031063,31,31,5915.23,0.00038355,203.973448,190.813871,390,348
santo antonio de padua,RJ,29,0.00031063,30,30,5765.6,0.00037384,198.813793,192.186667,390,355
cruz alta,RS,29,0.00031063,30,30,3471.23,0.00022508,119.697586,115.707667,390,524
gramado,RS,29,0.00031063,29,29,3750.71,0.0002432,129.334828,129.334828,390,500
santa rosa,RS,29,0.00031063,32,32,3601.11,0.0002335,124.176207,112.534688,390,513
ibiuna,SP,29,0.00031063,31,31,4009.93,0.00026001,138.273448,129.352581,390,478
mirassol,SP,29,0.00031063,29,29,6383.33,0.0004139,220.114828,220.114828,390,329
arapiraca,AL,28,0.00029992,29,29,10150.03,0.00065813,362.501071,350.001034,397,215
alem paraiba,MG,28,0.00029992,28,28,3548.32,0.00023007,126.725714,126.725714,397,517
itabirito,MG,28,0.00029992,28,28,5798.05,0.00037595,207.073214,207.073214,397,352
piumhii,MG,28,0.00029992,28,28,4454.11,0.00028881,159.075357,159.075357,397,447
fazenda rio grande,PR,28,0.00029992,29,29,5204.96,0.00033749,185.891429,179.481379,397,401
marechal candido rondon,PR,28,0.00029992,30,30,4144.69,0.00026874,148.024643,138.156333,397,462
miguel pereira,RJ,28,0.00029992,28,28,4409.54,0.00028592,157.483571,157.483571,397,451
guaiba,RS,28,0.00029992,30,30,5567.4,0.00036099,198.835714,185.58,397,373
gaspar,SC,28,0.00029992,29,29,11602.95,0.00075234,414.391071,400.101724,397,192
navegantes,SC,28,0.00029992,31,31,7344.22,0.0004762,262.293571,236.910323,397,295
xanxere,SC,28,0.00029992,29,29,4906.49,0.00031814,175.231786,169.18931,397,422
cerquilho,SP,28,0.00029992,30,30,3861.71,0.0002504,137.918214,128.723667,397,492
itapolis,SP,28,0.00029992,28,28,4026.78,0.0002611,143.813571,143.813571,397,474
ituverava,SP,28,0.00029992,28,28,4325.59,0.00028047,154.485357,154.485357,397,455
santo antonio de jesus,BA,27,0.00028921,29,29,5060.15,0.0003281,187.412963,174.487931,411,411
teixeira de freitas,BA,27,0.00028921,28,28,4143.1,0.00026864,153.448148,147.967857,411,464
diamantina,MG,27,0.00028921,27,27,2907.93,0.00018855,107.701111,107.701111,411,618
corumba,MS,27,0.00028921,27,27,5627.08,0.00036486,208.41037,208.41037,411,366
primavera do leste,MT,27,0.00028921,28,28,7092.91,0.00045991,262.70037,253.318214,411,303
cambe,PR,27,0.00028921,27,27,4559.06,0.00029561,168.854074,168.854074,411,440
uniao da vitoria,PR,27,0.00028921,29,29,6037.75,0.00039149,223.62037,208.198276,411,344
valenca,RJ,27,0.00028921,27,27,4610.21,0.00029893,170.748519,170.748519,411,437
farroupilha,RS,27,0.00028921,27,27,3757.49,0.00024364,139.166296,139.166296,411,498
canoinhas,SC,27,0.00028921,27,27,5291.02,0.00034307,195.963704,195.963704,411,393
tijucas,SC,27,0.00028921,30,30,4144.17,0.00026871,153.487778,138.139,411,463
dracena,SP,27,0.00028921,27,27,5186.38,0.00033629,192.088148,192.088148,411,403
garca,SP,27,0.00028921,27,27,3468.68,0.00022491,128.46963,128.46963,411,526
orlandia,SP,27,0.00028921,28,28,4552.4,0.00029518,168.607407,162.585714,411,441
brumadinho,MG,26,0.0002785,26,26,2795.25,0.00018125,107.509615,107.509615,425,640
armacao dos buzios,RJ,26,0.0002785,28,28,5579.36,0.00036177,214.590769,199.262857,425,372
rio bonito,RJ,26,0.0002785,27,27,4946.29,0.00032072,190.241923,183.195926,425,419
santiago,RS,26,0.0002785,26,26,2974.7,0.00019288,114.411538,114.411538,425,606
camboriu,SC,26,0.0002785,27,27,3711.42,0.00024065,142.746923,137.46,425,502
indaial,SC,26,0.0002785,26,26,4052.06,0.00026274,155.848462,155.848462,425,472
joacaba,SC,26,0.0002785,26,26,5233.09,0.00033932,201.272692,201.272692,425,397
barra bonita,SP,26,0.0002785,28,28,4440.92,0.00028795,170.804615,158.604286,425,448
itarare,SP,26,0.0002785,28,28,4520.99,0.00029314,173.884231,161.463929,425,443
jales,SP,26,0.0002785,28,28,3478.63,0.00022556,133.793462,124.236786,425,523
santa isabel,SP,26,0.0002785,28,28,3181.24,0.00020627,122.355385,113.615714,425,565
caete,MG,25,0.00026779,27,27,3144.06,0.00020386,125.7624,116.446667,436,573
caceres,MT,25,0.00026779,25,25,5668.56,0.00036755,226.7424,226.7424,436,362
altamira,PA,25,0.00026779,25,25,6399.82,0.00041497,255.9928,255.9928,436,327
dois vizinhos,PR,25,0.00026779,27,27,2881.38,0.00018683,115.2552,106.717778,436,619
matinhos,PR,25,0.00026779,27,27,3538.83,0.00022946,141.5532,131.067778,436,518
tramandai,RS,25,0.00026779,25,25,3289.92,0.00021332,131.5968,131.5968,436,552
mafra,SC,25,0.00026779,25,25,2327.31,0.0001509,93.0924,93.0924,436,728
batatais,SP,25,0.00026779,27,27,6130.55,0.00039751,245.222,227.057407,436,338
cachoeira paulista,SP,25,0.00026779,25,25,3768.01,0.00024432,150.7204,150.7204,436,496
porto ferreira,SP,25,0.00026779,26,26,2130.07,0.00013811,85.2028,81.925769,436,769
mineiros,GO,24,0.00025707,25,25,4233.22,0.00027448,176.384167,169.3288,446,458
trindade,GO,24,0.00025707,24,24,4007.41,0.00025984,166.975417,166.975417,446,481
arcos,MG,24,0.00025707,25,25,5989.36,0.00038835,249.556667,239.5744,446,346
carangola,MG,24,0.00025707,25,25,4843.37,0.00031405,201.807083,193.7348,446,423
frutal,MG,24,0.00025707,24,24,3923.15,0.00025438,163.464583,163.464583,446,487
nanuque,MG,24,0.00025707,25,25,2920.75,0.00018938,121.697917,116.83,446,615
barra do garcas,MT,24,0.00025707,25,25,4924.29,0.00031929,205.17875,196.9716,446,420
parauapebas,PA,24,0.00025707,27,27,5634.15,0.00036532,234.75625,208.672222,446,365
garanhuns,PE,24,0.00025707,30,30,5225.65,0.00033883,217.735417,174.188333,446,398
cornelio procopio,PR,24,0.00025707,24,24,2705.58,0.00017543,112.7325,112.7325,446,654
rolandia,PR,24,0.00025707,24,24,5701.33,0.00036968,237.555417,237.555417,446,358
arraial do cabo,RJ,24,0.00025707,28,28,6329.66,0.00041042,263.735833,226.059286,446,331
cordeiro,RJ,24,0.00025707,24,24,3098.43,0.0002009,129.10125,129.10125,446,582
venancio aires,RS,24,0.00025707,26,26,3352.84,0.0002174,139.701667,128.955385,446,546
ilha solteira,SP,24,0.00025707,24,24,2694.73,0.00017473,112.280417,112.280417,446,657
aguas lindas de goias,GO,23,0.00024636,24,24,2788.8,0.00018083,121.252174,116.2,461,642
lucas do rio verde,MT,23,0.00024636,23,23,6463.96,0.00041913,281.041739,281.041739,461,323
tangara da serra,MT,23,0.00024636,23,23,4765.88,0.00030902,207.212174,207.212174,461,428
sao fidelis,RJ,23,0.00024636,23,23,2597.42,0.00016842,112.931304,112.931304,461,671
carazinho,RS,23,0.00024636,23,23,2466.74,0.00015994,107.249565,107.249565,461,696
sapiranga,RS,23,0.00024636,23,23,4014.95,0.00026033,174.563043,174.563043,461,475
aparecida,SP,23,0.00024636,25,25,4208.91,0.00027291,182.996087,168.3564,461,460
campos do jordao,SP,23,0.00024636,25,25,3913.12,0.00025373,170.135652,156.5248,461,489
capao bonito,SP,23,0.00024636,28,28,3622.16,0.00023486,157.485217,129.362857,461,508
cravinhos,SP,23,0.00024636,24,24,2838.32,0.00018404,123.405217,118.263333,461,629
holambra,SP,23,0.00024636,23,23,3102.05,0.00020114,134.871739,134.871739,461,581
rio grande da serra,SP,23,0.00024636,25,25,2577.74,0.00016714,112.075652,103.1096,461,675
gurupi,TO,23,0.00024636,24,24,6192.18,0.0004015,269.225217,258.0075,461,336
dias d'avila,BA,22,0.00023565,23,23,3044.98,0.00019744,138.408182,132.390435,474,596
jacobina,BA,22,0.00023565,23,23,7693.92,0.00049888,349.723636,334.518261,474,281
coromandel,MG,22,0.00023565,25,25,2956.71,0.00019171,134.395909,118.2684,474,608
monte carmelo,MG,22,0.00023565,23,23,3403.67,0.0002207,154.712273,147.985652,474,539
salinas,MG,22,0.00023565,23,23,5787.96,0.00037529,263.089091,251.650435,474,353
santa barbara,MG,22,0.00023565,25,25,5295.31,0.00034335,240.695909,211.8124,474,392
maraba,PA,22,0.00023565,22,22,4661.78,0.00030227,211.899091,211.899091,474,433
parnaiba,PI,22,0.00023565,22,22,5085.78,0.00032976,231.171818,231.171818,474,409
castro,PR,22,0.00023565,22,22,4347.65,0.0002819,197.620455,197.620455,474,454
irati,PR,22,0.00023565,22,22,2994.16,0.00019414,136.098182,136.098182,474,602
sao gabriel,RS,22,0.00023565,23,23,2829.82,0.00018349,128.628182,123.035652,474,632
biguacu,SC,22,0.00023565,22,22,3738.89,0.00024243,169.949545,169.949545,474,501
aguas de lindoia,SP,22,0.00023565,22,22,3758.36,0.00024369,170.834545,170.834545,474,497
ibitinga,SP,22,0.00023565,22,22,3368.45,0.00021841,153.111364,153.111364,474,543
mairinque,SP,22,0.00023565,24,24,3235.0,0.00020976,147.045455,134.791667,474,559
piedade,SP,22,0.00023565,22,22,2919.16,0.00018928,132.689091,132.689091,474,616
presidente epitacio,SP,22,0.00023565,23,23,3014.15,0.00019544,137.006818,131.05,474,600
presidente venceslau,SP,22,0.00023565,22,22,3410.87,0.00022116,155.039545,155.039545,474,537
simoes filho,BA,21,0.00022494,22,22,5295.9,0.00034339,252.185714,240.722727,492,391
aracati,CE,21,0.00022494,23,23,3677.54,0.00023845,175.120952,159.893043,492,504
viana,ES,21,0.00022494,22,22,4011.24,0.00026009,191.011429,182.329091,492,477
campo belo,MG,21,0.00022494,21,21,2218.31,0.00014384,105.63381,105.63381,492,755
januaria,MG,21,0.00022494,22,22,4050.95,0.00026267,192.902381,184.134091,492,473
machado,MG,21,0.00022494,21,21,3182.8,0.00020637,151.561905,151.561905,492,564
oliveira,MG,21,0.00022494,22,22,3102.97,0.0002012,147.760476,141.044091,492,580
pitangui,MG,21,0.00022494,22,22,3064.2,0.00019868,145.914286,139.281818,492,594
santos dumont,MG,21,0.00022494,22,22,2559.58,0.00016596,121.884762,116.344545,492,678
castanhal,PA,21,0.00022494,21,21,4500.22,0.0002918,214.29619,214.29619,492,444
cabo de santo agostinho,PE,21,0.00022494,21,21,3618.25,0.00023461,172.297619,172.297619,492,510
medianeira,PR,21,0.00022494,21,21,3411.72,0.00022122,162.462857,162.462857,492,536
guapimirim,RJ,21,0.00022494,21,21,3446.99,0.0002235,164.142381,164.142381,492,530
taquara,RS,21,0.00022494,21,21,4954.91,0.00032128,235.948095,235.948095,492,418
icara,SC,21,0.00022494,21,21,2850.9,0.00018485,135.757143,135.757143,492,626
porto feliz,SP,21,0.00022494,21,21,3365.57,0.00021823,160.265238,160.265238,492,544
brumado,BA,20,0.00021423,21,21,3330.52,0.00021595,166.526,158.59619,508,548
cambui,MG,20,0.00021423,22,22,3660.81,0.00023737,183.0405,166.400455,508,506
sao gotardo,MG,20,0.00021423,20,20,3078.92,0.00019964,153.946,153.946,508,589
sorriso,MT,20,0.00021423,20,20,4009.03,0.00025995,200.4515,200.4515,508,479
bom jesus do itabapoana,RJ,20,0.00021423,20,20,4011.27,0.00026009,200.5635,200.5635,508,476
cachoeiras de macacu,RJ,20,0.00021423,20,20,2304.32,0.00014941,115.216,115.216,508,736
marau,RS,20,0.00021423,22,22,2631.98,0.00017066,131.599,119.635455,508,663
santana do livramento,RS,20,0.00021423,20,20,4911.3,0.00031845,245.565,245.565,508,421
vacaria,RS,20,0.00021423,21,21,2768.24,0.00017949,138.412,131.820952,508,647
braco do norte,SC,20,0.00021423,20,20,3423.42,0.00022198,171.171,171.171,508,533
curitibanos,SC,20,0.00021423,20,20,3469.8,0.00022498,173.49,173.49,508,525
garopaba,SC,20,0.00021423,22,22,3288.64,0.00021324,164.432,149.483636,508,553
juquitiba,SP,20,0.00021423,21,21,3529.98,0.00022889,176.499,168.094286,508,519
pederneiras,SP,20,0.00021423,20,20,3080.41,0.00019974,154.0205,154.0205,508,587
piracaia,SP,20,0.00021423,21,21,2866.91,0.00018589,143.3455,136.519524,508,623
rancharia,SP,20,0.00021423,21,21,3006.84,0.00019496,150.342,143.182857,508,601
capelinha,MG,19,0.00020352,19,19,2968.12,0.00019245,156.216842,156.216842,524,607
monte siao,MG,19,0.00020352,20,20,2866.44,0.00018586,150.865263,143.322,524,624
tres pontas,MG,19,0.00020352,19,19,2587.99,0.00016781,136.21,136.21,524,673
casimiro de abreu,RJ,19,0.00020352,20,20,3963.31,0.00025698,208.595263,198.1655,524,484
carlos barbosa,RS,19,0.00020352,19,19,3015.42,0.00019552,158.706316,158.706316,524,599
estancia velha,RS,19,0.00020352,20,20,3563.85,0.00023108,187.571053,178.1925,524,515
ibiruba,RS,19,0.00020352,20,20,3695.73,0.00023963,194.512105,184.7865,524,503
monte azul paulista,SP,19,0.00020352,19,19,3287.1,0.00021314,173.005263,173.005263,524,554
paraguacu paulista,SP,19,0.00020352,20,20,3067.31,0.00019889,161.437368,153.3655,524,593
santo antonio de posse,SP,19,0.00020352,20,20,5393.22,0.0003497,283.853684,269.661,524,384
sao manuel,SP,19,0.00020352,20,20,3403.6,0.00022069,179.136842,170.18,524,540
crato,CE,18,0.00019281,18,18,3847.13,0.00024945,213.729444,213.729444,535,494
bambui,MG,18,0.00019281,18,18,2558.68,0.00016591,142.148889,142.148889,535,679
barao de cocais,MG,18,0.00019281,18,18,2452.94,0.00015905,136.274444,136.274444,535,702
claudio,MG,18,0.00019281,20,20,3403.8,0.0002207,189.1,170.19,535,538
espera feliz,MG,18,0.00019281,19,19,3751.42,0.00024324,208.412222,197.443158,535,499
guanhaes,MG,18,0.00019281,18,18,2313.75,0.00015002,128.541667,128.541667,535,731
sarzedo,MG,18,0.00019281,18,18,1316.33,8.535e-05,73.129444,73.129444,535,1138
laranjeiras do sul,PR,18,0.00019281,19,19,2413.23,0.00015648,134.068333,127.012105,535,708
palmas,PR,18,0.00019281,19,19,2359.92,0.00015302,131.106667,124.206316,535,721
quatro barras,PR,18,0.00019281,18,18,2079.83,0.00013486,115.546111,115.546111,535,784
iguaba grande,RJ,18,0.00019281,19,19,2829.65,0.00018348,157.202778,148.928947,535,633
paraty,RJ,18,0.00019281,19,19,3249.86,0.00021072,180.547778,171.045263,535,557
guapore,RS,18,0.00019281,18,18,3987.06,0.00025852,221.503333,221.503333,535,483
veranopolis,RS,18,0.00019281,18,18,2878.08,0.00018662,159.893333,159.893333,535,620
ararangua,SC,18,0.00019281,18,18,2786.74,0.00018069,154.818889,154.818889,535,643
bonfim paulista,SP,18,0.00019281,18,18,2850.17,0.00018481,158.342778,158.342778,535,627
conchal,SP,18,0.00019281,19,19,2464.88,0.00015982,136.937778,129.730526,535,697
espirito santo do pinhal,SP,18,0.00019281,18,18,2464.28,0.00015979,136.904444,136.904444,535,698
nova granada,SP,18,0.00019281,19,19,2122.45,0.00013762,117.913889,111.707895,535,773
pereira barreto,SP,18,0.00019281,18,18,4460.09,0.00028919,247.782778,247.782778,535,446
socorro,SP,18,0.00019281,19,19,2640.22,0.00017119,146.678889,138.958947,535,661
tambau,SP,18,0.00019281,19,19,1823.49,0.00011824,101.305,95.973158,535,881
viradouro,SP,18,0.00019281,18,18,2480.93,0.00016086,137.829444,137.829444,535,691
cruz das almas,BA,17,0.00018209,18,18,2486.57,0.00016123,146.268824,138.142778,558,690
itapetinga,BA,17,0.00018209,18,18,3169.5,0.00020551,186.441176,176.083333,558,569
senhor do bonfim,BA,17,0.00018209,18,18,3047.41,0.0001976,179.259412,169.300556,558,595
alegre,ES,17,0.00018209,17,17,3265.01,0.0002117,192.059412,192.059412,558,556
castelo,ES,17,0.00018209,18,18,1990.94,0.00012909,117.114118,110.607778,558,812
nova venecia,ES,17,0.00018209,19,19,2956.59,0.00019171,173.917059,155.61,558,609
piuma,ES,17,0.00018209,17,17,2590.17,0.00016795,152.362941,152.362941,558,672
goianesia,GO,17,0.00018209,17,17,2516.58,0.00016318,148.034118,148.034118,558,685
leopoldina,MG,17,0.00018209,17,17,2038.21,0.00013216,119.894706,119.894706,558,798
visconde do rio branco,MG,17,0.00018209,18,18,1952.66,0.00012661,114.862353,108.481111,558,825
juina,MT,17,0.00018209,17,17,5417.13,0.00035125,318.654706,318.654706,558,382
floriano,PI,17,0.00018209,18,18,3145.51,0.00020396,185.03,174.750556,558,572
picos,PI,17,0.00018209,17,17,4255.89,0.00027595,250.346471,250.346471,558,457
jaguariaiva,PR,17,0.00018209,17,17,2117.03,0.00013727,124.531176,124.531176,558,775
mandaguari,PR,17,0.00018209,18,18,5829.06,0.00037796,342.885882,323.836667,558,351
sarandi,PR,17,0.00018209,17,17,2035.77,0.000132,119.751176,119.751176,558,800
itatiaia,RJ,17,0.00018209,18,18,1882.29,0.00012205,110.722941,104.571667,558,854
miracema,RJ,17,0.00018209,17,17,1891.44,0.00012264,111.261176,111.261176,558,850
paraiba do sul,RJ,17,0.00018209,18,18,3452.08,0.00022383,203.063529,191.782222,558,529
canela,RS,17,0.00018209,17,17,2798.26,0.00018144,164.603529,164.603529,558,639
dois irmaos,RS,17,0.00018209,17,17,3847.42,0.00024947,226.318824,226.318824,558,493
igrejinha,RS,17,0.00018209,17,17,1581.64,0.00010255,93.037647,93.037647,558,986
panambi,RS,17,0.00018209,17,17,4059.15,0.0002632,238.773529,238.773529,558,469
santo antonio da patrulha,RS,17,0.00018209,17,17,5603.12,0.00036331,329.595294,329.595294,558,370
cerqueira cesar,SP,17,0.00018209,18,18,4059.12,0.0002632,238.771765,225.506667,558,470
iracemapolis,SP,17,0.00018209,18,18,1532.5,9.937e-05,90.147059,85.138889,558,1010
jarinu,SP,17,0.00018209,18,18,1712.06,0.00011101,100.709412,95.114444,558,924
laranjal paulista,SP,17,0.00018209,17,17,2583.82,0.00016754,151.989412,151.989412,558,674
palmital,SP,17,0.00018209,18,18,2122.03,0.00013759,124.825294,117.890556,558,774
pompeia,SP,17,0.00018209,17,17,2252.95,0.00014608,132.526471,132.526471,558,747
marataizes,ES,16,0.00017138,16,16,3274.31,0.00021231,204.644375,204.644375,588,555
senador canedo,GO,16,0.00017138,16,16,1790.29,0.00011608,111.893125,111.893125,588,891
uruacu,GO,16,0.00017138,17,17,2307.27,0.0001496,144.204375,135.721765,588,734
balsas,MA,16,0.00017138,17,17,6607.73,0.00042845,412.983125,388.69,588,318
caxias,MA,16,0.00017138,16,16,2604.15,0.00016885,162.759375,162.759375,588,668
carmo do paranaiba,MG,16,0.00017138,16,16,4652.95,0.0003017,290.809375,290.809375,588,434
caxambu,MG,16,0.00017138,16,16,2161.84,0.00014017,135.115,135.115,588,766
jacutinga,MG,16,0.00017138,18,18,3136.24,0.00020336,196.015,174.235556,588,574
joao pinheiro,MG,16,0.00017138,16,16,2814.03,0.00018246,175.876875,175.876875,588,635
manhumirim,MG,16,0.00017138,16,16,2817.53,0.00018269,176.095625,176.095625,588,634
ouro fino,MG,16,0.00017138,16,16,2978.22,0.00019311,186.13875,186.13875,588,605
santa vitoria,MG,16,0.00017138,17,17,4546.18,0.00029478,284.13625,267.422353,588,442
santana do paraiso,MG,16,0.00017138,16,16,3077.73,0.00019956,192.358125,192.358125,588,590
ponta pora,MS,16,0.00017138,18,18,4652.16,0.00030165,290.76,258.453333,588,435
agua boa,MT,16,0.00017138,18,18,3358.86,0.00021779,209.92875,186.603333,588,545
paragominas,PA,16,0.00017138,18,18,2803.86,0.0001818,175.24125,155.77,588,637
tucurui,PA,16,0.00017138,16,16,5756.65,0.00037326,359.790625,359.790625,588,356
patos,PB,16,0.00017138,16,16,4795.28,0.00031093,299.705,299.705,588,425
salgueiro,PE,16,0.00017138,17,17,3044.75,0.00019742,190.296875,179.102941,588,597
marialva,PR,16,0.00017138,16,16,3115.02,0.00020198,194.68875,194.68875,588,577
itaocara,RJ,16,0.00017138,16,16,2042.5,0.00013244,127.65625,127.65625,588,797
ji-parana,RO,16,0.00017138,17,17,4435.13,0.00028758,277.195625,260.89,588,449
vilhena,RO,16,0.00017138,16,16,2791.92,0.00018103,174.495,174.495,588,641
charqueadas,RS,16,0.00017138,17,17,2125.02,0.00013779,132.81375,125.001176,588,771
torres,RS,16,0.00017138,17,17,1833.32,0.00011887,114.5825,107.842353,588,871
timbo,SC,16,0.00017138,17,17,3552.03,0.00023032,222.001875,208.942941,588,516
agudos,SP,16,0.00017138,16,16,1508.95,9.784e-05,94.309375,94.309375,588,1027
bom jesus dos perdoes,SP,16,0.00017138,17,17,1930.03,0.00012514,120.626875,113.531176,588,837
cajati,SP,16,0.00017138,16,16,2100.69,0.00013621,131.293125,131.293125,588,781
candido mota,SP,16,0.00017138,16,16,1824.1,0.00011828,114.00625,114.00625,588,879
guararapes,SP,16,0.00017138,17,17,1531.06,9.927e-05,95.69125,90.062353,588,1012
ipero,SP,16,0.00017138,18,18,3079.8,0.0001997,192.4875,171.1,588,588
piraju,SP,16,0.00017138,17,17,5054.76,0.00032775,315.9225,297.338824,588,412
pitangueiras,SP,16,0.00017138,16,16,1634.64,0.00010599,102.165,102.165,588,958
santa rita do passa quatro,SP,16,0.00017138,18,18,2479.13,0.00016075,154.945625,137.729444,588,692
guacui,ES,15,0.00016067,16,16,4311.75,0.00027958,287.45,269.484375,623,456
venda nova do imigrante,ES,15,0.00016067,15,15,3171.23,0.00020562,211.415333,211.415333,623,568
inhumas,GO,15,0.00016067,16,16,2733.51,0.00017724,182.234,170.844375,623,648
posse,GO,15,0.00016067,15,15,3940.71,0.00025552,262.714,262.714,623,485
janauba,MG,15,0.00016067,16,16,3646.22,0.00023642,243.081333,227.88875,623,507
nova era,MG,15,0.00016067,15,15,2565.16,0.00016633,171.010667,171.010667,623,677
paraisopolis,MG,15,0.00016067,15,15,2453.22,0.00015907,163.548,163.548,623,700
campo novo do parecis,MT,15,0.00016067,15,15,5838.68,0.00037858,389.245333,389.245333,623,350
vitoria de santo antao,PE,15,0.00016067,15,15,2988.47,0.00019377,199.231333,199.231333,623,603
jacarezinho,PR,15,0.00016067,16,16,1635.31,0.00010603,109.020667,102.206875,623,957
rio negro,PR,15,0.00016067,15,15,2472.91,0.00016034,164.860667,164.860667,623,695
sao mateus do sul,PR,15,0.00016067,15,15,2284.52,0.00014813,152.301333,152.301333,623,740
cantagalo,RJ,15,0.00016067,17,17,2289.85,0.00014847,152.656667,134.697059,623,738
pirai,RJ,15,0.00016067,15,15,2544.07,0.00016496,169.604667,169.604667,623,682
sao joao da barra,RJ,15,0.00016067,15,15,2548.11,0.00016522,169.874,169.874,623,680
estrela,RS,15,0.00016067,15,15,2460.42,0.00015953,164.028,164.028,623,699
nova prata,RS,15,0.00016067,16,16,1541.25,9.994e-05,102.75,96.328125,623,1002
palmeira das missoes,RS,15,0.00016067,16,16,1943.52,0.00012602,129.568,121.47,623,831
sao borja,RS,15,0.00016067,18,18,2616.89,0.00016968,174.459333,145.382778,623,666
sao luiz gonzaga,RS,15,0.00016067,15,15,4008.72,0.00025993,267.248,267.248,623,480
barra velha,SC,15,0.00016067,15,15,2014.41,0.00013062,134.294,134.294,623,806
bombinhas,SC,15,0.00016067,15,15,2305.3,0.00014948,153.686667,153.686667,623,735
penha,SC,15,0.00016067,15,15,2379.71,0.0001543,158.647333,158.647333,623,716
sao francisco do sul,SC,15,0.00016067,16,16,1890.5,0.00012258,126.033333,118.15625,623,851
americo brasiliense,SP,15,0.00016067,17,17,2688.89,0.00017435,179.259333,158.17,623,658
bariri,SP,15,0.00016067,15,15,3075.22,0.0001994,205.014667,205.014667,623,591
barrinha,SP,15,0.00016067,18,18,3321.15,0.00021534,221.41,184.508333,623,551
bastos,SP,15,0.00016067,17,17,1673.94,0.00010854,111.596,98.467059,623,937
cordeiropolis,SP,15,0.00016067,15,15,1597.09,0.00010356,106.472667,106.472667,623,973
novo horizonte,SP,15,0.00016067,17,17,3088.17,0.00020024,205.878,181.657059,623,584
osvaldo cruz,SP,15,0.00016067,16,16,2124.36,0.00013774,141.624,132.7725,623,772
pariquera-acu,SP,15,0.00016067,15,15,2065.21,0.00013391,137.680667,137.680667,623,790
santa adelia,SP,15,0.00016067,15,15,1861.06,0.00012067,124.070667,124.070667,623,862
taquarituba,SP,15,0.00016067,15,15,2799.35,0.00018151,186.623333,186.623333,623,638
iguatu,CE,14,0.00014996,14,14,4202.5,0.00027249,300.178571,300.178571,657,461
santa maria de jetiba,ES,14,0.00014996,15,15,2231.06,0.00014466,159.361429,148.737333,657,754
ipora,GO,14,0.00014996,15,15,2362.54,0.00015319,168.752857,157.502667,657,719
quirinopolis,GO,14,0.00014996,14,14,1789.8,0.00011605,127.842857,127.842857,657,892
sao jose de ribamar,MA,14,0.00014996,14,14,1870.87,0.00012131,133.633571,133.633571,657,858
almenara,MG,14,0.00014996,14,14,3212.33,0.00020829,229.452143,229.452143,657,562
conselheiro pena,MG,14,0.00014996,15,15,2393.18,0.00015517,170.941429,159.545333,657,711
esmeraldas,MG,14,0.00014996,14,14,2043.24,0.00013248,145.945714,145.945714,657,794
iturama,MG,14,0.00014996,14,14,1931.51,0.00012524,137.965,137.965,657,836
santo antonio do monte,MG,14,0.00014996,14,14,2247.31,0.00014572,160.522143,160.522143,657,749
chapadao do sul,MS,14,0.00014996,14,14,1913.41,0.00012407,136.672143,136.672143,657,843
mirassol d'oeste,MT,14,0.00014996,14,14,2207.23,0.00014312,157.659286,157.659286,657,759
ipojuca,PE,14,0.00014996,15,15,1825.56,0.00011837,130.397143,121.704,657,878
lapa,PR,14,0.00014996,14,14,2488.54,0.00016136,177.752857,177.752857,657,689
piraquara,PR,14,0.00014996,14,14,1947.24,0.00012626,139.088571,139.088571,657,828
bom jardim,RJ,14,0.00014996,14,14,2474.68,0.00016046,176.762857,176.762857,657,693
sao francisco de itabapoana,RJ,14,0.00014996,15,15,1816.41,0.00011778,129.743571,121.094,657,884
feliz,RS,14,0.00014996,14,14,2947.85,0.00019114,210.560714,210.560714,657,610
frederico westphalen,RS,14,0.00014996,14,14,1319.89,8.558e-05,94.277857,94.277857,657,1135
sao lourenco do sul,RS,14,0.00014996,14,14,2453.15,0.00015906,175.225,175.225,657,701
campos novos,SC,14,0.00014996,14,14,2438.37,0.00015811,174.169286,174.169286,657,704
ituporanga,SC,14,0.00014996,15,15,3580.25,0.00023215,255.732143,238.683333,657,514
porto uniao,SC,14,0.00014996,14,14,3329.43,0.00021588,237.816429,237.816429,657,549
itabaiana,SE,14,0.00014996,15,15,3840.41,0.00024901,274.315,256.027333,657,495
nossa senhora do socorro,SE,14,0.00014996,14,14,2809.56,0.00018217,200.682857,200.682857,657,636
cunha,SP,14,0.00014996,14,14,3118.0,0.00020217,222.714286,222.714286,657,576
guariba,SP,14,0.00014996,14,14,1810.72,0.00011741,129.337143,129.337143,657,885
iguape,SP,14,0.00014996,14,14,1615.2,0.00010473,115.371429,115.371429,657,967
junqueiropolis,SP,14,0.00014996,15,15,2505.96,0.00016249,178.997143,167.064,657,686
pirapora do bom jesus,SP,14,0.00014996,16,16,3067.54,0.0001989,219.11,191.72125,657,592
santo anastacio,SP,14,0.00014996,17,17,2240.33,0.00014526,160.023571,131.784118,657,751
pojuca,BA,13,0.00013925,13,13,1820.78,0.00011806,140.06,140.06,688,882
santa maria da vitoria,BA,13,0.00013925,13,13,2185.07,0.00014168,168.082308,168.082308,688,761
serrinha,BA,13,0.00013925,14,14,2314.11,0.00015005,178.008462,165.293571,688,730
eusebio,CE,13,0.00013925,13,13,2707.57,0.00017556,208.274615,208.274615,688,653
jaguare,ES,13,0.00013925,13,13,1513.1,9.811e-05,116.392308,116.392308,688,1024
sao gabriel da palha,ES,13,0.00013925,13,13,1732.64,0.00011235,133.28,133.28,688,915
novo gama,GO,13,0.00013925,13,13,2001.41,0.00012977,153.954615,153.954615,688,809
porangatu,GO,13,0.00013925,13,13,2162.74,0.00014023,166.364615,166.364615,688,765
buritis,MG,13,0.00013925,13,13,2045.45,0.00013263,157.342308,157.342308,688,793
divino,MG,13,0.00013925,13,13,1466.16,9.507e-05,112.781538,112.781538,688,1054
itanhandu,MG,13,0.00013925,13,13,2113.88,0.00013707,162.606154,162.606154,688,777
sao joao nepomuceno,MG,13,0.00013925,14,14,3088.14,0.00020024,237.549231,220.581429,688,585
taiobeiras,MG,13,0.00013925,13,13,3103.8,0.00020125,238.753846,238.753846,688,579
tupaciguara,MG,13,0.00013925,13,13,1645.37,0.00010669,126.566923,126.566923,688,951
maracaju,MS,13,0.00013925,13,13,3511.21,0.00022767,270.093077,270.093077,688,521
paranaiba,MS,13,0.00013925,14,14,1701.31,0.00011031,130.87,121.522143,688,929
marituba,PA,13,0.00013925,14,14,1663.07,0.00010783,127.928462,118.790714,688,944
bandeirantes,PR,13,0.00013925,13,13,2005.85,0.00013006,154.296154,154.296154,688,808
loanda,PR,13,0.00013925,13,13,2042.79,0.00013246,157.137692,157.137692,688,796
barra de sao joao,RJ,13,0.00013925,13,13,2835.38,0.00018385,218.106154,218.106154,688,630
natividade,RJ,13,0.00013925,15,15,3081.95,0.00019984,237.073077,205.463333,688,586
parati,RJ,13,0.00013925,13,13,3088.59,0.00020027,237.583846,237.583846,688,583
pinheiral,RJ,13,0.00013925,14,14,2529.38,0.00016401,194.567692,180.67,688,683
eldorado do sul,RS,13,0.00013925,15,15,2127.04,0.00013792,163.618462,141.802667,688,770
imbe,RS,13,0.00013925,13,13,3105.67,0.00020137,238.897692,238.897692,688,578
ivoti,RS,13,0.00013925,13,13,1507.43,9.774e-05,115.956154,115.956154,688,1028
lagoa vermelha,RS,13,0.00013925,14,14,1883.04,0.0001221,144.849231,134.502857,688,853
fraiburgo,SC,13,0.00013925,13,13,2338.54,0.00015163,179.887692,179.887692,688,724
guaramirim,SC,13,0.00013925,13,13,1736.26,0.00011258,133.558462,133.558462,688,911
ibirama,SC,13,0.00013925,13,13,1429.2,9.267e-05,109.938462,109.938462,688,1074
laguna,SC,13,0.00013925,14,14,2696.25,0.00017483,207.403846,192.589286,688,656
rio negrinho,SC,13,0.00013925,13,13,1381.73,8.959e-05,106.286923,106.286923,688,1098
taio,SC,13,0.00013925,14,14,4792.66,0.00031076,368.666154,342.332857,688,427
aluminio,SP,13,0.00013925,13,13,1500.64,9.73e-05,115.433846,115.433846,688,1033
casa branca,SP,13,0.00013925,13,13,1500.45,9.729e-05,115.419231,115.419231,688,1034
descalvado,SP,13,0.00013925,13,13,1439.57,9.334e-05,110.736154,110.736154,688,1065
jardinopolis,SP,13,0.00013925,13,13,1851.48,0.00012005,142.421538,142.421538,688,865
miguelopolis,SP,13,0.00013925,14,14,2265.5,0.0001469,174.269231,161.821429,688,744
pirapozinho,SP,13,0.00013925,14,14,1582.47,0.00010261,121.728462,113.033571,688,985
serra negra,SP,13,0.00013925,13,13,3522.56,0.0002284,270.966154,270.966154,688,520
serrana,SP,13,0.00013925,13,13,1115.27,7.231e-05,85.79,85.79,688,1275
irece,BA,12,0.00012854,13,13,2660.91,0.00017253,221.7425,204.685385,729,659
quixada,CE,12,0.00012854,12,12,3176.57,0.00020597,264.714167,264.714167,729,567
anchieta,ES,12,0.00012854,14,14,2387.85,0.00015483,198.9875,170.560714,729,712
ipameri,GO,12,0.00012854,12,12,2399.96,0.00015561,199.996667,199.996667,729,710
morrinhos,GO,12,0.00012854,14,14,1804.72,0.00011702,150.393333,128.908571,729,889
niquelandia,GO,12,0.00012854,13,13,1902.01,0.00012333,158.500833,146.308462,729,847
santa ines,MA,12,0.00012854,12,12,1956.91,0.00012689,163.075833,163.075833,729,823
abaete,MG,12,0.00012854,12,12,1946.81,0.00012623,162.234167,162.234167,729,829
bocaiuva,MG,12,0.00012854,13,13,1943.22,0.000126,161.935,149.478462,729,832
conceicao do mato dentro,MG,12,0.00012854,12,12,1606.34,0.00010416,133.861667,133.861667,729,970
itapecerica,MG,12,0.00012854,13,13,1603.68,0.00010398,133.64,123.36,729,971
matias barbosa,MG,12,0.00012854,13,13,2489.66,0.00016143,207.471667,191.512308,729,688
matozinhos,MG,12,0.00012854,12,12,944.16,6.122e-05,78.68,78.68,729,1436
paraguacu,MG,12,0.00012854,12,12,1826.29,0.00011842,152.190833,152.190833,729,876
sacramento,MG,12,0.00012854,13,13,2358.54,0.00015293,196.545,181.426154,729,722
sao francisco,MG,12,0.00012854,12,12,1431.7,9.283e-05,119.308333,119.308333,729,1072
tres marias,MG,12,0.00012854,13,13,1095.9,7.106e-05,91.325,84.3,729,1287
redencao,PA,12,0.00012854,12,12,1818.48,0.00011791,151.54,151.54,729,883
assis chateaubriand,PR,12,0.00012854,12,12,1426.3,9.248e-05,118.858333,118.858333,729,1076
ibipora,PR,12,0.00012854,12,12,1590.83,0.00010315,132.569167,132.569167,729,979
palmeira,PR,12,0.00012854,12,12,2328.24,0.00015096,194.02,194.02,729,727
aperibe,RJ,12,0.00012854,12,12,1835.91,0.00011904,152.9925,152.9925,729,870
carmo,RJ,12,0.00012854,12,12,1742.86,0.00011301,145.238333,145.238333,729,910
conceicao de macabu,RJ,12,0.00012854,12,12,1970.24,0.00012775,164.186667,164.186667,729,818
mangaratiba,RJ,12,0.00012854,12,12,1224.42,7.939e-05,102.035,102.035,729,1204
mendes,RJ,12,0.00012854,12,12,1509.99,9.791e-05,125.8325,125.8325,729,1025
paty do alferes,RJ,12,0.00012854,13,13,2597.71,0.00016844,216.475833,199.823846,729,670
sao jose do vale do rio preto,RJ,12,0.00012854,12,12,1527.66,9.905e-05,127.305,127.305,729,1013
ariquemes,RO,12,0.00012854,13,13,4969.64,0.00032223,414.136667,382.28,729,416
cacoal,RO,12,0.00012854,12,12,2414.8,0.00015658,201.233333,201.233333,729,707
camaqua,RS,12,0.00012854,12,12,1998.21,0.00012956,166.5175,166.5175,729,810
flores da cunha,RS,12,0.00012854,12,12,1732.57,0.00011234,144.380833,144.380833,729,916
parobe,RS,12,0.00012854,12,12,1985.07,0.00012871,165.4225,165.4225,729,813
rosario do sul,RS,12,0.00012854,14,14,1292.52,8.381e-05,107.71,92.322857,729,1155
santa vitoria do palmar,RS,12,0.00012854,12,12,2049.67,0.0001329,170.805833,170.805833,729,792
teutonia,RS,12,0.00012854,14,14,1826.22,0.00011841,152.185,130.444286,729,877
tres de maio,RS,12,0.00012854,12,12,2334.85,0.00015139,194.570833,194.570833,729,725
forquilhinha,SC,12,0.00012854,13,13,1468.18,9.52e-05,122.348333,112.936923,729,1051
brotas,SP,12,0.00012854,12,12,1269.88,8.234e-05,105.823333,105.823333,729,1164
cesario lange,SP,12,0.00012854,13,13,2209.06,0.00014324,184.088333,169.927692,729,758
chavantes,SP,12,0.00012854,12,12,1154.14,7.484e-05,96.178333,96.178333,729,1241
engenheiro coelho,SP,12,0.00012854,12,12,1186.47,7.693e-05,98.8725,98.8725,729,1220
jose bonifacio,SP,12,0.00012854,12,12,1666.93,0.00010808,138.910833,138.910833,729,941
lucelia,SP,12,0.00012854,12,12,1147.89,7.443e-05,95.6575,95.6575,729,1247
macatuba,SP,12,0.00012854,12,12,3452.45,0.00022386,287.704167,287.704167,729,528
mirandopolis,SP,12,0.00012854,13,13,1535.41,9.956e-05,127.950833,118.108462,729,1007
pilar do sul,SP,12,0.00012854,12,12,1225.32,7.945e-05,102.11,102.11,729,1203
pinhalzinho,SP,12,0.00012854,12,12,1537.96,9.972e-05,128.163333,128.163333,729,1004
pirajui,SP,12,0.00012854,12,12,1789.32,0.00011602,149.11,149.11,729,893
pontal,SP,12,0.00012854,12,12,1333.05,8.644e-05,111.0875,111.0875,729,1127
quata,SP,12,0.00012854,12,12,3417.29,0.00022158,284.774167,284.774167,729,534
salto de pirapora,SP,12,0.00012854,12,12,1153.56,7.48e-05,96.13,96.13,729,1242
sao lourenco da serra,SP,12,0.00012854,12,12,1357.03,8.799e-05,113.085833,113.085833,729,1109
sao miguel arcanjo,SP,12,0.00012854,13,13,1554.39,0.00010079,129.5325,119.568462,729,995
sao pedro,SP,12,0.00012854,12,12,3903.33,0.00025309,325.2775,325.2775,729,490
tabapua,SP,12,0.00012854,12,12,1535.21,9.954e-05,127.934167,127.934167,729,1008
teodoro sampaio,SP,12,0.00012854,12,12,1473.91,9.557e-05,122.825833,122.825833,729,1048
vargem grande do sul,SP,12,0.00012854,12,12,990.68,6.424e-05,82.556667,82.556667,729,1389
candeias,BA,11,0.00011783,12,12,1426.36,9.249e-05,129.669091,118.863333,787,1075
itamaraju,BA,11,0.00011783,11,11,1681.2,0.00010901,152.836364,152.836364,787,934
afonso claudio,ES,11,0.00011783,11,11,1767.92,0.00011463,160.72,160.72,787,903
pires do rio,GO,11,0.00011783,12,12,3930.03,0.00025483,357.275455,327.5025,787,486
bacabal,MA,11,0.00011783,11,11,3883.5,0.00025181,353.045455,353.045455,787,491
presidente dutra,MA,11,0.00011783,11,11,2546.36,0.00016511,231.487273,231.487273,787,681
timon,MA,11,0.00011783,11,11,1415.47,9.178e-05,128.679091,128.679091,787,1079
alvinopolis,MG,11,0.00011783,11,11,1020.96,6.62e-05,92.814545,92.814545,787,1351
andradas,MG,11,0.00011783,12,12,4595.97,0.000298,417.815455,382.9975,787,439
barroso,MG,11,0.00011783,11,11,1575.52,0.00010216,143.229091,143.229091,787,989
capinopolis,MG,11,0.00011783,11,11,1277.95,8.286e-05,116.177273,116.177273,787,1160
carandai,MG,11,0.00011783,11,11,1386.44,8.99e-05,126.04,126.04,787,1095
mantena,MG,11,0.00011783,11,11,1946.55,0.00012622,176.959091,176.959091,787,830
pompeu,MG,11,0.00011783,11,11,1321.67,8.57e-05,120.151818,120.151818,787,1134
raposos,MG,11,0.00011783,11,11,1297.31,8.412e-05,117.937273,117.937273,787,1152
raul soares,MG,11,0.00011783,12,12,1357.77,8.804e-05,123.433636,113.1475,787,1108
varzea da palma,MG,11,0.00011783,11,11,2440.97,0.00015827,221.906364,221.906364,787,703
costa rica,MS,11,0.00011783,12,12,1273.9,8.26e-05,115.809091,106.158333,787,1162
coxim,MS,11,0.00011783,11,11,1854.62,0.00012025,168.601818,168.601818,787,863
nova andradina,MS,11,0.00011783,11,11,2527.55,0.00016389,229.777273,229.777273,787,684
rio brilhante,MS,11,0.00011783,11,11,1195.16,7.749e-05,108.650909,108.650909,787,1213
abaetetuba,PA,11,0.00011783,11,11,4672.27,0.00030295,424.751818,424.751818,787,431
cajazeiras,PB,11,0.00011783,11,11,2410.67,0.00015631,219.151818,219.151818,787,709
araripina,PE,11,0.00011783,11,11,1538.05,9.973e-05,139.822727,139.822727,787,1003
belo jardim,PE,11,0.00011783,11,11,2013.15,0.00013053,183.013636,183.013636,787,807
igarassu,PE,11,0.00011783,11,11,2264.63,0.00014684,205.875455,205.875455,787,745
santa cruz do capibaribe,PE,11,0.00011783,11,11,2777.52,0.0001801,252.501818,252.501818,787,645
sao lourenco da mata,PE,11,0.00011783,11,11,1584.41,0.00010273,144.037273,144.037273,787,984
coronel vivida,PR,11,0.00011783,11,11,1058.59,6.864e-05,96.235455,96.235455,787,1326
goioere,PR,11,0.00011783,11,11,2191.01,0.00014207,199.182727,199.182727,787,760
santo antonio da platina,PR,11,0.00011783,12,12,1544.84,0.00010017,140.44,128.736667,787,1000
goitacazes,RJ,11,0.00011783,11,11,1388.24,9.001e-05,126.203636,126.203636,787,1093
italva,RJ,11,0.00011783,12,12,1480.61,9.6e-05,134.600909,123.384167,787,1044
quissama,RJ,11,0.00011783,11,11,1879.68,0.00012188,170.88,170.88,787,856
cangucu,RS,11,0.00011783,12,12,1545.69,0.00010022,140.517273,128.8075,787,997
encantado,RS,11,0.00011783,11,11,3196.45,0.00020726,290.586364,290.586364,787,563
sao sebastiao do cai,RS,11,0.00011783,12,12,2053.37,0.00013314,186.67,171.114167,787,791
taquari,RS,11,0.00011783,11,11,1870.86,0.00012131,170.078182,170.078182,787,859
tres passos,RS,11,0.00011783,11,11,1503.72,9.75e-05,136.701818,136.701818,787,1030
triunfo,RS,11,0.00011783,11,11,2180.86,0.00014141,198.26,198.26,787,763
araquari,SC,11,0.00011783,11,11,1285.36,8.334e-05,116.850909,116.850909,787,1157
faxinal dos guedes,SC,11,0.00011783,11,11,1948.77,0.00012636,177.160909,177.160909,787,827
itapiranga,SC,11,0.00011783,11,11,2921.89,0.00018946,265.626364,265.626364,787,614
santo amaro da imperatriz,SC,11,0.00011783,11,11,3245.7,0.00021045,295.063636,295.063636,787,558
treze tilias,SC,11,0.00011783,11,11,1159.36,7.517e-05,105.396364,105.396364,787,1238
lagarto,SE,11,0.00011783,11,11,2362.35,0.00015318,214.759091,214.759091,787,720
aracoiaba da serra,SP,11,0.00011783,11,11,1701.76,0.00011034,154.705455,154.705455,787,928
boa esperanca do sul,SP,11,0.00011783,11,11,1012.62,6.566e-05,92.056364,92.056364,787,1363
dois corregos,SP,11,0.00011783,11,11,1402.59,9.094e-05,127.508182,127.508182,787,1088
guararema,SP,11,0.00011783,11,11,1370.41,8.886e-05,124.582727,124.582727,787,1103
ibate,SP,11,0.00011783,12,12,1767.29,0.00011459,160.662727,147.274167,787,904
itaporanga,SP,11,0.00011783,12,12,2621.13,0.00016996,238.284545,218.4275,787,665
ouroeste,SP,11,0.00011783,11,11,1437.57,9.321e-05,130.688182,130.688182,787,1067
santa gertrudes,SP,11,0.00011783,11,11,1471.05,9.538e-05,133.731818,133.731818,787,1049
santa rosa de viterbo,SP,11,0.00011783,13,13,1975.27,0.00012808,179.57,151.943846,787,814
tanabi,SP,11,0.00011783,11,11,1666.88,0.00010808,151.534545,151.534545,787,942
tapiratiba,SP,11,0.00011783,12,12,2835.28,0.00018384,257.752727,236.273333,787,631
caetite,BA,10,0.00010711,10,10,2300.45,0.00014916,230.045,230.045,844,737
campo formoso,BA,10,0.00010711,10,10,4054.34,0.00026289,405.434,405.434,844,471
catu,BA,10,0.00010711,10,10,1763.24,0.00011433,176.324,176.324,844,905
mata de sao joao,BA,10,0.00010711,11,11,1344.18,8.716e-05,134.418,122.198182,844,1121
brejo santo,CE,10,0.00010711,10,10,1949.35,0.0001264,194.935,194.935,844,826
itapipoca,CE,10,0.00010711,10,10,1482.91,9.615e-05,148.291,148.291,844,1041
limoeiro do norte,CE,10,0.00010711,11,11,1492.55,9.678e-05,149.255,135.686364,844,1037
taua,CE,10,0.00010711,10,10,1251.37,8.114e-05,125.137,125.137,844,1182
goiatuba,GO,10,0.00010711,10,10,2648.12,0.00017171,264.812,264.812,844,660
minacu,GO,10,0.00010711,11,11,1787.83,0.00011592,178.783,162.53,844,895
piracanjuba,GO,10,0.00010711,10,10,2211.4,0.00014339,221.14,221.14,844,756
planaltina,GO,10,0.00010711,12,12,1080.95,7.009e-05,108.095,90.079167,844,1301
aimores,MG,10,0.00010711,10,10,1166.62,7.564e-05,116.662,116.662,844,1230
boa esperanca,MG,10,0.00010711,11,11,1769.0,0.0001147,176.9,160.818182,844,902
campina verde,MG,10,0.00010711,10,10,868.85,5.634e-05,86.885,86.885,844,1512
carmo do cajuru,MG,10,0.00010711,10,10,1932.42,0.0001253,193.242,193.242,844,835
corinto,MG,10,0.00010711,11,11,1545.63,0.00010022,154.563,140.511818,844,998
eloi mendes,MG,10,0.00010711,10,10,2077.95,0.00013474,207.795,207.795,844,787
prata,MG,10,0.00010711,10,10,1270.36,8.237e-05,127.036,127.036,844,1163
resplendor,MG,10,0.00010711,10,10,944.6,6.125e-05,94.46,94.46,844,1434
alta floresta,MT,10,0.00010711,12,12,4133.89,0.00026804,413.389,344.490833,844,465
campo verde,MT,10,0.00010711,10,10,1029.69,6.677e-05,102.969,102.969,844,1344
canarana,MT,10,0.00010711,11,11,1516.08,9.83e-05,151.608,137.825455,844,1020
nova xavantina,MT,10,0.00010711,10,10,3602.16,0.00023357,360.216,360.216,844,512
querencia,MT,10,0.00010711,10,10,2701.95,0.0001752,270.195,270.195,844,655
guarabira,PB,10,0.00010711,10,10,1642.86,0.00010652,164.286,164.286,844,953
bezerros,PE,10,0.00010711,10,10,1651.23,0.00010707,165.123,165.123,844,948
carpina,PE,10,0.00010711,10,10,2600.23,0.0001686,260.023,260.023,844,669
gravata,PE,10,0.00010711,10,10,2243.96,0.0001455,224.396,224.396,844,750
serra talhada,PE,10,0.00010711,10,10,2625.95,0.00017027,262.595,262.595,844,664
antonina,PR,10,0.00010711,10,10,2285.4,0.00014819,228.54,228.54,844,739
cafelandia,PR,10,0.00010711,11,11,1911.51,0.00012394,191.151,173.773636,844,844
paicandu,PR,10,0.00010711,10,10,1106.22,7.173e-05,110.622,110.622,844,1279
palotina,PR,10,0.00010711,10,10,1065.77,6.911e-05,106.577,106.577,844,1318
sao joao,PR,10,0.00010711,11,11,1064.79,6.904e-05,106.479,96.799091,844,1319
papucaia,RJ,10,0.00010711,10,10,1435.7,9.309e-05,143.57,143.57,844,1070
caico,RN,10,0.00010711,10,10,3215.31,0.00020848,321.531,321.531,844,561
dom pedrito,RS,10,0.00010711,10,10,1708.09,0.00011075,170.809,170.809,844,926
julio de castilhos,RS,10,0.00010711,10,10,983.04,6.374e-05,98.304,98.304,844,1395
mostardas,RS,10,0.00010711,11,11,1720.33,0.00011155,172.033,156.393636,844,920
portao,RS,10,0.00010711,10,10,959.46,6.221e-05,95.946,95.946,844,1417
capinzal,SC,10,0.00010711,10,10,1469.23,9.527e-05,146.923,146.923,844,1050
sao joao batista,SC,10,0.00010711,10,10,2080.58,0.00013491,208.058,208.058,844,783
urussanga,SC,10,0.00010711,10,10,1083.08,7.023e-05,108.308,108.308,844,1297
aguas da prata,SP,10,0.00010711,10,10,1257.57,8.154e-05,125.757,125.757,844,1175
auriflama,SP,10,0.00010711,10,10,2029.77,0.00013161,202.977,202.977,844,802
biritiba-mirim,SP,10,0.00010711,10,10,1579.77,0.00010243,157.977,157.977,844,988
buri,SP,10,0.00010711,10,10,1103.39,7.154e-05,110.339,110.339,844,1281
caconde,SP,10,0.00010711,10,10,1829.57,0.00011863,182.957,182.957,844,874
castilho,SP,10,0.00010711,10,10,3043.6,0.00019735,304.36,304.36,844,598
charqueada,SP,10,0.00010711,10,10,1290.88,8.37e-05,129.088,129.088,844,1156
embu,SP,10,0.00010711,11,11,1719.66,0.0001115,171.966,156.332727,844,921
fartura,SP,10,0.00010711,10,10,2106.41,0.00013658,210.641,210.641,844,780
itai,SP,10,0.00010711,10,10,1972.66,0.00012791,197.266,197.266,844,817
itajobi,SP,10,0.00010711,10,10,1915.73,0.00012422,191.573,191.573,844,841
palestina,SP,10,0.00010711,10,10,634.57,4.115e-05,63.457,63.457,844,1806
paraibuna,SP,10,0.00010711,11,11,1893.73,0.00012279,189.373,172.157273,844,848
paranapanema,SP,10,0.00010711,11,11,759.71,4.926e-05,75.971,69.064545,844,1634
pradopolis,SP,10,0.00010711,10,10,1081.31,7.011e-05,108.131,108.131,844,1300
regente feijo,SP,10,0.00010711,10,10,1088.31,7.057e-05,108.831,108.831,844,1293
rio das pedras,SP,10,0.00010711,10,10,1205.56,7.817e-05,120.556,120.556,844,1211
salesopolis,SP,10,0.00010711,10,10,1310.96,8.5e-05,131.096,131.096,844,1144
taguai,SP,10,0.00010711,10,10,873.56,5.664e-05,87.356,87.356,844,1511
urupes,SP,10,0.00010711,10,10,1313.27,8.515e-05,131.327,131.327,844,1141
paraiso do tocantins,TO,10,0.00010711,10,10,2238.86,0.00014517,223.886,223.886,844,752
santana,AP,9,9.64e-05,9,9,1543.94,0.00010011,171.548889,171.548889,909,1001
bom jesus da lapa,BA,9,9.64e-05,9,9,3153.69,0.00020449,350.41,350.41,909,571
conceicao do coite,BA,9,9.64e-05,9,9,1307.04,8.475e-05,145.226667,145.226667,909,1147
itaberaba,BA,9,9.64e-05,9,9,1169.15,7.581e-05,129.905556,129.905556,909,1227
santo amaro,BA,9,9.64e-05,10,10,2066.74,0.00013401,229.637778,206.674,909,788
crateus,CE,9,9.64e-05,9,9,2779.4,0.00018022,308.822222,308.822222,909,644
morada nova,CE,9,9.64e-05,9,9,1571.6,0.0001019,174.622222,174.622222,909,990
russas,CE,9,9.64e-05,9,9,4622.34,0.00029971,513.593333,513.593333,909,436
tiangua,CE,9,9.64e-05,9,9,2732.68,0.00017719,303.631111,303.631111,909,649
mimoso do sul,ES,9,9.64e-05,9,9,853.56,5.535e-05,94.84,94.84,909,1528
santa teresa,ES,9,9.64e-05,10,10,1313.65,8.518e-05,145.961111,131.365,909,1140
alto paraiso de goias,GO,9,9.64e-05,9,9,1963.35,0.0001273,218.15,218.15,909,822
santa helena de goias,GO,9,9.64e-05,9,9,1733.68,0.00011241,192.631111,192.631111,909,913
aracuai,MG,9,9.64e-05,9,9,1588.78,0.00010302,176.531111,176.531111,909,981
camanducaia,MG,9,9.64e-05,9,9,2381.76,0.00015443,264.64,264.64,909,715
guaranesia,MG,9,9.64e-05,9,9,972.83,6.308e-05,108.092222,108.092222,909,1404
igarape,MG,9,9.64e-05,9,9,2016.35,0.00013074,224.038889,224.038889,909,805
itamonte,MG,9,9.64e-05,10,10,1105.06,7.165e-05,122.784444,110.506,909,1280
jequitinhonha,MG,9,9.64e-05,11,11,1595.86,0.00010348,177.317778,145.078182,909,975
lagoa da prata,MG,9,9.64e-05,10,10,1884.08,0.00012216,209.342222,188.408,909,852
mar de espanha,MG,9,9.64e-05,9,9,1191.57,7.726e-05,132.396667,132.396667,909,1215
monte santo de minas,MG,9,9.64e-05,9,9,1018.0,6.601e-05,113.111111,113.111111,909,1354
nepomuceno,MG,9,9.64e-05,9,9,810.68,5.256e-05,90.075556,90.075556,909,1576
nova ponte,MG,9,9.64e-05,9,9,1638.54,0.00010624,182.06,182.06,909,956
paraopeba,MG,9,9.64e-05,9,9,1066.74,6.917e-05,118.526667,118.526667,909,1317
passa quatro,MG,9,9.64e-05,9,9,1906.52,0.00012362,211.835556,211.835556,909,846
rio paranaiba,MG,9,9.64e-05,9,9,881.48,5.716e-05,97.942222,97.942222,909,1498
sidrolandia,MS,9,9.64e-05,11,11,1842.53,0.00011947,204.725556,167.502727,909,868
pontes e lacerda,MT,9,9.64e-05,9,9,1972.9,0.00012792,219.211111,219.211111,909,816
braganca,PA,9,9.64e-05,9,9,1437.27,9.319e-05,159.696667,159.696667,909,1068
canaa dos carajas,PA,9,9.64e-05,9,9,1991.36,0.00012912,221.262222,221.262222,909,811
rondon do para,PA,9,9.64e-05,9,9,3484.38,0.00022593,387.153333,387.153333,909,522
xinguara,PA,9,9.64e-05,9,9,1608.51,0.0001043,178.723333,178.723333,909,968
abreu e lima,PE,9,9.64e-05,11,11,2871.92,0.00018622,319.102222,261.083636,909,621
escada,PE,9,9.64e-05,9,9,3412.5,0.00022127,379.166667,379.166667,909,535
goiana,PE,9,9.64e-05,9,9,853.96,5.537e-05,94.884444,94.884444,909,1527
pesqueira,PE,9,9.64e-05,9,9,1036.55,6.721e-05,115.172222,115.172222,909,1341
petrolandia,PE,9,9.64e-05,9,9,1875.72,0.00012162,208.413333,208.413333,909,857
andira,PR,9,9.64e-05,11,11,1688.59,0.00010949,187.621111,153.508182,909,932
arapoti,PR,9,9.64e-05,9,9,1280.91,8.305e-05,142.323333,142.323333,909,1158
cambara,PR,9,9.64e-05,9,9,1022.62,6.631e-05,113.624444,113.624444,909,1350
campina grande do sul,PR,9,9.64e-05,9,9,1276.75,8.279e-05,141.861111,141.861111,909,1161
faxinal,PR,9,9.64e-05,9,9,995.73,6.456e-05,110.636667,110.636667,909,1381
guaratuba,PR,9,9.64e-05,9,9,2017.31,0.0001308,224.145556,224.145556,909,803
ibaiti,PR,9,9.64e-05,11,11,1264.14,8.197e-05,140.46,114.921818,909,1170
santa helena,PR,9,9.64e-05,9,9,803.75,5.212e-05,89.305556,89.305556,909,1585
sao miguel do iguacu,PR,9,9.64e-05,9,9,1244.14,8.067e-05,138.237778,138.237778,909,1188
siqueira campos,PR,9,9.64e-05,9,9,1663.61,0.00010787,184.845556,184.845556,909,943
sumidouro,RJ,9,9.64e-05,10,10,1325.97,8.598e-05,147.33,132.597,909,1132
pau dos ferros,RN,9,9.64e-05,9,9,3176.81,0.00020599,352.978889,352.978889,909,566
garibaldi,RS,9,9.64e-05,9,9,1216.25,7.886e-05,135.138889,135.138889,909,1208
girua,RS,9,9.64e-05,10,10,1560.97,0.00010121,173.441111,156.097,909,992
itaqui,RS,9,9.64e-05,9,9,1522.33,9.871e-05,169.147778,169.147778,909,1016
rolante,RS,9,9.64e-05,9,9,1078.45,6.993e-05,119.827778,119.827778,909,1304
sao marcos,RS,9,9.64e-05,9,9,994.76,6.45e-05,110.528889,110.528889,909,1384
serafina correa,RS,9,9.64e-05,9,9,1042.38,6.759e-05,115.82,115.82,909,1334
tapejara,RS,9,9.64e-05,9,9,1364.49,8.847e-05,151.61,151.61,909,1105
herval d'oeste,SC,9,9.64e-05,9,9,1386.93,8.993e-05,154.103333,154.103333,909,1094
itapoa,SC,9,9.64e-05,9,9,1087.75,7.053e-05,120.861111,120.861111,909,1295
maravilha,SC,9,9.64e-05,9,9,686.6,4.452e-05,76.288889,76.288889,909,1738
pinhalzinho,SC,9,9.64e-05,9,9,1040.2,6.745e-05,115.577778,115.577778,909,1339
pomerode,SC,9,9.64e-05,12,12,2713.64,0.00017595,301.515556,226.136667,909,651
porto belo,SC,9,9.64e-05,9,9,1079.32,6.998e-05,119.924444,119.924444,909,1303
sao joaquim,SC,9,9.64e-05,9,9,1310.39,8.497e-05,145.598889,145.598889,909,1145
sao lourenco do oeste,SC,9,9.64e-05,9,9,997.13,6.465e-05,110.792222,110.792222,909,1380
schroeder,SC,9,9.64e-05,9,9,1356.76,8.797e-05,150.751111,150.751111,909,1110
sombrio,SC,9,9.64e-05,10,10,1437.12,9.318e-05,159.68,143.712,909,1069
xaxim,SC,9,9.64e-05,10,10,1928.25,0.00012503,214.25,192.825,909,838
estancia,SE,9,9.64e-05,9,9,3157.95,0.00020476,350.883333,350.883333,909,570
aguai,SP,9,9.64e-05,9,9,2370.8,0.00015372,263.422222,263.422222,909,718
brodowski,SP,9,9.64e-05,9,9,1123.4,7.284e-05,124.822222,124.822222,909,1269
buritama,SP,9,9.64e-05,9,9,1234.42,8.004e-05,137.157778,137.157778,909,1195
cajuru,SP,9,9.64e-05,9,9,793.9,5.148e-05,88.211111,88.211111,909,1597
duartina,SP,9,9.64e-05,10,10,1453.3,9.423e-05,161.477778,145.33,909,1061
juquia,SP,9,9.64e-05,9,9,880.09,5.707e-05,97.787778,97.787778,909,1500
lindoia,SP,9,9.64e-05,9,9,751.34,4.872e-05,83.482222,83.482222,909,1648
monte aprazivel,SP,9,9.64e-05,10,10,1186.5,7.693e-05,131.833333,118.65,909,1219
morro agudo,SP,9,9.64e-05,9,9,1967.96,0.0001276,218.662222,218.662222,909,820
piquete,SP,9,9.64e-05,9,9,945.86,6.133e-05,105.095556,105.095556,909,1433
primavera,SP,9,9.64e-05,9,9,1166.01,7.56e-05,129.556667,129.556667,909,1231
santa branca,SP,9,9.64e-05,9,9,953.35,6.182e-05,105.927778,105.927778,909,1421
santa cruz das palmeiras,SP,9,9.64e-05,9,9,736.51,4.776e-05,81.834444,81.834444,909,1665
sao simao,SP,9,9.64e-05,10,10,1439.29,9.332e-05,159.921111,143.929,909,1066
taruma,SP,9,9.64e-05,9,9,1189.95,7.716e-05,132.216667,132.216667,909,1216
vera cruz,SP,9,9.64e-05,9,9,1066.95,6.918e-05,118.55,118.55,909,1316
penedo,AL,8,8.569e-05,8,8,1592.67,0.00010327,199.08375,199.08375,994,978
cicero dantas,BA,8,8.569e-05,9,9,4097.2,0.00026566,512.15,455.244444,994,466
macaubas,BA,8,8.569e-05,8,8,1221.39,7.92e-05,152.67375,152.67375,994,1206
ribeira do pombal,BA,8,8.569e-05,8,8,782.36,5.073e-05,97.795,97.795,994,1611
tucano,BA,8,8.569e-05,8,8,969.58,6.287e-05,121.1975,121.1975,994,1410
camocim,CE,8,8.569e-05,8,8,2078.27,0.00013476,259.78375,259.78375,994,786
ico,CE,8,8.569e-05,8,8,2355.35,0.00015272,294.41875,294.41875,994,723
baixo guandu,ES,8,8.569e-05,8,8,1617.17,0.00010486,202.14625,202.14625,994,965
barra de sao francisco,ES,8,8.569e-05,9,9,797.29,5.17e-05,99.66125,88.587778,994,1594
domingos martins,ES,8,8.569e-05,9,9,1353.63,8.777e-05,169.20375,150.403333,994,1115
ecoporanga,ES,8,8.569e-05,8,8,1145.83,7.43e-05,143.22875,143.22875,994,1251
ibatiba,ES,8,8.569e-05,9,9,1724.6,0.00011182,215.575,191.622222,994,917
joao neiva,ES,8,8.569e-05,8,8,911.4,5.91e-05,113.925,113.925,994,1468
marilandia,ES,8,8.569e-05,8,8,1593.22,0.00010331,199.1525,199.1525,994,977
pinheiros,ES,8,8.569e-05,8,8,1182.51,7.667e-05,147.81375,147.81375,994,1223
anicuns,GO,8,8.569e-05,8,8,809.19,5.247e-05,101.14875,101.14875,994,1577
cacu,GO,8,8.569e-05,8,8,1163.53,7.544e-05,145.44125,145.44125,994,1233
cidade ocidental,GO,8,8.569e-05,8,8,876.57,5.684e-05,109.57125,109.57125,994,1508
cristalina,GO,8,8.569e-05,8,8,2275.49,0.00014754,284.43625,284.43625,994,742
goianira,GO,8,8.569e-05,8,8,1057.77,6.859e-05,132.22125,132.22125,994,1327
goias,GO,8,8.569e-05,8,8,1236.73,8.019e-05,154.59125,154.59125,994,1192
coroata,MA,8,8.569e-05,9,9,1328.47,8.614e-05,166.05875,147.607778,994,1131
arinos,MG,8,8.569e-05,8,8,959.82,6.224e-05,119.9775,119.9775,994,1416
astolfo dutra,MG,8,8.569e-05,11,11,1509.69,9.789e-05,188.71125,137.244545,994,1026
baependi,MG,8,8.569e-05,8,8,1587.39,0.00010293,198.42375,198.42375,994,983
bom jardim de minas,MG,8,8.569e-05,8,8,1068.38,6.927e-05,133.5475,133.5475,994,1313
botelhos,MG,8,8.569e-05,8,8,1456.47,9.444e-05,182.05875,182.05875,994,1060
brasilia de minas,MG,8,8.569e-05,9,9,922.92,5.984e-05,115.365,102.546667,994,1452
buritizeiro,MG,8,8.569e-05,8,8,2911.23,0.00018877,363.90375,363.90375,994,617
caetanopolis,MG,8,8.569e-05,8,8,805.62,5.224e-05,100.7025,100.7025,994,1581
candeias,MG,8,8.569e-05,9,9,975.85,6.327e-05,121.98125,108.427778,994,1401
carmo do rio claro,MG,8,8.569e-05,9,9,1969.53,0.00012771,246.19125,218.836667,994,819
dores de campos,MG,8,8.569e-05,8,8,1464.19,9.494e-05,183.02375,183.02375,994,1057
fervedouro,MG,8,8.569e-05,8,8,1128.61,7.318e-05,141.07625,141.07625,994,1263
ibia,MG,8,8.569e-05,8,8,1736.17,0.00011257,217.02125,217.02125,994,912
lambari,MG,8,8.569e-05,8,8,1692.91,0.00010977,211.61375,211.61375,994,930
mateus leme,MG,8,8.569e-05,8,8,654.1,4.241e-05,81.7625,81.7625,994,1775
mirai,MG,8,8.569e-05,8,8,1132.43,7.343e-05,141.55375,141.55375,994,1260
mutum,MG,8,8.569e-05,8,8,1589.87,0.00010309,198.73375,198.73375,994,980
muzambinho,MG,8,8.569e-05,9,9,840.63,5.451e-05,105.07875,93.403333,994,1548
perdizes,MG,8,8.569e-05,8,8,1382.5,8.964e-05,172.8125,172.8125,994,1097
perdoes,MG,8,8.569e-05,9,9,752.01,4.876e-05,94.00125,83.556667,994,1645
piranguinho,MG,8,8.569e-05,9,9,1689.85,0.00010957,211.23125,187.761111,994,931
poco fundo,MG,8,8.569e-05,8,8,1244.88,8.072e-05,155.61,155.61,994,1187
rio acima,MG,8,8.569e-05,8,8,709.23,4.599e-05,88.65375,88.65375,994,1697
santa juliana,MG,8,8.569e-05,8,8,1880.37,0.00012192,235.04625,235.04625,994,855
sao goncalo do sapucai,MG,8,8.569e-05,8,8,1342.34,8.704e-05,167.7925,167.7925,994,1123
sao joaquim de bicas,MG,8,8.569e-05,8,8,1965.51,0.00012744,245.68875,245.68875,994,821
sao jose da lapa,MG,8,8.569e-05,8,8,1237.52,8.024e-05,154.69,154.69,994,1191
turmalina,MG,8,8.569e-05,8,8,1314.34,8.522e-05,164.2925,164.2925,994,1139
bonito,MS,8,8.569e-05,8,8,1150.97,7.463e-05,143.87125,143.87125,994,1245
navirai,MS,8,8.569e-05,8,8,2313.24,0.00014999,289.155,289.155,994,732
aripuana,MT,8,8.569e-05,8,8,1348.38,8.743e-05,168.5475,168.5475,994,1117
colider,MT,8,8.569e-05,8,8,2943.95,0.00019089,367.99375,367.99375,994,612
sapezal,MT,8,8.569e-05,8,8,1139.52,7.389e-05,142.44,142.44,994,1255
sao felix do xingu,PA,8,8.569e-05,8,8,1774.08,0.00011503,221.76,221.76,994,899
afogados da ingazeira,PE,8,8.569e-05,8,8,1596.39,0.00010351,199.54875,199.54875,994,974
ouricuri,PE,8,8.569e-05,8,8,2730.73,0.00017706,341.34125,341.34125,994,650
palmares,PE,8,8.569e-05,8,8,1503.57,9.749e-05,187.94625,187.94625,994,1031
capanema,PR,8,8.569e-05,9,9,805.98,5.226e-05,100.7475,89.553333,994,1580
jandaia do sul,PR,8,8.569e-05,8,8,2156.75,0.00013984,269.59375,269.59375,994,767
mambore,PR,8,8.569e-05,8,8,928.47,6.02e-05,116.05875,116.05875,994,1449
mangueirinha,PR,8,8.569e-05,8,8,1733.05,0.00011237,216.63125,216.63125,994,914
nova esperanca,PR,8,8.569e-05,8,8,1760.46,0.00011415,220.0575,220.0575,994,906
nova londrina,PR,8,8.569e-05,9,9,946.56,6.138e-05,118.32,105.173333,994,1431
ortigueira,PR,8,8.569e-05,8,8,1139.45,7.388e-05,142.43125,142.43125,994,1256
pontal do parana,PR,8,8.569e-05,8,8,1235.05,8.008e-05,154.38125,154.38125,994,1193
porecatu,PR,8,8.569e-05,9,9,930.71,6.035e-05,116.33875,103.412222,994,1445
cambuci,RJ,8,8.569e-05,8,8,2279.92,0.00014783,284.99,284.99,994,741
trajano de moraes,RJ,8,8.569e-05,8,8,913.04,5.92e-05,114.13,114.13,994,1464
arroio do meio,RS,8,8.569e-05,9,9,1608.08,0.00010427,201.01,178.675556,994,969
arroio dos ratos,RS,8,8.569e-05,9,9,1226.52,7.953e-05,153.315,136.28,994,1202
encruzilhada do sul,RS,8,8.569e-05,8,8,1142.59,7.409e-05,142.82375,142.82375,994,1252
getulio vargas,RS,8,8.569e-05,8,8,919.94,5.965e-05,114.9925,114.9925,994,1458
jaguarao,RS,8,8.569e-05,8,8,1242.01,8.053e-05,155.25125,155.25125,994,1189
nova petropolis,RS,8,8.569e-05,8,8,600.06,3.891e-05,75.0075,75.0075,994,1850
balneario picarras,SC,8,8.569e-05,8,8,1619.82,0.00010503,202.4775,202.4775,994,963
correia pinto,SC,8,8.569e-05,11,11,1680.18,0.00010894,210.0225,152.743636,994,935
itaiopolis,SC,8,8.569e-05,8,8,1555.42,0.00010085,194.4275,194.4275,994,994
lauro muller,SC,8,8.569e-05,8,8,1597.19,0.00010356,199.64875,199.64875,994,972
orleans,SC,8,8.569e-05,8,8,1617.67,0.00010489,202.20875,202.20875,994,964
papanduva,SC,8,8.569e-05,8,8,876.65,5.684e-05,109.58125,109.58125,994,1506
alvares machado,SP,8,8.569e-05,8,8,4227.42,0.00027411,528.4275,528.4275,994,459
angatuba,SP,8,8.569e-05,8,8,983.03,6.374e-05,122.87875,122.87875,994,1396
borborema,SP,8,8.569e-05,8,8,936.8,6.074e-05,117.1,117.1,994,1442
cajobi,SP,8,8.569e-05,8,8,1162.89,7.54e-05,145.36125,145.36125,994,1234
cananeia,SP,8,8.569e-05,8,8,838.89,5.439e-05,104.86125,104.86125,994,1550
colina,SP,8,8.569e-05,9,9,762.25,4.942e-05,95.28125,84.694444,994,1627
dourado,SP,8,8.569e-05,8,8,1098.35,7.122e-05,137.29375,137.29375,994,1286
guaicara,SP,8,8.569e-05,8,8,917.56,5.95e-05,114.695,114.695,994,1461
icem,SP,8,8.569e-05,9,9,1043.64,6.767e-05,130.455,115.96,994,1333
jacare,SP,8,8.569e-05,8,8,952.58,6.177e-05,119.0725,119.0725,994,1423
maracai,SP,8,8.569e-05,8,8,1345.6,8.725e-05,168.2,168.2,994,1120
martinopolis,SP,8,8.569e-05,8,8,4084.11,0.00026482,510.51375,510.51375,994,467
nova europa,SP,8,8.569e-05,8,8,760.89,4.934e-05,95.11125,95.11125,994,1633
pedro de toledo,SP,8,8.569e-05,8,8,893.26,5.792e-05,111.6575,111.6575,994,1487
piratininga,SP,8,8.569e-05,8,8,1716.05,0.00011127,214.50625,214.50625,994,923
potirendaba,SP,8,8.569e-05,8,8,842.84,5.465e-05,105.355,105.355,994,1544
valparaiso,SP,8,8.569e-05,8,8,658.49,4.27e-05,82.31125,82.31125,994,1766
porto nacional,TO,8,8.569e-05,8,8,1911.38,0.00012393,238.9225,238.9225,994,845
palmeira dos indios,AL,7,7.498e-05,7,7,1081.95,7.015e-05,154.564286,154.564286,1094,1299
teotonio vilela,AL,7,7.498e-05,7,7,2331.9,0.0001512,333.128571,333.128571,1094,726
arraial d'ajuda,BA,7,7.498e-05,7,7,739.08,4.792e-05,105.582857,105.582857,1094,1660
camamu,BA,7,7.498e-05,8,8,1782.6,0.00011558,254.657143,222.825,1094,896
ibotirama,BA,7,7.498e-05,7,7,3233.2,0.00020964,461.885714,461.885714,1094,560
inhambupe,BA,7,7.498e-05,7,7,1346.98,8.734e-05,192.425714,192.425714,1094,1118
ipiau,BA,7,7.498e-05,7,7,883.79,5.731e-05,126.255714,126.255714,1094,1494
itacare,BA,7,7.498e-05,7,7,970.2,6.291e-05,138.6,138.6,1094,1408
madre de deus,BA,7,7.498e-05,7,7,826.74,5.361e-05,118.105714,118.105714,1094,1564
morro do chapeu,BA,7,7.498e-05,7,7,737.84,4.784e-05,105.405714,105.405714,1094,1663
mucuri,BA,7,7.498e-05,7,7,2385.99,0.00015471,340.855714,340.855714,1094,713
nucleo residencial pilar,BA,7,7.498e-05,8,8,2417.94,0.00015678,345.42,302.2425,1094,706
potiragua,BA,7,7.498e-05,7,7,644.7,4.18e-05,92.1,92.1,1094,1789
ruy barbosa,BA,7,7.498e-05,7,7,921.15,5.973e-05,131.592857,131.592857,1094,1455
vera cruz,BA,7,7.498e-05,7,7,1394.82,9.044e-05,199.26,199.26,1094,1091
acopiara,CE,7,7.498e-05,7,7,901.67,5.846e-05,128.81,128.81,1094,1480
cruz,CE,7,7.498e-05,7,7,1772.56,0.00011493,253.222857,253.222857,1094,900
nova russas,CE,7,7.498e-05,7,7,1842.03,0.00011944,263.147143,263.147143,1094,869
itaguacu,ES,7,7.498e-05,7,7,1972.99,0.00012793,281.855714,281.855714,1094,815
montanha,ES,7,7.498e-05,10,10,1862.77,0.00012078,266.11,186.277,1094,861
sao domingos do norte,ES,7,7.498e-05,7,7,1028.5,6.669e-05,146.928571,146.928571,1094,1346
vila valerio,ES,7,7.498e-05,8,8,1632.29,0.00010584,233.184286,204.03625,1094,959
acreuna,GO,7,7.498e-05,7,7,1306.45,8.471e-05,186.635714,186.635714,1094,1148
bela vista de goias,GO,7,7.498e-05,7,7,753.35,4.885e-05,107.621429,107.621429,1094,1641
bom jesus,GO,7,7.498e-05,8,8,1112.53,7.214e-05,158.932857,139.06625,1094,1276
campinorte,GO,7,7.498e-05,7,7,1400.61,9.082e-05,200.087143,200.087143,1094,1089
campos belos,GO,7,7.498e-05,7,7,927.53,6.014e-05,132.504286,132.504286,1094,1450
ceres,GO,7,7.498e-05,7,7,2116.38,0.00013723,302.34,302.34,1094,776
chapadao do ceu,GO,7,7.498e-05,8,8,1343.25,8.71e-05,191.892857,167.90625,1094,1122
crixas,GO,7,7.498e-05,8,8,1129.44,7.323e-05,161.348571,141.18,1094,1262
jaragua,GO,7,7.498e-05,7,7,755.07,4.896e-05,107.867143,107.867143,1094,1639
neropolis,GO,7,7.498e-05,7,7,1464.02,9.493e-05,209.145714,209.145714,1094,1058
rubiataba,GO,7,7.498e-05,7,7,1210.69,7.85e-05,172.955714,172.955714,1094,1209
santa rita do araguaia,GO,7,7.498e-05,7,7,972.03,6.303e-05,138.861429,138.861429,1094,1406
sao luis de montes belos,GO,7,7.498e-05,7,7,1412.96,9.162e-05,201.851429,201.851429,1094,1081
silvania,GO,7,7.498e-05,7,7,1373.15,8.904e-05,196.164286,196.164286,1094,1100
acailandia,MA,7,7.498e-05,7,7,1233.48,7.998e-05,176.211429,176.211429,1094,1196
barra do corda,MA,7,7.498e-05,7,7,1354.34,8.782e-05,193.477143,193.477143,1094,1113
codo,MA,7,7.498e-05,7,7,2943.12,0.00019083,420.445714,420.445714,1094,613
paco do lumiar,MA,7,7.498e-05,7,7,1005.93,6.522e-05,143.704286,143.704286,1094,1370
sao joao dos patos,MA,7,7.498e-05,7,7,1615.47,0.00010475,230.781429,230.781429,1094,966
arceburgo,MG,7,7.498e-05,7,7,1160.83,7.527e-05,165.832857,165.832857,1094,1236
campanha,MG,7,7.498e-05,7,7,786.26,5.098e-05,112.322857,112.322857,1094,1607
cristina,MG,7,7.498e-05,7,7,1168.74,7.578e-05,166.962857,166.962857,1094,1228
ervalia,MG,7,7.498e-05,7,7,1230.45,7.978e-05,175.778571,175.778571,1094,1198
inhapim,MG,7,7.498e-05,7,7,565.35,3.666e-05,80.764286,80.764286,1094,1908
ipaba,MG,7,7.498e-05,7,7,1488.46,9.651e-05,212.637143,212.637143,1094,1038
ipanema,MG,7,7.498e-05,7,7,3916.27,0.00025393,559.467143,559.467143,1094,488
itamarandiba,MG,7,7.498e-05,8,8,2036.27,0.00013203,290.895714,254.53375,1094,799
lagoa formosa,MG,7,7.498e-05,7,7,921.92,5.978e-05,131.702857,131.702857,1094,1453
malacacheta,MG,7,7.498e-05,7,7,1702.21,0.00011037,243.172857,243.172857,1094,927
pirapetinga,MG,7,7.498e-05,7,7,640.39,4.152e-05,91.484286,91.484286,1094,1797
santo antonio do jacinto,MG,7,7.498e-05,7,7,573.48,3.718e-05,81.925714,81.925714,1094,1892
simonesia,MG,7,7.498e-05,8,8,1549.87,0.00010049,221.41,193.73375,1094,996
aparecida do taboado,MS,7,7.498e-05,7,7,2768.61,0.00017952,395.515714,395.515714,1094,646
sao gabriel do oeste,MS,7,7.498e-05,7,7,695.94,4.513e-05,99.42,99.42,1094,1721
confresa,MT,7,7.498e-05,7,7,1371.62,8.894e-05,195.945714,195.945714,1094,1102
conceicao do araguaia,PA,7,7.498e-05,7,7,1494.6,9.691e-05,213.514286,213.514286,1094,1036
bayeux,PB,7,7.498e-05,7,7,1139.41,7.388e-05,162.772857,162.772857,1094,1257
sousa,PB,7,7.498e-05,7,7,1356.43,8.795e-05,193.775714,193.775714,1094,1111
bom conselho,PE,7,7.498e-05,7,7,1848.32,0.00011985,264.045714,264.045714,1094,866
catende,PE,7,7.498e-05,7,7,1941.68,0.0001259,277.382857,277.382857,1094,833
limoeiro,PE,7,7.498e-05,7,7,701.21,4.547e-05,100.172857,100.172857,1094,1712
timbauba,PE,7,7.498e-05,7,7,804.45,5.216e-05,114.921429,114.921429,1094,1583
campo maior,PI,7,7.498e-05,7,7,1329.7,8.622e-05,189.957143,189.957143,1094,1129
cocal,PI,7,7.498e-05,7,7,1151.91,7.469e-05,164.558571,164.558571,1094,1243
piripiri,PI,7,7.498e-05,7,7,828.56,5.372e-05,118.365714,118.365714,1094,1562
sao raimundo nonato,PI,7,7.498e-05,7,7,2987.04,0.00019368,426.72,426.72,1094,604
ceu azul,PR,7,7.498e-05,7,7,525.29,3.406e-05,75.041429,75.041429,1094,1972
cruzeiro do oeste,PR,7,7.498e-05,7,7,982.5,6.371e-05,140.357143,140.357143,1094,1397
guaira,PR,7,7.498e-05,7,7,979.8,6.353e-05,139.971429,139.971429,1094,1399
imbituva,PR,7,7.498e-05,8,8,913.66,5.924e-05,130.522857,114.2075,1094,1463
ivaipora,PR,7,7.498e-05,7,7,640.86,4.155e-05,91.551429,91.551429,1094,1796
marmeleiro,PR,7,7.498e-05,7,7,862.98,5.596e-05,123.282857,123.282857,1094,1519
missal,PR,7,7.498e-05,7,7,2838.99,0.00018408,405.57,405.57,1094,628
pinhao,PR,7,7.498e-05,8,8,1101.52,7.142e-05,157.36,137.69,1094,1284
prudentopolis,PR,7,7.498e-05,7,7,1085.17,7.036e-05,155.024286,155.024286,1094,1296
quedas do iguacu,PR,7,7.498e-05,8,8,1030.44,6.681e-05,147.205714,128.805,1094,1343
terra rica,PR,7,7.498e-05,7,7,769.63,4.99e-05,109.947143,109.947143,1094,1620
ubirata,PR,7,7.498e-05,7,7,751.43,4.872e-05,107.347143,107.347143,1094,1647
areal,RJ,7,7.498e-05,7,7,1364.63,8.848e-05,194.947143,194.947143,1094,1104
comendador levy gasparian,RJ,7,7.498e-05,7,7,746.56,4.841e-05,106.651429,106.651429,1094,1653
porciuncula,RJ,7,7.498e-05,8,8,1112.13,7.211e-05,158.875714,139.01625,1094,1277
santa maria madalena,RJ,7,7.498e-05,7,7,1247.45,8.089e-05,178.207143,178.207143,1094,1184
vila muriqui,RJ,7,7.498e-05,7,7,856.45,5.553e-05,122.35,122.35,1094,1524
alto do rodrigues,RN,7,7.498e-05,8,8,3346.7,0.000217,478.1,418.3375,1094,547
currais novos,RN,7,7.498e-05,7,7,1720.34,0.00011155,245.762857,245.762857,1094,919
sao goncalo do amarante,RN,7,7.498e-05,7,7,1184.28,7.679e-05,169.182857,169.182857,1094,1222
pimenta bueno,RO,7,7.498e-05,7,7,1622.27,0.00010519,231.752857,231.752857,1094,962
rolim de moura,RO,7,7.498e-05,7,7,748.15,4.851e-05,106.878571,106.878571,1094,1651
casca,RS,7,7.498e-05,7,7,1628.94,0.00010562,232.705714,232.705714,1094,960
cerro largo,RS,7,7.498e-05,7,7,907.81,5.886e-05,129.687143,129.687143,1094,1475
horizontina,RS,7,7.498e-05,7,7,735.55,4.769e-05,105.078571,105.078571,1094,1667
santo augusto,RS,7,7.498e-05,8,8,1319.28,8.554e-05,188.468571,164.91,1094,1136
santo cristo,RS,7,7.498e-05,7,7,766.18,4.968e-05,109.454286,109.454286,1094,1625
sao jeronimo,RS,7,7.498e-05,7,7,729.34,4.729e-05,104.191429,104.191429,1094,1678
sao jose do norte,RS,7,7.498e-05,7,7,710.32,4.606e-05,101.474286,101.474286,1094,1694
xangri-la,RS,7,7.498e-05,8,8,1192.87,7.735e-05,170.41,149.10875,1094,1214
campo ere,SC,7,7.498e-05,7,7,706.07,4.578e-05,100.867143,100.867143,1094,1704
passo de torres,SC,7,7.498e-05,7,7,731.26,4.742e-05,104.465714,104.465714,1094,1674
rodeio,SC,7,7.498e-05,7,7,985.95,6.393e-05,140.85,140.85,1094,1392
simao dias,SE,7,7.498e-05,7,7,1082.91,7.022e-05,154.701429,154.701429,1094,1298
aracariguama,SP,7,7.498e-05,8,8,751.61,4.873e-05,107.372857,93.95125,1094,1646
avanhandava,SP,7,7.498e-05,7,7,905.33,5.87e-05,129.332857,129.332857,1094,1477
cafelandia,SP,7,7.498e-05,8,8,846.2,5.487e-05,120.885714,105.775,1094,1533
conchas,SP,7,7.498e-05,8,8,1229.22,7.97e-05,175.602857,153.6525,1094,1199
divinolandia,SP,7,7.498e-05,7,7,1482.9,9.615e-05,211.842857,211.842857,1094,1042
guara,SP,7,7.498e-05,7,7,1064.04,6.899e-05,152.005714,152.005714,1094,1320
igarapava,SP,7,7.498e-05,7,7,897.02,5.816e-05,128.145714,128.145714,1094,1485
ipaussu,SP,7,7.498e-05,7,7,1409.26,9.138e-05,201.322857,201.322857,1094,1083
itabera,SP,7,7.498e-05,7,7,1522.98,9.875e-05,217.568571,217.568571,1094,1015
itapui,SP,7,7.498e-05,7,7,1430.89,9.278e-05,204.412857,204.412857,1094,1073
luis antonio,SP,7,7.498e-05,7,7,1131.43,7.336e-05,161.632857,161.632857,1094,1261
morungaba,SP,7,7.498e-05,7,7,708.32,4.593e-05,101.188571,101.188571,1094,1699
nhandeara,SP,7,7.498e-05,7,7,698.47,4.529e-05,99.781429,99.781429,1094,1718
pirangi,SP,7,7.498e-05,7,7,1189.13,7.71e-05,169.875714,169.875714,1094,1217
ribeirao bonito,SP,7,7.498e-05,7,7,846.12,5.486e-05,120.874286,120.874286,1094,1535
santa albertina,SP,7,7.498e-05,7,7,830.42,5.384e-05,118.631429,118.631429,1094,1558
sao bento do sapucai,SP,7,7.498e-05,7,7,788.06,5.11e-05,112.58,112.58,1094,1602
dianopolis,TO,7,7.498e-05,7,7,1165.41,7.557e-05,166.487143,166.487143,1094,1232
tocantinopolis,TO,7,7.498e-05,7,7,947.28,6.142e-05,135.325714,135.325714,1094,1429
rio largo,AL,6,6.427e-05,6,6,693.04,4.494e-05,115.506667,115.506667,1215,1726
barra da estiva,BA,6,6.427e-05,7,7,1072.68,6.955e-05,178.78,153.24,1215,1308
camacan,BA,6,6.427e-05,6,6,1269.4,8.231e-05,211.566667,211.566667,1215,1166
canavieiras,BA,6,6.427e-05,6,6,1017.29,6.596e-05,169.548333,169.548333,1215,1355
coribe,BA,6,6.427e-05,8,8,816.78,5.296e-05,136.13,102.0975,1215,1572
entre rios,BA,6,6.427e-05,6,6,1241.52,8.05e-05,206.92,206.92,1215,1190
ipira,BA,6,6.427e-05,6,6,3423.98,0.00022201,570.663333,570.663333,1215,532
jeremoabo,BA,6,6.427e-05,6,6,1126.37,7.303e-05,187.728333,187.728333,1215,1267
medeiros neto,BA,6,6.427e-05,7,7,797.29,5.17e-05,132.881667,113.898571,1215,1594
seabra,BA,6,6.427e-05,6,6,1148.26,7.445e-05,191.376667,191.376667,1215,1246
trancoso,BA,6,6.427e-05,6,6,995.19,6.453e-05,165.865,165.865,1215,1383
ubaira,BA,6,6.427e-05,6,6,884.91,5.738e-05,147.485,147.485,1215,1493
valente,BA,6,6.427e-05,9,9,3614.1,0.00023434,602.35,401.566667,1215,511
acarau,CE,6,6.427e-05,8,8,1639.94,0.00010633,273.323333,204.9925,1215,955
barbalha,CE,6,6.427e-05,6,6,1515.41,9.826e-05,252.568333,252.568333,1215,1021
caninde,CE,6,6.427e-05,6,6,814.2,5.279e-05,135.7,135.7,1215,1574
hidrolandia,CE,6,6.427e-05,7,7,1251.75,8.116e-05,208.625,178.821429,1215,1181
itapaje,CE,6,6.427e-05,6,6,3425.08,0.00022208,570.846667,570.846667,1215,531
pacajus,CE,6,6.427e-05,6,6,1520.0,9.856e-05,253.333333,253.333333,1215,1018
quixeramobim,CE,6,6.427e-05,6,6,1119.97,7.262e-05,186.661667,186.661667,1215,1272
alfredo chaves,ES,6,6.427e-05,7,7,1052.61,6.825e-05,175.435,150.372857,1215,1329
apiaca,ES,6,6.427e-05,6,6,534.42,3.465e-05,89.07,89.07,1215,1958
boa esperanca,ES,6,6.427e-05,7,7,1312.95,8.513e-05,218.825,187.564286,1215,1142
rio novo do sul,ES,6,6.427e-05,6,6,653.44,4.237e-05,108.906667,108.906667,1215,1778
sao jose do calcado,ES,6,6.427e-05,6,6,1127.26,7.309e-05,187.876667,187.876667,1215,1265
cachoeira alta,GO,6,6.427e-05,6,6,605.48,3.926e-05,100.913333,100.913333,1215,1841
guapo,GO,6,6.427e-05,6,6,868.7,5.633e-05,144.783333,144.783333,1215,1513
itaberai,GO,6,6.427e-05,6,6,1151.08,7.464e-05,191.846667,191.846667,1215,1244
itapuranga,GO,6,6.427e-05,6,6,959.31,6.22e-05,159.885,159.885,1215,1418
mozarlandia,GO,6,6.427e-05,7,7,1008.04,6.536e-05,168.006667,144.005714,1215,1369
orizona,GO,6,6.427e-05,6,6,657.08,4.261e-05,109.513333,109.513333,1215,1770
alpinopolis,MG,6,6.427e-05,7,7,969.45,6.286e-05,161.575,138.492857,1215,1411
areado,MG,6,6.427e-05,6,6,1360.55,8.822e-05,226.758333,226.758333,1215,1106
bicas,MG,6,6.427e-05,7,7,868.55,5.632e-05,144.758333,124.078571,1215,1514
borda da mata,MG,6,6.427e-05,6,6,1062.25,6.888e-05,177.041667,177.041667,1215,1323
brazopolis,MG,6,6.427e-05,6,6,1015.5,6.585e-05,169.25,169.25,1215,1356
cachoeira de minas,MG,6,6.427e-05,6,6,557.91,3.618e-05,92.985,92.985,1215,1917
carai,MG,6,6.427e-05,6,6,626.69,4.063e-05,104.448333,104.448333,1215,1815
carmo da mata,MG,6,6.427e-05,6,6,578.61,3.752e-05,96.435,96.435,1215,1880
cassia,MG,6,6.427e-05,6,6,364.41,2.363e-05,60.735,60.735,1215,2414
dores do indaia,MG,6,6.427e-05,7,7,928.86,6.023e-05,154.81,132.694286,1215,1448
entre rios de minas,MG,6,6.427e-05,7,7,1709.62,0.00011085,284.936667,244.231429,1215,925
espinosa,MG,6,6.427e-05,6,6,2947.44,0.00019111,491.24,491.24,1215,611
fronteira,MG,6,6.427e-05,6,6,1079.53,7e-05,179.921667,179.921667,1215,1302
guarani,MG,6,6.427e-05,7,7,2634.31,0.00017081,439.051667,376.33,1215,662
itambacuri,MG,6,6.427e-05,7,7,843.47,5.469e-05,140.578333,120.495714,1215,1543
itaobim,MG,6,6.427e-05,6,6,1026.56,6.656e-05,171.093333,171.093333,1215,1347
mata verde,MG,6,6.427e-05,6,6,1667.51,0.00010812,277.918333,277.918333,1215,940
medina,MG,6,6.427e-05,6,6,694.4,4.503e-05,115.733333,115.733333,1215,1725
novo cruzeiro,MG,6,6.427e-05,9,9,968.87,6.282e-05,161.478333,107.652222,1215,1412
piedade de caratinga,MG,6,6.427e-05,6,6,748.14,4.851e-05,124.69,124.69,1215,1652
rio pomba,MG,6,6.427e-05,6,6,1464.86,9.498e-05,244.143333,244.143333,1215,1055
santa rita de caldas,MG,6,6.427e-05,6,6,882.22,5.72e-05,147.036667,147.036667,1215,1495
sao goncalo do rio abaixo,MG,6,6.427e-05,6,6,1013.43,6.571e-05,168.905,168.905,1215,1358
sao joao evangelista,MG,6,6.427e-05,6,6,1174.9,7.618e-05,195.816667,195.816667,1215,1225
sao jose da barra,MG,6,6.427e-05,6,6,1158.11,7.509e-05,193.018333,193.018333,1215,1239
teixeiras,MG,6,6.427e-05,6,6,607.65,3.94e-05,101.275,101.275,1215,1840
tocantins,MG,6,6.427e-05,6,6,778.49,5.048e-05,129.748333,129.748333,1215,1614
virginopolis,MG,6,6.427e-05,7,7,737.12,4.78e-05,122.853333,105.302857,1215,1664
camapua,MS,6,6.427e-05,6,6,734.34,4.761e-05,122.39,122.39,1215,1669
campos de julio,MT,6,6.427e-05,6,6,1110.35,7.2e-05,185.058333,185.058333,1215,1278
comodoro,MT,6,6.427e-05,7,7,2504.28,0.00016238,417.38,357.754286,1215,687
barcarena,PA,6,6.427e-05,6,6,1323.67,8.583e-05,220.611667,220.611667,1215,1133
jacunda,PA,6,6.427e-05,6,6,1844.82,0.00011962,307.47,307.47,1215,867
pacaja,PA,6,6.427e-05,6,6,2860.96,0.00018551,476.826667,476.826667,1215,625
santa isabel do para,PA,6,6.427e-05,6,6,919.57,5.963e-05,153.261667,153.261667,1215,1459
uruara,PA,6,6.427e-05,6,6,1199.13,7.775e-05,199.855,199.855,1215,1212
cabedelo,PB,6,6.427e-05,6,6,1329.5,8.621e-05,221.583333,221.583333,1215,1130
catole do rocha,PB,6,6.427e-05,6,6,4066.69,0.00026369,677.781667,677.781667,1215,468
esperanca,PB,6,6.427e-05,6,6,2108.09,0.00013669,351.348333,351.348333,1215,778
mamanguape,PB,6,6.427e-05,6,6,1406.47,9.12e-05,234.411667,234.411667,1215,1086
aguas belas,PE,6,6.427e-05,6,6,1041.4,6.752e-05,173.566667,173.566667,1215,1337
cabrobo,PE,6,6.427e-05,6,6,1146.91,7.437e-05,191.151667,191.151667,1215,1249
lajedo,PE,6,6.427e-05,6,6,1137.2,7.374e-05,189.533333,189.533333,1215,1259
oeiras,PI,6,6.427e-05,6,6,803.91,5.213e-05,133.985,133.985,1215,1584
regeneracao,PI,6,6.427e-05,6,6,1041.64,6.754e-05,173.606667,173.606667,1215,1336
ampere,PR,6,6.427e-05,8,8,1788.04,0.00011594,298.006667,223.505,1215,894
astorga,PR,6,6.427e-05,7,7,556.28,3.607e-05,92.713333,79.468571,1215,1922
carlopolis,PR,6,6.427e-05,6,6,901.18,5.843e-05,150.196667,150.196667,1215,1481
colorado,PR,6,6.427e-05,6,6,1145.85,7.43e-05,190.975,190.975,1215,1250
itaipulandia,PR,6,6.427e-05,6,6,294.6,1.91e-05,49.1,49.1,1215,2665
itapejara d'oeste,PR,6,6.427e-05,6,6,1255.92,8.143e-05,209.32,209.32,1215,1176
mallet,PR,6,6.427e-05,6,6,907.63,5.885e-05,151.271667,151.271667,1215,1476
nova prata do iguacu,PR,6,6.427e-05,6,6,1185.19,7.685e-05,197.531667,197.531667,1215,1221
pinhalao,PR,6,6.427e-05,7,7,2032.35,0.00013178,338.725,290.335714,1215,801
pirai do sul,PR,6,6.427e-05,6,6,740.98,4.805e-05,123.496667,123.496667,1215,1659
primeiro de maio,PR,6,6.427e-05,7,7,1407.61,9.127e-05,234.601667,201.087143,1215,1085
realeza,PR,6,6.427e-05,6,6,1412.76,9.16e-05,235.46,235.46,1215,1082
reboucas,PR,6,6.427e-05,6,6,493.38,3.199e-05,82.23,82.23,1215,2048
rio branco do sul,PR,6,6.427e-05,6,6,526.72,3.415e-05,87.786667,87.786667,1215,1967
california da barra,RJ,6,6.427e-05,6,6,1014.5,6.578e-05,169.083333,169.083333,1215,1357
cardoso moreira,RJ,6,6.427e-05,6,6,616.88,4e-05,102.813333,102.813333,1215,1825
engenheiro paulo de frontin,RJ,6,6.427e-05,6,6,590.89,3.831e-05,98.481667,98.481667,1215,1862
porto real,RJ,6,6.427e-05,7,7,1645.92,0.00010672,274.32,235.131429,1215,950
rio das flores,RJ,6,6.427e-05,6,6,665.69,4.316e-05,110.948333,110.948333,1215,1756
santo amaro de campos,RJ,6,6.427e-05,6,6,1777.56,0.00011526,296.26,296.26,1215,898
tangua,RJ,6,6.427e-05,6,6,636.04,4.124e-05,106.006667,106.006667,1215,1804
espigao do oeste,RO,6,6.427e-05,6,6,951.17,6.167e-05,158.528333,158.528333,1215,1425
jaru,RO,6,6.427e-05,6,6,910.26,5.902e-05,151.71,151.71,1215,1470
balneario pinhal,RS,6,6.427e-05,7,7,1043.94,6.769e-05,173.99,149.134286,1215,1332
bom principio,RS,6,6.427e-05,6,6,1140.75,7.397e-05,190.125,190.125,1215,1254
butia,RS,6,6.427e-05,6,6,1312.61,8.511e-05,218.768333,218.768333,1215,1143
campinas do sul,RS,6,6.427e-05,6,6,1531.24,9.929e-05,255.206667,255.206667,1215,1011
espumoso,RS,6,6.427e-05,6,6,1405.29,9.112e-05,234.215,234.215,1215,1087
nao-me-toque,RS,6,6.427e-05,7,7,1062.1,6.887e-05,177.016667,151.728571,1215,1324
ronda alta,RS,6,6.427e-05,6,6,1914.31,0.00012412,319.051667,319.051667,1215,842
sananduva,RS,6,6.427e-05,6,6,585.57,3.797e-05,97.595,97.595,1215,1870
sao sepe,RS,6,6.427e-05,6,6,695.71,4.511e-05,115.951667,115.951667,1215,1722
tapes,RS,6,6.427e-05,6,6,934.26,6.058e-05,155.71,155.71,1215,1444
tres cachoeiras,RS,6,6.427e-05,7,7,831.42,5.391e-05,138.57,118.774286,1215,1557
tres coroas,RS,6,6.427e-05,6,6,910.48,5.904e-05,151.746667,151.746667,1215,1469
apiuna,SC,6,6.427e-05,7,7,1484.8,9.628e-05,247.466667,212.114286,1215,1039
benedito novo,SC,6,6.427e-05,6,6,1093.77,7.092e-05,182.295,182.295,1215,1290
catanduvas,SC,6,6.427e-05,6,6,834.99,5.414e-05,139.165,139.165,1215,1553
gravatal,SC,6,6.427e-05,6,6,1418.28,9.196e-05,236.38,236.38,1215,1077
ipora do oeste,SC,6,6.427e-05,6,6,615.23,3.989e-05,102.538333,102.538333,1215,1830
morro da fumaca,SC,6,6.427e-05,7,7,1921.45,0.00012459,320.241667,274.492857,1215,839
nova trento,SC,6,6.427e-05,6,6,972.21,6.304e-05,162.035,162.035,1215,1405
presidente getulio,SC,6,6.427e-05,6,6,846.13,5.486e-05,141.021667,141.021667,1215,1534
sao cristovao,SE,6,6.427e-05,6,6,861.75,5.588e-05,143.625,143.625,1215,1521
apiai,SP,6,6.427e-05,6,6,714.94,4.636e-05,119.156667,119.156667,1215,1688
bady bassitt,SP,6,6.427e-05,6,6,615.24,3.989e-05,102.54,102.54,1215,1829
bilac,SP,6,6.427e-05,7,7,817.86,5.303e-05,136.31,116.837143,1215,1571
cabreuva,SP,6,6.427e-05,7,7,881.66,5.717e-05,146.943333,125.951429,1215,1496
cardoso,SP,6,6.427e-05,6,6,1095.32,7.102e-05,182.553333,182.553333,1215,1289
catigua,SP,6,6.427e-05,6,6,788.52,5.113e-05,131.42,131.42,1215,1601
cedral,SP,6,6.427e-05,6,6,540.35,3.504e-05,90.058333,90.058333,1215,1950
cosmorama,SP,6,6.427e-05,6,6,1091.55,7.078e-05,181.925,181.925,1215,1291
fernando prestes,SP,6,6.427e-05,6,6,696.58,4.517e-05,116.096667,116.096667,1215,1720
general salgado,SP,6,6.427e-05,6,6,587.28,3.808e-05,97.88,97.88,1215,1866
guapiacu,SP,6,6.427e-05,6,6,995.55,6.455e-05,165.925,165.925,1215,1382
iacanga,SP,6,6.427e-05,6,6,427.95,2.775e-05,71.325,71.325,1215,2229
ibira,SP,6,6.427e-05,6,6,830.15,5.383e-05,138.358333,138.358333,1215,1560
irapuru,SP,6,6.427e-05,6,6,985.29,6.389e-05,164.215,164.215,1215,1393
itapura,SP,6,6.427e-05,6,6,426.6,2.766e-05,71.1,71.1,1215,2231
itariri,SP,6,6.427e-05,6,6,1378.73,8.94e-05,229.788333,229.788333,1215,1099
itobi,SP,6,6.427e-05,7,7,591.42,3.835e-05,98.57,84.488571,1215,1861
monte alegre do sul,SP,6,6.427e-05,6,6,4360.38,0.00028273,726.73,726.73,1215,453
nazare paulista,SP,6,6.427e-05,7,7,934.33,6.058e-05,155.721667,133.475714,1215,1443
pacaembu,SP,6,6.427e-05,6,6,1595.07,0.00010343,265.845,265.845,1215,976
parapua,SP,6,6.427e-05,8,8,1345.83,8.726e-05,224.305,168.22875,1215,1119
sales oliveira,SP,6,6.427e-05,6,6,627.74,4.07e-05,104.623333,104.623333,1215,1814
tupi paulista,SP,6,6.427e-05,6,6,577.19,3.743e-05,96.198333,96.198333,1215,1883
maragogi,AL,5,5.356e-05,5,5,2135.53,0.00013847,427.106,427.106,1358,768
andorinha,BA,5,5.356e-05,5,5,797.61,5.172e-05,159.522,159.522,1358,1593
cansancao,BA,5,5.356e-05,7,7,998.37,6.473e-05,199.674,142.624286,1358,1377
capim grosso,BA,5,5.356e-05,5,5,660.78,4.285e-05,132.156,132.156,1358,1763
casa nova,BA,5,5.356e-05,6,6,1269.54,8.232e-05,253.908,211.59,1358,1165
esplanada,BA,5,5.356e-05,5,5,1808.34,0.00011725,361.668,361.668,1358,886
euclides da cunha,BA,5,5.356e-05,5,5,625.62,4.057e-05,125.124,125.124,1358,1816
ibicarai,BA,5,5.356e-05,5,5,559.6,3.628e-05,111.92,111.92,1358,1915
iraquara,BA,5,5.356e-05,5,5,510.63,3.311e-05,102.126,102.126,1358,2010
livramento de nossa senhora,BA,5,5.356e-05,5,5,777.57,5.042e-05,155.514,155.514,1358,1615
miguel calmon,BA,5,5.356e-05,5,5,787.81,5.108e-05,157.562,157.562,1358,1603
prado,BA,5,5.356e-05,5,5,1234.59,8.005e-05,246.918,246.918,1358,1194
remanso,BA,5,5.356e-05,5,5,487.99,3.164e-05,97.598,97.598,1358,2060
santa cruz cabralia,BA,5,5.356e-05,5,5,605.18,3.924e-05,121.036,121.036,1358,1842
santo estevao,BA,5,5.356e-05,5,5,1226.69,7.954e-05,245.338,245.338,1358,1201
sao sebastiao do passe,BA,5,5.356e-05,5,5,550.53,3.57e-05,110.106,110.106,1358,1931
sobradinho,BA,5,5.356e-05,5,5,783.74,5.082e-05,156.748,156.748,1358,1610
cascavel,CE,5,5.356e-05,5,5,1254.75,8.136e-05,250.95,250.95,1358,1177
granja,CE,5,5.356e-05,5,5,700.3,4.541e-05,140.06,140.06,1358,1713
horizonte,CE,5,5.356e-05,5,5,639.41,4.146e-05,127.882,127.882,1358,1800
icapui,CE,5,5.356e-05,5,5,638.4,4.139e-05,127.68,127.68,1358,1803
jaguaribe,CE,5,5.356e-05,5,5,861.8,5.588e-05,172.36,172.36,1358,1520
pacatuba,CE,5,5.356e-05,5,5,4469.86,0.00028983,893.972,893.972,1358,445
santa quiteria,CE,5,5.356e-05,5,5,1139.12,7.386e-05,227.824,227.824,1358,1258
sao goncalo do amarante,CE,5,5.356e-05,5,5,521.31,3.38e-05,104.262,104.262,1358,1983
conceicao do castelo,ES,5,5.356e-05,5,5,658.0,4.267e-05,131.6,131.6,1358,1768
iconha,ES,5,5.356e-05,5,5,390.13,2.53e-05,78.026,78.026,1358,2335
marechal floriano,ES,5,5.356e-05,5,5,681.38,4.418e-05,136.276,136.276,1358,1740
pedro canario,ES,5,5.356e-05,5,5,476.55,3.09e-05,95.31,95.31,1358,2090
sao roque do canaa,ES,5,5.356e-05,5,5,436.01,2.827e-05,87.202,87.202,1358,2196
sooretama,ES,5,5.356e-05,5,5,456.35,2.959e-05,91.27,91.27,1358,2145
vargem alta,ES,5,5.356e-05,5,5,372.35,2.414e-05,74.47,74.47,1358,2387
alexania,GO,5,5.356e-05,5,5,568.25,3.685e-05,113.65,113.65,1358,1903
firminopolis,GO,5,5.356e-05,7,7,832.5,5.398e-05,166.5,118.928571,1358,1555
santo antonio do descoberto,GO,5,5.356e-05,5,5,992.88,6.438e-05,198.576,198.576,1358,1387
sao miguel do araguaia,GO,5,5.356e-05,5,5,1518.03,9.843e-05,303.606,303.606,1358,1019
alto parnaiba,MA,5,5.356e-05,5,5,948.1,6.148e-05,189.62,189.62,1358,1428
lago da pedra,MA,5,5.356e-05,6,6,1099.49,7.129e-05,219.898,183.248333,1358,1285
viana,MA,5,5.356e-05,5,5,845.14,5.48e-05,169.028,169.028,1358,1537
ze doca,MA,5,5.356e-05,5,5,878.92,5.699e-05,175.784,175.784,1358,1501
abre campo,MG,5,5.356e-05,5,5,367.29,2.382e-05,73.458,73.458,1358,2407
aguas formosas,MG,5,5.356e-05,5,5,1580.57,0.00010248,316.114,316.114,1358,987
arapora,MG,5,5.356e-05,5,5,1253.37,8.127e-05,250.674,250.674,1358,1179
araujos,MG,5,5.356e-05,5,5,2711.22,0.0001758,542.244,542.244,1358,652
belo oriente,MG,5,5.356e-05,5,5,833.02,5.401e-05,166.604,166.604,1358,1554
caldas,MG,5,5.356e-05,5,5,621.94,4.033e-05,124.388,124.388,1358,1820
cambuquira,MG,5,5.356e-05,5,5,444.24,2.88e-05,88.848,88.848,1358,2177
campos altos,MG,5,5.356e-05,5,5,498.61,3.233e-05,99.722,99.722,1358,2033
capitolio,MG,5,5.356e-05,5,5,590.12,3.826e-05,118.024,118.024,1358,1864
carmopolis de minas,MG,5,5.356e-05,5,5,1756.72,0.00011391,351.344,351.344,1358,908
catas altas,MG,5,5.356e-05,5,5,1160.35,7.524e-05,232.07,232.07,1358,1237
conceicao da aparecida,MG,5,5.356e-05,5,5,1063.65,6.897e-05,212.73,212.73,1358,1322
conceicao do rio verde,MG,5,5.356e-05,5,5,970.15,6.291e-05,194.03,194.03,1358,1409
conquista,MG,5,5.356e-05,6,6,602.42,3.906e-05,120.484,100.403333,1358,1846
divinolandia de minas,MG,5,5.356e-05,5,5,312.82,2.028e-05,62.564,62.564,1358,2597
eugenopolis,MG,5,5.356e-05,5,5,1071.39,6.947e-05,214.278,214.278,1358,1310
frei inocencio,MG,5,5.356e-05,5,5,733.89,4.759e-05,146.778,146.778,1358,1670
itapagipe,MG,5,5.356e-05,5,5,341.5,2.214e-05,68.3,68.3,1358,2490
itau de minas,MG,5,5.356e-05,5,5,460.03,2.983e-05,92.006,92.006,1358,2136
jaiba,MG,5,5.356e-05,6,6,799.04,5.181e-05,159.808,133.173333,1358,1592
jeceaba,MG,5,5.356e-05,6,6,683.51,4.432e-05,136.702,113.918333,1358,1739
jesuania,MG,5,5.356e-05,5,5,461.09,2.99e-05,92.218,92.218,1358,2132
jordania,MG,5,5.356e-05,5,5,1047.2,6.79e-05,209.44,209.44,1358,1330
juruaia,MG,5,5.356e-05,6,6,470.59,3.051e-05,94.118,78.431667,1358,2108
lagoa dourada,MG,5,5.356e-05,5,5,707.3,4.586e-05,141.46,141.46,1358,1701
lima duarte,MG,5,5.356e-05,6,6,920.86,5.971e-05,184.172,153.476667,1358,1457
martins soares,MG,5,5.356e-05,6,6,613.9,3.981e-05,122.78,102.316667,1358,1832
mendes pimentel,MG,5,5.356e-05,5,5,477.73,3.098e-05,95.546,95.546,1358,2085
monte azul,MG,5,5.356e-05,5,5,729.88,4.733e-05,145.976,145.976,1358,1677
monte belo,MG,5,5.356e-05,5,5,1340.3,8.691e-05,268.06,268.06,1358,1125
pedra azul,MG,5,5.356e-05,5,5,543.8,3.526e-05,108.76,108.76,1358,1944
porteirinha,MG,5,5.356e-05,5,5,358.05,2.322e-05,71.61,71.61,1358,2432
presidente olegario,MG,5,5.356e-05,6,6,557.41,3.614e-05,111.482,92.901667,1358,1918
rio casca,MG,5,5.356e-05,5,5,433.47,2.811e-05,86.694,86.694,1358,2208
rio manso,MG,5,5.356e-05,5,5,939.68,6.093e-05,187.936,187.936,1358,1440
rio pardo de minas,MG,5,5.356e-05,5,5,708.49,4.594e-05,141.698,141.698,1358,1698
sabinopolis,MG,5,5.356e-05,5,5,412.4,2.674e-05,82.48,82.48,1358,2270
sao romao,MG,5,5.356e-05,5,5,524.06,3.398e-05,104.812,104.812,1358,1974
sao tiago,MG,5,5.356e-05,5,5,586.45,3.803e-05,117.29,117.29,1358,1868
serra dos aimores,MG,5,5.356e-05,5,5,443.08,2.873e-05,88.616,88.616,1358,2180
soledade de minas,MG,5,5.356e-05,5,5,394.78,2.56e-05,78.956,78.956,1358,2320
vazante,MG,5,5.356e-05,6,6,1780.31,0.00011544,356.062,296.718333,1358,897
amambai,MS,5,5.356e-05,5,5,702.35,4.554e-05,140.47,140.47,1358,1710
bataguassu,MS,5,5.356e-05,5,5,732.92,4.752e-05,146.584,146.584,1358,1672
cassilandia,MS,5,5.356e-05,5,5,1677.59,0.00010878,335.518,335.518,1358,936
alto araguaia,MT,5,5.356e-05,5,5,1228.13,7.963e-05,245.626,245.626,1358,1200
guaranta do norte,MT,5,5.356e-05,5,5,509.29,3.302e-05,101.858,101.858,1358,2013
itauba,MT,5,5.356e-05,5,5,1661.97,0.00010776,332.394,332.394,1358,945
jauru,MT,5,5.356e-05,5,5,762.86,4.946e-05,152.572,152.572,1358,1626
juara,MT,5,5.356e-05,5,5,502.95,3.261e-05,100.59,100.59,1358,2026
matupa,MT,5,5.356e-05,7,7,1087.87,7.054e-05,217.574,155.41,1358,1294
nova mutum,MT,5,5.356e-05,5,5,715.67,4.64e-05,143.134,143.134,1358,1686
dom eliseu,PA,5,5.356e-05,5,5,515.08,3.34e-05,103.016,103.016,1358,2001
novo progresso,PA,5,5.356e-05,5,5,2436.08,0.00015796,487.216,487.216,1358,705
ourilandia do norte,PA,5,5.356e-05,5,5,1934.35,0.00012542,386.87,386.87,1358,834
quatro bocas,PA,5,5.356e-05,5,5,1804.79,0.00011702,360.958,360.958,1358,888
sao miguel do guama,PA,5,5.356e-05,5,5,1514.4,9.819e-05,302.88,302.88,1358,1022
bananeiras,PB,5,5.356e-05,5,5,544.74,3.532e-05,108.948,108.948,1358,1942
pombal,PB,5,5.356e-05,6,6,2210.2,0.00014331,442.04,368.366667,1358,757
queimadas,PB,5,5.356e-05,5,5,1670.94,0.00010834,334.188,334.188,1358,939
santa luzia,PB,5,5.356e-05,5,5,460.49,2.986e-05,92.098,92.098,1358,2134
santa rita,PB,5,5.356e-05,6,6,1652.48,0.00010715,330.496,275.413333,1358,947
arcoverde,PE,5,5.356e-05,5,5,677.4,4.392e-05,135.48,135.48,1358,1742
barreiros,PE,5,5.356e-05,5,5,1514.09,9.817e-05,302.818,302.818,1358,1023
bonito,PE,5,5.356e-05,5,5,1398.84,9.07e-05,279.768,279.768,1358,1090
custodia,PE,5,5.356e-05,5,5,752.17,4.877e-05,150.434,150.434,1358,1644
floresta,PE,5,5.356e-05,6,6,694.69,4.504e-05,138.938,115.781667,1358,1724
moreno,PE,5,5.356e-05,5,5,960.09,6.225e-05,192.018,192.018,1358,1415
sirinhaem,PE,5,5.356e-05,5,5,720.23,4.67e-05,144.046,144.046,1358,1681
surubim,PE,5,5.356e-05,5,5,711.22,4.612e-05,142.244,142.244,1358,1692
taquaritinga do norte,PE,5,5.356e-05,6,6,2371.18,0.00015375,474.236,395.196667,1358,717
toritama,PE,5,5.356e-05,5,5,1277.99,8.287e-05,255.598,255.598,1358,1159
altos,PI,5,5.356e-05,5,5,1560.87,0.00010121,312.174,312.174,1358,993
sao joao do piaui,PI,5,5.356e-05,5,5,1891.88,0.00012267,378.376,378.376,1358,849
assai,PR,5,5.356e-05,5,5,1019.8,6.612e-05,203.96,203.96,1358,1352
bituruna,PR,5,5.356e-05,5,5,598.23,3.879e-05,119.646,119.646,1358,1854
capitao leonidas marques,PR,5,5.356e-05,5,5,512.09,3.32e-05,102.418,102.418,1358,2009
cidade gaucha,PR,5,5.356e-05,5,5,950.1,6.16e-05,190.02,190.02,1358,1427
colonia vitoria,PR,5,5.356e-05,5,5,409.73,2.657e-05,81.946,81.946,1358,2277
diamante do norte,PR,5,5.356e-05,5,5,515.27,3.341e-05,103.054,103.054,1358,2000
floresta,PR,5,5.356e-05,5,5,844.09,5.473e-05,168.818,168.818,1358,1541
general carneiro,PR,5,5.356e-05,5,5,498.52,3.232e-05,99.704,99.704,1358,2034
guaraniacu,PR,5,5.356e-05,5,5,463.62,3.006e-05,92.724,92.724,1358,2124
inacio martins,PR,5,5.356e-05,5,5,331.28,2.148e-05,66.256,66.256,1358,2529
japura,PR,5,5.356e-05,5,5,521.53,3.382e-05,104.306,104.306,1358,1982
quatigua,PR,5,5.356e-05,5,5,341.35,2.213e-05,68.27,68.27,1358,2491
ribeirao claro,PR,5,5.356e-05,5,5,663.8,4.304e-05,132.76,132.76,1358,1758
ribeirao do pinhal,PR,5,5.356e-05,5,5,447.33,2.901e-05,89.466,89.466,1358,2166
rio azul,PR,5,5.356e-05,5,5,538.54,3.492e-05,107.708,107.708,1358,1951
santa fe,PR,5,5.356e-05,5,5,1005.44,6.519e-05,201.088,201.088,1358,1372
senges,PR,5,5.356e-05,5,5,645.5,4.185e-05,129.1,129.1,1358,1787
carapebus,RJ,5,5.356e-05,5,5,786.52,5.1e-05,157.304,157.304,1358,1606
quatis,RJ,5,5.356e-05,5,5,617.87,4.006e-05,123.574,123.574,1358,1824
macaiba,RN,5,5.356e-05,5,5,757.17,4.91e-05,151.434,151.434,1358,1636
macau,RN,5,5.356e-05,5,5,1297.69,8.414e-05,259.538,259.538,1358,1150
arroio do sal,RS,5,5.356e-05,7,7,1442.2,9.351e-05,288.44,206.028571,1358,1063
barra do ribeiro,RS,5,5.356e-05,5,5,742.89,4.817e-05,148.578,148.578,1358,1656
cacapava do sul,RS,5,5.356e-05,5,5,1044.83,6.775e-05,208.966,208.966,1358,1331
cidreira,RS,5,5.356e-05,5,5,769.02,4.986e-05,153.804,153.804,1358,1622
dom feliciano,RS,5,5.356e-05,5,5,635.95,4.124e-05,127.19,127.19,1358,1805
estacao,RS,5,5.356e-05,5,5,815.22,5.286e-05,163.044,163.044,1358,1573
nova santa rita,RS,5,5.356e-05,5,5,1064.0,6.899e-05,212.8,212.8,1358,1321
pinheiro machado,RS,5,5.356e-05,5,5,713.31,4.625e-05,142.662,142.662,1358,1690
porto xavier,RS,5,5.356e-05,5,5,690.18,4.475e-05,138.036,138.036,1358,1730
rio pardo,RS,5,5.356e-05,5,5,791.45,5.132e-05,158.29,158.29,1358,1599
sao francisco de paula,RS,5,5.356e-05,5,5,622.68,4.037e-05,124.536,124.536,1358,1817
sao jose do ouro,RS,5,5.356e-05,5,5,507.09,3.288e-05,101.418,101.418,1358,2019
sarandi,RS,5,5.356e-05,5,5,260.38,1.688e-05,52.076,52.076,1358,2798
soledade,RS,5,5.356e-05,5,5,671.66,4.355e-05,134.332,134.332,1358,1750
terra de areia,RS,5,5.356e-05,5,5,1250.93,8.111e-05,250.186,250.186,1358,1183
abelardo luz,SC,5,5.356e-05,5,5,752.58,4.88e-05,150.516,150.516,1358,1643
anita garibaldi,SC,5,5.356e-05,5,5,385.93,2.502e-05,77.186,77.186,1358,2346
capivari de baixo,SC,5,5.356e-05,5,5,1028.73,6.67e-05,205.746,205.746,1358,1345
garuva,SC,5,5.356e-05,5,5,1647.66,0.00010684,329.532,329.532,1358,949
guabiruba,SC,5,5.356e-05,5,5,786.81,5.102e-05,157.362,157.362,1358,1605
ipumirim,SC,5,5.356e-05,5,5,377.52,2.448e-05,75.504,75.504,1358,2372
laurentino,SC,5,5.356e-05,5,5,863.27,5.597e-05,172.654,172.654,1358,1518
otacilio costa,SC,5,5.356e-05,5,5,1162.85,7.54e-05,232.57,232.57,1358,1235
palmitos,SC,5,5.356e-05,5,5,760.98,4.934e-05,152.196,152.196,1358,1632
piratuba,SC,5,5.356e-05,5,5,1095.88,7.106e-05,219.176,219.176,1358,1288
sao carlos,SC,5,5.356e-05,5,5,688.57,4.465e-05,137.714,137.714,1358,1736
seara,SC,5,5.356e-05,5,5,694.82,4.505e-05,138.964,138.964,1358,1723
tres barras,SC,5,5.356e-05,5,5,380.56,2.468e-05,76.112,76.112,1358,2361
vargem bonita,SC,5,5.356e-05,5,5,826.27,5.358e-05,165.254,165.254,1358,1565
adolfo,SP,5,5.356e-05,5,5,441.59,2.863e-05,88.318,88.318,1358,2181
ariranha,SP,5,5.356e-05,5,5,647.27,4.197e-05,129.454,129.454,1358,1782
balsamo,SP,5,5.356e-05,6,6,1383.48,8.971e-05,276.696,230.58,1358,1096
bananal,SP,5,5.356e-05,5,5,702.49,4.555e-05,140.498,140.498,1358,1709
bocaina,SP,5,5.356e-05,6,6,1520.62,9.86e-05,304.124,253.436667,1358,1017
bofete,SP,5,5.356e-05,5,5,758.67,4.919e-05,151.734,151.734,1358,1635
brauna,SP,5,5.356e-05,5,5,482.35,3.128e-05,96.47,96.47,1358,2071
colombia,SP,5,5.356e-05,5,5,457.24,2.965e-05,91.448,91.448,1358,2144
eldorado,SP,5,5.356e-05,5,5,622.22,4.035e-05,124.444,124.444,1358,1819
elias fausto,SP,5,5.356e-05,5,5,481.48,3.122e-05,96.296,96.296,1358,2074
estiva gerbi,SP,5,5.356e-05,7,7,1090.98,7.074e-05,218.196,155.854286,1358,1292
guaranta,SP,5,5.356e-05,5,5,715.01,4.636e-05,143.002,143.002,1358,1687
guarei,SP,5,5.356e-05,5,5,1187.44,7.699e-05,237.488,237.488,1358,1218
holambra ii,SP,5,5.356e-05,5,5,1012.82,6.567e-05,202.564,202.564,1358,1361
ibirarema,SP,5,5.356e-05,5,5,498.19,3.23e-05,99.638,99.638,1358,2035
iepe,SP,5,5.356e-05,5,5,368.51,2.389e-05,73.702,73.702,1358,2401
igarata,SP,5,5.356e-05,5,5,843.87,5.472e-05,168.774,168.774,1358,1542
jacupiranga,SP,5,5.356e-05,5,5,885.57,5.742e-05,177.114,177.114,1358,1492
miracatu,SP,5,5.356e-05,5,5,991.81,6.431e-05,198.362,198.362,1358,1388
ocaucu,SP,5,5.356e-05,5,5,320.77,2.08e-05,64.154,64.154,1358,2561
orindiuva,SP,5,5.356e-05,5,5,629.59,4.082e-05,125.918,125.918,1358,1810
palmeira d'oeste,SP,5,5.356e-05,5,5,396.91,2.574e-05,79.382,79.382,1358,2312
panorama,SP,5,5.356e-05,5,5,474.64,3.078e-05,94.928,94.928,1358,2095
paulo de faria,SP,5,5.356e-05,5,5,656.48,4.257e-05,131.296,131.296,1358,1771
presidente bernardes,SP,5,5.356e-05,5,5,579.56,3.758e-05,115.912,115.912,1358,1878
rafard,SP,5,5.356e-05,5,5,659.46,4.276e-05,131.892,131.892,1358,1764
roseira,SP,5,5.356e-05,5,5,490.14,3.178e-05,98.028,98.028,1358,2054
sales,SP,5,5.356e-05,5,5,433.12,2.808e-05,86.624,86.624,1358,2209
severinia,SP,5,5.356e-05,5,5,556.45,3.608e-05,111.29,111.29,1358,1921
sud mennucci,SP,5,5.356e-05,5,5,448.01,2.905e-05,89.602,89.602,1358,2164
tabatinga,SP,5,5.356e-05,5,5,487.11,3.158e-05,97.422,97.422,1358,2063
taiuva,SP,5,5.356e-05,5,5,1010.13,6.55e-05,202.026,202.026,1358,1365
tarabai,SP,5,5.356e-05,5,5,1174.4,7.615e-05,234.88,234.88,1358,1226
torrinha,SP,5,5.356e-05,6,6,519.42,3.368e-05,103.884,86.57,1358,1989
tres fronteiras,SP,5,5.356e-05,5,5,434.82,2.819e-05,86.964,86.964,1358,2202
alvorada,TO,5,5.356e-05,6,6,1954.44,0.00012673,390.888,325.74,1358,824
lagoa da confusao,TO,5,5.356e-05,5,5,929.74,6.028e-05,185.948,185.948,1358,1447
delmiro gouveia,AL,4,4.285e-05,4,4,1353.71,8.778e-05,338.4275,338.4275,1559,1114
humaita,AM,4,4.285e-05,4,4,458.4,2.972e-05,114.6,114.6,1559,2140
alcobaca,BA,4,4.285e-05,4,4,1481.9,9.609e-05,370.475,370.475,1559,1043
cachoeira,BA,4,4.285e-05,4,4,573.71,3.72e-05,143.4275,143.4275,1559,1891
coaraci,BA,4,4.285e-05,4,4,1468.12,9.519e-05,367.03,367.03,1559,1052
gandu,BA,4,4.285e-05,4,4,507.45,3.29e-05,126.8625,126.8625,1559,2017
iacu,BA,4,4.285e-05,4,4,499.85,3.241e-05,124.9625,124.9625,1559,2031
itabela,BA,4,4.285e-05,5,5,601.93,3.903e-05,150.4825,120.386,1559,1848
itiuba,BA,4,4.285e-05,4,4,387.5,2.513e-05,96.875,96.875,1559,2341
maracas,BA,4,4.285e-05,5,5,877.09,5.687e-05,219.2725,175.418,1559,1504
mutuipe,BA,4,4.285e-05,4,4,580.09,3.761e-05,145.0225,145.0225,1559,1877
paramirim,BA,4,4.285e-05,4,4,429.5,2.785e-05,107.375,107.375,1559,2223
pilao arcado,BA,4,4.285e-05,4,4,364.68,2.365e-05,91.17,91.17,1559,2412
piritiba,BA,4,4.285e-05,5,5,512.19,3.321e-05,128.0475,102.438,1559,2008
posto da mata,BA,4,4.285e-05,4,4,620.13,4.021e-05,155.0325,155.0325,1559,1822
presidente tancredo neves,BA,4,4.285e-05,4,4,325.58,2.111e-05,81.395,81.395,1559,2547
queimadas,BA,4,4.285e-05,4,4,937.57,6.079e-05,234.3925,234.3925,1559,1441
riachao do jacuipe,BA,4,4.285e-05,5,5,2613.59,0.00016947,653.3975,522.718,1559,667
riacho de santana,BA,4,4.285e-05,4,4,1302.47,8.445e-05,325.6175,325.6175,1559,1149
serra do ramalho,BA,4,4.285e-05,4,4,406.72,2.637e-05,101.68,101.68,1559,2283
tanhacu,BA,4,4.285e-05,4,4,609.8,3.954e-05,152.45,152.45,1559,1836
teolandia,BA,4,4.285e-05,4,4,260.77,1.691e-05,65.1925,65.1925,1559,2796
ubaitaba,BA,4,4.285e-05,4,4,667.93,4.331e-05,166.9825,166.9825,1559,1752
uibai,BA,4,4.285e-05,4,4,639.36,4.146e-05,159.84,159.84,1559,1801
una,BA,4,4.285e-05,4,4,541.51,3.511e-05,135.3775,135.3775,1559,1948
barro,CE,4,4.285e-05,4,4,769.02,4.986e-05,192.255,192.255,1559,1621
bela cruz,CE,4,4.285e-05,4,4,1024.47,6.643e-05,256.1175,256.1175,1559,1349
campos sales,CE,4,4.285e-05,4,4,1853.78,0.0001202,463.445,463.445,1559,864
forquilha,CE,4,4.285e-05,4,4,477.45,3.096e-05,119.3625,119.3625,1559,2086
guaraciaba do norte,CE,4,4.285e-05,4,4,738.15,4.786e-05,184.5375,184.5375,1559,1662
ipu,CE,4,4.285e-05,4,4,545.2,3.535e-05,136.3,136.3,1559,1941
jaguaruana,CE,4,4.285e-05,4,4,1339.3,8.684e-05,334.825,334.825,1559,1126
jijoca de jericoacoara,CE,4,4.285e-05,4,4,1262.22,8.184e-05,315.555,315.555,1559,1172
morrinhos,CE,4,4.285e-05,4,4,1124.79,7.293e-05,281.1975,281.1975,1559,1268
paracuru,CE,4,4.285e-05,4,4,705.92,4.577e-05,176.48,176.48,1559,1705
paraipaba,CE,4,4.285e-05,5,5,706.54,4.581e-05,176.635,141.308,1559,1703
santana do acarau,CE,4,4.285e-05,4,4,1563.58,0.00010138,390.895,390.895,1559,991
sao benedito,CE,4,4.285e-05,4,4,1058.76,6.865e-05,264.69,264.69,1559,1325
senador pompeu,CE,4,4.285e-05,4,4,718.11,4.656e-05,179.5275,179.5275,1559,1685
varjota,CE,4,4.285e-05,4,4,901.18,5.843e-05,225.295,225.295,1559,1481
agua doce do norte,ES,4,4.285e-05,4,4,463.52,3.005e-05,115.88,115.88,1559,2125
arace,ES,4,4.285e-05,4,4,491.18,3.185e-05,122.795,122.795,1559,2051
bom jesus do norte,ES,4,4.285e-05,4,4,781.85,5.07e-05,195.4625,195.4625,1559,1612
dores do rio preto,ES,4,4.285e-05,4,4,526.33,3.413e-05,131.5825,131.5825,1559,1968
fundao,ES,4,4.285e-05,4,4,437.33,2.836e-05,109.3325,109.3325,1559,2193
itaipava,ES,4,4.285e-05,4,4,520.02,3.372e-05,130.005,130.005,1559,1987
itapemirim,ES,4,4.285e-05,4,4,459.34,2.978e-05,114.835,114.835,1559,2138
mantenopolis,ES,4,4.285e-05,4,4,503.02,3.262e-05,125.755,125.755,1559,2025
muqui,ES,4,4.285e-05,4,4,574.38,3.724e-05,143.595,143.595,1559,1890
rio bananal,ES,4,4.285e-05,4,4,332.32,2.155e-05,83.08,83.08,1559,2525
caiaponia,GO,4,4.285e-05,4,4,428.97,2.781e-05,107.2425,107.2425,1559,2226
castelandia,GO,4,4.285e-05,5,5,688.41,4.464e-05,172.1025,137.682,1559,1737
corumbaiba,GO,4,4.285e-05,4,4,256.47,1.663e-05,64.1175,64.1175,1559,2818
edeia,GO,4,4.285e-05,4,4,560.91,3.637e-05,140.2275,140.2275,1559,1913
fazenda nova,GO,4,4.285e-05,4,4,407.77,2.644e-05,101.9425,101.9425,1559,2280
goianapolis,GO,4,4.285e-05,4,4,1224.04,7.937e-05,306.01,306.01,1559,1205
joviania,GO,4,4.285e-05,5,5,472.11,3.061e-05,118.0275,94.422,1559,2104
maurilandia,GO,4,4.285e-05,4,4,334.51,2.169e-05,83.6275,83.6275,1559,2514
nova veneza,GO,4,4.285e-05,4,4,419.0,2.717e-05,104.75,104.75,1559,2252
padre bernardo,GO,4,4.285e-05,4,4,263.69,1.71e-05,65.9225,65.9225,1559,2783
parauna,GO,4,4.285e-05,4,4,610.16,3.956e-05,152.54,152.54,1559,1835
pirenopolis,GO,4,4.285e-05,4,4,355.74,2.307e-05,88.935,88.935,1559,2444
rianapolis,GO,4,4.285e-05,4,4,534.47,3.466e-05,133.6175,133.6175,1559,1957
barreirinhas,MA,4,4.285e-05,4,4,490.73,3.182e-05,122.6825,122.6825,1559,2052
buriticupu,MA,4,4.285e-05,4,4,837.4,5.43e-05,209.35,209.35,1559,1551
grajau,MA,4,4.285e-05,5,5,965.51,6.26e-05,241.3775,193.102,1559,1413
itapecuru mirim,MA,4,4.285e-05,4,4,702.95,4.558e-05,175.7375,175.7375,1559,1708
joao lisboa,MA,4,4.285e-05,5,5,810.71,5.257e-05,202.6775,162.142,1559,1575
maracacume,MA,4,4.285e-05,4,4,802.42,5.203e-05,200.605,200.605,1559,1589
nova olinda do maranhao,MA,4,4.285e-05,4,4,1724.33,0.00011181,431.0825,431.0825,1559,918
pinheiro,MA,4,4.285e-05,4,4,553.23,3.587e-05,138.3075,138.3075,1559,1928
urbano santos,MA,4,4.285e-05,5,5,703.99,4.565e-05,175.9975,140.798,1559,1706
aiuruoca,MG,4,4.285e-05,4,4,365.03,2.367e-05,91.2575,91.2575,1559,2411
alto rio doce,MG,4,4.285e-05,4,4,278.55,1.806e-05,69.6375,69.6375,1559,2728
bom jesus do galho,MG,4,4.285e-05,5,5,5139.88,0.00033327,1284.97,1027.976,1559,405
bom repouso,MG,4,4.285e-05,4,4,487.95,3.164e-05,121.9875,121.9875,1559,2061
bom sucesso,MG,4,4.285e-05,4,4,994.7,6.45e-05,248.675,248.675,1559,1385
bonfim,MG,4,4.285e-05,4,4,308.55,2.001e-05,77.1375,77.1375,1559,2615
bueno brandao,MG,4,4.285e-05,4,4,238.33,1.545e-05,59.5825,59.5825,1559,2894
buenopolis,MG,4,4.285e-05,4,4,1464.22,9.494e-05,366.055,366.055,1559,1056
campo do meio,MG,4,4.285e-05,4,4,309.08,2.004e-05,77.27,77.27,1559,2610
campos gerais,MG,4,4.285e-05,4,4,571.17,3.703e-05,142.7925,142.7925,1559,1895
canapolis,MG,4,4.285e-05,5,5,604.68,3.921e-05,151.17,120.936,1559,1843
carmo da cachoeira,MG,4,4.285e-05,4,4,370.64,2.403e-05,92.66,92.66,1559,2398
chapada gaucha,MG,4,4.285e-05,4,4,528.01,3.424e-05,132.0025,132.0025,1559,1963
conceicao das pedras,MG,4,4.285e-05,4,4,412.05,2.672e-05,103.0125,103.0125,1559,2272
conceicao dos ouros,MG,4,4.285e-05,4,4,714.92,4.636e-05,178.73,178.73,1559,1689
congonhal,MG,4,4.285e-05,4,4,568.19,3.684e-05,142.0475,142.0475,1559,1904
cruzilia,MG,4,4.285e-05,4,4,447.26,2.9e-05,111.815,111.815,1559,2167
dom silverio,MG,4,4.285e-05,4,4,484.12,3.139e-05,121.03,121.03,1559,2066
gouveia,MG,4,4.285e-05,4,4,1167.23,7.568e-05,291.8075,291.8075,1559,1229
guimarania,MG,4,4.285e-05,4,4,609.33,3.951e-05,152.3325,152.3325,1559,1838
iapu,MG,4,4.285e-05,4,4,497.93,3.229e-05,124.4825,124.4825,1559,2036
itanhomi,MG,4,4.285e-05,4,4,375.53,2.435e-05,93.8825,93.8825,1559,2378
itapeva,MG,4,4.285e-05,5,5,386.1,2.503e-05,96.525,77.22,1559,2344
jacui,MG,4,4.285e-05,4,4,475.87,3.086e-05,118.9675,118.9675,1559,2094
juatuba,MG,4,4.285e-05,4,4,699.33,4.534e-05,174.8325,174.8325,1559,1715
lagoa grande,MG,4,4.285e-05,4,4,2175.77,0.00014108,543.9425,543.9425,1559,764
maravilhas,MG,4,4.285e-05,4,4,516.36,3.348e-05,129.09,129.09,1559,1998
merces,MG,4,4.285e-05,4,4,285.82,1.853e-05,71.455,71.455,1559,2698
minas novas,MG,4,4.285e-05,4,4,507.14,3.288e-05,126.785,126.785,1559,2018
monte alegre de minas,MG,4,4.285e-05,4,4,302.91,1.964e-05,75.7275,75.7275,1559,2634
munhoz,MG,4,4.285e-05,4,4,477.12,3.094e-05,119.28,119.28,1559,2087
palma,MG,4,4.285e-05,4,4,504.05,3.268e-05,126.0125,126.0125,1559,2023
pecanha,MG,4,4.285e-05,4,4,988.53,6.41e-05,247.1325,247.1325,1559,1390
perdigao,MG,4,4.285e-05,6,6,383.08,2.484e-05,95.77,63.846667,1559,2352
piranga,MG,4,4.285e-05,4,4,400.39,2.596e-05,100.0975,100.0975,1559,2299
rio novo,MG,4,4.285e-05,4,4,613.25,3.976e-05,153.3125,153.3125,1559,1833
rio piracicaba,MG,4,4.285e-05,4,4,580.14,3.762e-05,145.035,145.035,1559,1876
rio preto,MG,4,4.285e-05,4,4,233.2,1.512e-05,58.3,58.3,1559,2917
santa cruz de minas,MG,4,4.285e-05,5,5,710.39,4.606e-05,177.5975,142.078,1559,1693
santa maria de itabira,MG,4,4.285e-05,4,4,570.49,3.699e-05,142.6225,142.6225,1559,1897
santana da vargem,MG,4,4.285e-05,4,4,353.6,2.293e-05,88.4,88.4,1559,2451
santana do jacare,MG,4,4.285e-05,4,4,1769.22,0.00011472,442.305,442.305,1559,901
santo antonio do amparo,MG,4,4.285e-05,4,4,477.03,3.093e-05,119.2575,119.2575,1559,2088
sao domingos do prata,MG,4,4.285e-05,4,4,424.99,2.756e-05,106.2475,106.2475,1559,2235
sao geraldo,MG,4,4.285e-05,4,4,547.81,3.552e-05,136.9525,136.9525,1559,1933
sao joao do paraiso,MG,4,4.285e-05,4,4,449.43,2.914e-05,112.3575,112.3575,1559,2160
sapucai-mirim,MG,4,4.285e-05,4,4,647.16,4.196e-05,161.79,161.79,1559,1783
tarumirim,MG,4,4.285e-05,4,4,912.25,5.915e-05,228.0625,228.0625,1559,1466
tiradentes,MG,4,4.285e-05,4,4,653.58,4.238e-05,163.395,163.395,1559,1776
tombos,MG,4,4.285e-05,4,4,420.1,2.724e-05,105.025,105.025,1559,2248
volta grande,MG,4,4.285e-05,4,4,379.96,2.464e-05,94.99,94.99,1559,2364
alcinopolis,MS,4,4.285e-05,6,6,952.35,6.175e-05,238.0875,158.725,1559,1424
caarapo,MS,4,4.285e-05,4,4,1447.93,9.388e-05,361.9825,361.9825,1559,1062
fatima do sul,MS,4,4.285e-05,4,4,1536.86,9.965e-05,384.215,384.215,1559,1005
juti,MS,4,4.285e-05,4,4,719.48,4.665e-05,179.87,179.87,1559,1683
ladario,MS,4,4.285e-05,4,4,380.36,2.466e-05,95.09,95.09,1559,2363
miranda,MS,4,4.285e-05,4,4,343.16,2.225e-05,85.79,85.79,1559,2486
araputanga,MT,4,4.285e-05,4,4,645.25,4.184e-05,161.3125,161.3125,1559,1788
chapada dos guimaraes,MT,4,4.285e-05,4,4,854.78,5.542e-05,213.695,213.695,1559,1526
claudia,MT,4,4.285e-05,4,4,418.37,2.713e-05,104.5925,104.5925,1559,2255
cocalinho,MT,4,4.285e-05,4,4,576.56,3.738e-05,144.14,144.14,1559,1884
diamantino,MT,4,4.285e-05,7,7,527.42,3.42e-05,131.855,75.345714,1559,1966
nova bandeirantes,MT,4,4.285e-05,4,4,665.53,4.315e-05,166.3825,166.3825,1559,1757
paranaita,MT,4,4.285e-05,4,4,2016.47,0.00013075,504.1175,504.1175,1559,804
pedra preta,MT,4,4.285e-05,4,4,653.5,4.237e-05,163.375,163.375,1559,1777
cameta,PA,4,4.285e-05,4,4,521.85,3.384e-05,130.4625,130.4625,1559,1981
carajas,PA,4,4.285e-05,4,4,646.56,4.192e-05,161.64,161.64,1559,1784
moju,PA,4,4.285e-05,4,4,372.88,2.418e-05,93.22,93.22,1559,2385
tailandia,PA,4,4.285e-05,4,4,2256.46,0.00014631,564.115,564.115,1559,746
vila dos cabanos,PA,4,4.285e-05,4,4,597.67,3.875e-05,149.4175,149.4175,1559,1857
brejo da madre de deus,PE,4,4.285e-05,4,4,512.73,3.325e-05,128.1825,128.1825,1559,2005
condado,PE,4,4.285e-05,4,4,1071.11,6.945e-05,267.7775,267.7775,1559,1311
feira nova,PE,4,4.285e-05,5,5,649.77,4.213e-05,162.4425,129.954,1559,1781
gameleira,PE,4,4.285e-05,4,4,1827.12,0.00011847,456.78,456.78,1559,875
ilha de itamaraca,PE,4,4.285e-05,4,4,632.15,4.099e-05,158.0375,158.0375,1559,1807
joaquim nabuco,PE,4,4.285e-05,4,4,350.45,2.272e-05,87.6125,87.6125,1559,2463
parnamirim,PE,4,4.285e-05,4,4,2079.47,0.00013483,519.8675,519.8675,1559,785
ribeirao,PE,4,4.285e-05,4,4,434.53,2.818e-05,108.6325,108.6325,1559,2204
sao bento do una,PE,4,4.285e-05,4,4,1477.8,9.582e-05,369.45,369.45,1559,1045
sao jose do egito,PE,4,4.285e-05,4,4,630.2,4.086e-05,157.55,157.55,1559,1809
sertania,PE,4,4.285e-05,4,4,479.92,3.112e-05,119.98,119.98,1559,2078
tabira,PE,4,4.285e-05,4,4,1019.06,6.608e-05,254.765,254.765,1559,1353
trindade,PE,4,4.285e-05,4,4,4406.2,0.0002857,1101.55,1101.55,1559,452
corrente,PI,4,4.285e-05,4,4,1831.15,0.00011873,457.7875,457.7875,1559,873
esperantina,PI,4,4.285e-05,4,4,569.46,3.692e-05,142.365,142.365,1559,1898
guadalupe,PI,4,4.285e-05,4,4,1502.76,9.744e-05,375.69,375.69,1559,1032
urucui,PI,4,4.285e-05,4,4,820.26,5.319e-05,205.065,205.065,1559,1570
valenca do piaui,PI,4,4.285e-05,4,4,1268.65,8.226e-05,317.1625,317.1625,1559,1167
araruna,PR,4,4.285e-05,4,4,555.07,3.599e-05,138.7675,138.7675,1559,1924
boa vista da aparecida,PR,4,4.285e-05,4,4,264.63,1.716e-05,66.1575,66.1575,1559,2774
candido de abreu,PR,4,4.285e-05,4,4,439.92,2.852e-05,109.98,109.98,1559,2185
centenario do sul,PR,4,4.285e-05,4,4,465.35,3.017e-05,116.3375,116.3375,1559,2119
chopinzinho,PR,4,4.285e-05,4,4,211.14,1.369e-05,52.785,52.785,1559,3033
curiuva,PR,4,4.285e-05,4,4,364.52,2.364e-05,91.13,91.13,1559,2413
eneas marques,PR,4,4.285e-05,4,4,237.15,1.538e-05,59.2875,59.2875,1559,2901
figueira,PR,4,4.285e-05,4,4,1012.87,6.567e-05,253.2175,253.2175,1559,1360
indianopolis,PR,4,4.285e-05,4,4,328.55,2.13e-05,82.1375,82.1375,1559,2539
itaperucu,PR,4,4.285e-05,4,4,707.2,4.586e-05,176.8,176.8,1559,1702
jesuitas,PR,4,4.285e-05,4,4,642.93,4.169e-05,160.7325,160.7325,1559,1793
mandaguacu,PR,4,4.285e-05,4,4,3325.86,0.00021565,831.465,831.465,1559,550
manoel ribas,PR,4,4.285e-05,4,4,742.32,4.813e-05,185.58,185.58,1559,1657
munhoz de melo,PR,4,4.285e-05,4,4,1037.26,6.726e-05,259.315,259.315,1559,1340
nova fatima,PR,4,4.285e-05,4,4,326.79,2.119e-05,81.6975,81.6975,1559,2545
nova santa rosa,PR,4,4.285e-05,4,4,496.62,3.22e-05,124.155,124.155,1559,2040
paulo frontin,PR,4,4.285e-05,5,5,707.4,4.587e-05,176.85,141.48,1559,1700
peabiru,PR,4,4.285e-05,4,4,748.5,4.853e-05,187.125,187.125,1559,1650
pien,PR,4,4.285e-05,4,4,405.37,2.628e-05,101.3425,101.3425,1559,2286
planalto,PR,4,4.285e-05,4,4,439.03,2.847e-05,109.7575,109.7575,1559,2188
renascenca,PR,4,4.285e-05,4,4,352.23,2.284e-05,88.0575,88.0575,1559,2455
rio bonito do iguacu,PR,4,4.285e-05,4,4,536.22,3.477e-05,134.055,134.055,1559,1956
salto do lontra,PR,4,4.285e-05,4,4,900.11,5.836e-05,225.0275,225.0275,1559,1483
santa cruz de monte castelo,PR,4,4.285e-05,4,4,793.05,5.142e-05,198.2625,198.2625,1559,1598
santa mariana,PR,4,4.285e-05,4,4,373.35,2.421e-05,93.3375,93.3375,1559,2382
saudade do iguacu,PR,4,4.285e-05,4,4,328.37,2.129e-05,82.0925,82.0925,1559,2540
sertanopolis,PR,4,4.285e-05,4,4,1008.14,6.537e-05,252.035,252.035,1559,1368
terra boa,PR,4,4.285e-05,4,4,773.42,5.015e-05,193.355,193.355,1559,1616
tibagi,PR,4,4.285e-05,4,4,386.07,2.503e-05,96.5175,96.5175,1559,2345
avelar,RJ,4,4.285e-05,4,4,824.24,5.344e-05,206.06,206.06,1559,1566
conservatoria,RJ,4,4.285e-05,4,4,997.19,6.466e-05,249.2975,249.2975,1559,1379
governador portela,RJ,4,4.285e-05,4,4,430.01,2.788e-05,107.5025,107.5025,1559,2219
japuiba,RJ,4,4.285e-05,5,5,1230.85,7.981e-05,307.7125,246.17,1559,1197
santanesia,RJ,4,4.285e-05,4,4,439.58,2.85e-05,109.895,109.895,1559,2187
sao sebastiao do alto,RJ,4,4.285e-05,4,4,616.7,3.999e-05,154.175,154.175,1559,1828
sapucaia,RJ,4,4.285e-05,4,4,675.82,4.382e-05,168.955,168.955,1559,1745
silva jardim,RJ,4,4.285e-05,4,4,691.27,4.482e-05,172.8175,172.8175,1559,1728
travessao,RJ,4,4.285e-05,4,4,510.43,3.31e-05,127.6075,127.6075,1559,2011
varre-sai,RJ,4,4.285e-05,4,4,1035.37,6.713e-05,258.8425,258.8425,1559,1342
jucurutu,RN,4,4.285e-05,4,4,839.83,5.445e-05,209.9575,209.9575,1559,1549
parelhas,RN,4,4.285e-05,4,4,1496.8,9.705e-05,374.2,374.2,1559,1035
santa cruz,RN,4,4.285e-05,4,4,734.7,4.764e-05,183.675,183.675,1559,1668
ouro preto do oeste,RO,4,4.285e-05,4,4,718.48,4.659e-05,179.62,179.62,1559,1684
anta gorda,RS,4,4.285e-05,4,4,655.25,4.249e-05,163.8125,163.8125,1559,1774
antonio prado,RS,4,4.285e-05,5,5,667.57,4.329e-05,166.8925,133.514,1559,1753
candelaria,RS,4,4.285e-05,4,4,673.1,4.364e-05,168.275,168.275,1559,1748
candiota,RS,4,4.285e-05,4,4,899.6,5.833e-05,224.9,224.9,1559,1484
capao do leao,RS,4,4.285e-05,4,4,1254.66,8.135e-05,313.665,313.665,1559,1178
catuipe,RS,4,4.285e-05,4,4,655.72,4.252e-05,163.93,163.93,1559,1772
chapada,RS,4,4.285e-05,4,4,1545.33,0.0001002,386.3325,386.3325,1559,999
chui,RS,4,4.285e-05,5,5,908.16,5.889e-05,227.04,181.632,1559,1474
condor,RS,4,4.285e-05,4,4,301.47,1.955e-05,75.3675,75.3675,1559,2646
nova bassano,RS,4,4.285e-05,4,4,471.77,3.059e-05,117.9425,117.9425,1559,2106
palmares do sul,RS,4,4.285e-05,5,5,518.4,3.361e-05,129.6,103.68,1559,1994
palmitinho,RS,4,4.285e-05,5,5,359.99,2.334e-05,89.9975,71.998,1559,2426
pejucara,RS,4,4.285e-05,4,4,830.35,5.384e-05,207.5875,207.5875,1559,1559
quarai,RS,4,4.285e-05,4,4,2474.15,0.00016043,618.5375,618.5375,1559,694
roque gonzales,RS,4,4.285e-05,5,5,643.61,4.173e-05,160.9025,128.722,1559,1790
salto do jacui,RS,4,4.285e-05,4,4,301.94,1.958e-05,75.485,75.485,1559,2644
santo antonio das missoes,RS,4,4.285e-05,4,4,495.32,3.212e-05,123.83,123.83,1559,2046
ascurra,SC,4,4.285e-05,4,4,414.25,2.686e-05,103.5625,103.5625,1559,2264
balneario arroio do silva,SC,4,4.285e-05,4,4,450.67,2.922e-05,112.6675,112.6675,1559,2158
balneario barra do sul,SC,4,4.285e-05,4,4,482.62,3.129e-05,120.655,120.655,1559,2070
canelinha,SC,4,4.285e-05,4,4,1012.72,6.567e-05,253.18,253.18,1559,1362
cocal do sul,SC,4,4.285e-05,4,4,2182.24,0.0001415,545.56,545.56,1559,762
corupa,SC,4,4.285e-05,4,4,568.43,3.686e-05,142.1075,142.1075,1559,1902
cunha pora,SC,4,4.285e-05,5,5,820.95,5.323e-05,205.2375,164.19,1559,1569
guaruja do sul,SC,4,4.285e-05,4,4,395.63,2.565e-05,98.9075,98.9075,1559,2317
ibiam,SC,4,4.285e-05,4,4,460.34,2.985e-05,115.085,115.085,1559,2135
ilhota,SC,4,4.285e-05,4,4,877.22,5.688e-05,219.305,219.305,1559,1503
imbuia,SC,4,4.285e-05,4,4,1759.81,0.00011411,439.9525,439.9525,1559,907
irineopolis,SC,4,4.285e-05,4,4,279.87,1.815e-05,69.9675,69.9675,1559,2720
jacinto machado,SC,4,4.285e-05,4,4,447.17,2.899e-05,111.7925,111.7925,1559,2168
palma sola,SC,4,4.285e-05,4,4,1010.55,6.552e-05,252.6375,252.6375,1559,1364
praia grande,SC,4,4.285e-05,4,4,536.92,3.481e-05,134.23,134.23,1559,1955
quilombo,SC,4,4.285e-05,4,4,240.79,1.561e-05,60.1975,60.1975,1559,2887
rio do campo,SC,4,4.285e-05,4,4,822.25,5.332e-05,205.5625,205.5625,1559,1567
salto veloso,SC,4,4.285e-05,4,4,497.07,3.223e-05,124.2675,124.2675,1559,2038
santa cecilia,SC,4,4.285e-05,4,4,579.5,3.758e-05,144.875,144.875,1559,1879
sao jose do cedro,SC,4,4.285e-05,5,5,598.77,3.882e-05,149.6925,119.754,1559,1852
saudades,SC,4,4.285e-05,4,4,428.95,2.781e-05,107.2375,107.2375,1559,2227
sideropolis,SC,4,4.285e-05,4,4,371.11,2.406e-05,92.7775,92.7775,1559,2395
trombudo central,SC,4,4.285e-05,4,4,250.86,1.627e-05,62.715,62.715,1559,2840
turvo,SC,4,4.285e-05,4,4,258.53,1.676e-05,64.6325,64.6325,1559,2809
poco verde,SE,4,4.285e-05,4,4,689.31,4.47e-05,172.3275,172.3275,1559,1734
altinopolis,SP,4,4.285e-05,4,4,1506.04,9.765e-05,376.51,376.51,1559,1029
analandia,SP,4,4.285e-05,4,4,575.7,3.733e-05,143.925,143.925,1559,1886
bernardino de campos,SP,4,4.285e-05,4,4,328.87,2.132e-05,82.2175,82.2175,1559,2536
cabralia paulista,SP,4,4.285e-05,4,4,263.31,1.707e-05,65.8275,65.8275,1559,2785
clementina,SP,4,4.285e-05,4,4,472.98,3.067e-05,118.245,118.245,1559,2101
cristais paulista,SP,4,4.285e-05,4,4,600.64,3.895e-05,150.16,150.16,1559,1849
florida paulista,SP,4,4.285e-05,4,4,416.53,2.701e-05,104.1325,104.1325,1559,2260
guaracai,SP,4,4.285e-05,5,5,767.11,4.974e-05,191.7775,153.422,1559,1624
igaracu do tiete,SP,4,4.285e-05,4,4,157.66,1.022e-05,39.415,39.415,1559,3340
ipua,SP,4,4.285e-05,4,4,2096.16,0.00013592,524.04,524.04,1559,782
irapua,SP,4,4.285e-05,4,4,268.14,1.739e-05,67.035,67.035,1559,2762
itatinga,SP,4,4.285e-05,4,4,1832.1,0.00011879,458.025,458.025,1559,872
jambeiro,SP,4,4.285e-05,4,4,395.04,2.561e-05,98.76,98.76,1559,2318
joanopolis,SP,4,4.285e-05,6,6,904.51,5.865e-05,226.1275,150.751667,1559,1478
lavinia,SP,4,4.285e-05,4,4,390.41,2.531e-05,97.6025,97.6025,1559,2334
macedonia,SP,4,4.285e-05,4,4,388.43,2.519e-05,97.1075,97.1075,1559,2339
maristela,SP,4,4.285e-05,4,4,731.42,4.743e-05,182.855,182.855,1559,1673
mendonca,SP,4,4.285e-05,4,4,289.08,1.874e-05,72.27,72.27,1559,2690
paraiso,SP,4,4.285e-05,5,5,848.74,5.503e-05,212.185,169.748,1559,1531
pedrinhas paulista,SP,4,4.285e-05,4,4,485.48,3.148e-05,121.37,121.37,1559,2065
pongai,SP,4,4.285e-05,4,4,429.05,2.782e-05,107.2625,107.2625,1559,2225
quintana,SP,4,4.285e-05,4,4,435.85,2.826e-05,108.9625,108.9625,1559,2197
rosana,SP,4,4.285e-05,4,4,295.31,1.915e-05,73.8275,73.8275,1559,2661
saltinho,SP,4,4.285e-05,5,5,1316.35,8.535e-05,329.0875,263.27,1559,1137
santa barbara d oeste,SP,4,4.285e-05,4,4,214.76,1.393e-05,53.69,53.69,1559,3014
santo antonio do jardim,SP,4,4.285e-05,4,4,294.35,1.909e-05,73.5875,73.5875,1559,2666
sao sebastiao da grama,SP,4,4.285e-05,4,4,1102.02,7.146e-05,275.505,275.505,1559,1282
sete barras,SP,4,4.285e-05,4,4,302.52,1.962e-05,75.63,75.63,1559,2640
araguatins,TO,4,4.285e-05,5,5,859.9,5.576e-05,214.975,171.98,1559,1522
guarai,TO,4,4.285e-05,4,4,1459.37,9.463e-05,364.8425,364.8425,1559,1059
cruzeiro do sul,AC,3,3.213e-05,3,3,1127.06,7.308e-05,375.686667,375.686667,1834,1266
batalha,AL,3,3.213e-05,3,3,308.1,1.998e-05,102.7,102.7,1834,2616
coruripe,AL,3,3.213e-05,3,3,1359.09,8.812e-05,453.03,453.03,1834,1107
pilar,AL,3,3.213e-05,3,3,168.36,1.092e-05,56.12,56.12,1834,3273
santana do mundau,AL,3,3.213e-05,3,3,1268.01,8.222e-05,422.67,422.67,1834,1168
amelia rodrigues,BA,3,3.213e-05,3,3,430.02,2.788e-05,143.34,143.34,1834,2218
araci,BA,3,3.213e-05,3,3,358.24,2.323e-05,119.413333,119.413333,1834,2431
barra do choca,BA,3,3.213e-05,3,3,877.49,5.69e-05,292.496667,292.496667,1834,1502
barra do mendes,BA,3,3.213e-05,3,3,383.28,2.485e-05,127.76,127.76,1834,2351
belo campo,BA,3,3.213e-05,3,3,257.64,1.671e-05,85.88,85.88,1834,2811
buerarema,BA,3,3.213e-05,3,3,1116.81,7.241e-05,372.27,372.27,1834,1274
cacule,BA,3,3.213e-05,3,3,615.05,3.988e-05,205.016667,205.016667,1834,1831
candido sales,BA,3,3.213e-05,3,3,472.52,3.064e-05,157.506667,157.506667,1834,2102
caravelas,BA,3,3.213e-05,3,3,466.78,3.027e-05,155.593333,155.593333,1834,2116
conceicao do jacuipe,BA,3,3.213e-05,3,3,247.08,1.602e-05,82.36,82.36,1834,2862
coronel joao sa,BA,3,3.213e-05,3,3,689.71,4.472e-05,229.903333,229.903333,1834,1733
crisopolis,BA,3,3.213e-05,3,3,242.61,1.573e-05,80.87,80.87,1834,2884
curaca,BA,3,3.213e-05,3,3,542.24,3.516e-05,180.746667,180.746667,1834,1947
dom basilio,BA,3,3.213e-05,3,3,172.71,1.12e-05,57.57,57.57,1834,3244
formosa do rio preto,BA,3,3.213e-05,3,3,1628.16,0.00010557,542.72,542.72,1834,961
ibicoara,BA,3,3.213e-05,3,3,359.84,2.333e-05,119.946667,119.946667,1834,2428
itajuipe,BA,3,3.213e-05,3,3,852.28,5.526e-05,284.093333,284.093333,1834,1529
itamari,BA,3,3.213e-05,3,3,324.99,2.107e-05,108.33,108.33,1834,2550
itambe,BA,3,3.213e-05,3,3,478.76,3.104e-05,159.586667,159.586667,1834,2081
itapitanga,BA,3,3.213e-05,3,3,264.09,1.712e-05,88.03,88.03,1834,2779
itarantim,BA,3,3.213e-05,3,3,574.72,3.727e-05,191.573333,191.573333,1834,1888
itatim,BA,3,3.213e-05,3,3,400.46,2.597e-05,133.486667,133.486667,1834,2298
itirucu,BA,3,3.213e-05,3,3,845.37,5.481e-05,281.79,281.79,1834,1536
ituacu,BA,3,3.213e-05,3,3,478.07,3.1e-05,159.356667,159.356667,1834,2084
itubera,BA,3,3.213e-05,3,3,181.22,1.175e-05,60.406667,60.406667,1834,3188
jacaraci,BA,3,3.213e-05,4,4,1040.27,6.745e-05,346.756667,260.0675,1834,1338
nazare,BA,3,3.213e-05,3,3,504.82,3.273e-05,168.273333,168.273333,1834,2021
nova soure,BA,3,3.213e-05,3,3,325.43,2.11e-05,108.476667,108.476667,1834,2549
pindobacu,BA,3,3.213e-05,3,3,243.72,1.58e-05,81.24,81.24,1834,2878
presidente dutra,BA,3,3.213e-05,3,3,246.62,1.599e-05,82.206667,82.206667,1834,2864
quixabeira,BA,3,3.213e-05,3,3,309.42,2.006e-05,103.14,103.14,1834,2608
rio de contas,BA,3,3.213e-05,3,3,290.72,1.885e-05,96.906667,96.906667,1834,2682
rio do pires,BA,3,3.213e-05,4,4,731.25,4.741e-05,243.75,182.8125,1834,1675
rio real,BA,3,3.213e-05,3,3,480.6,3.116e-05,160.2,160.2,1834,2075
rodelas,BA,3,3.213e-05,3,3,464.75,3.013e-05,154.916667,154.916667,1834,2122
santa ines,BA,3,3.213e-05,3,3,351.77,2.281e-05,117.256667,117.256667,1834,2457
santaluz,BA,3,3.213e-05,3,3,333.97,2.165e-05,111.323333,111.323333,1834,2518
santana,BA,3,3.213e-05,3,3,258.77,1.678e-05,86.256667,86.256667,1834,2807
sao domingos,BA,3,3.213e-05,3,3,239.44,1.553e-05,79.813333,79.813333,1834,2890
sao francisco do conde,BA,3,3.213e-05,3,3,367.33,2.382e-05,122.443333,122.443333,1834,2406
tabocas do brejo velho,BA,3,3.213e-05,3,3,199.96,1.297e-05,66.653333,66.653333,1834,3088
tanque novo,BA,3,3.213e-05,3,3,447.39,2.901e-05,149.13,149.13,1834,2165
teofilandia,BA,3,3.213e-05,3,3,236.92,1.536e-05,78.973333,78.973333,1834,2903
uaua,BA,3,3.213e-05,3,3,473.04,3.067e-05,157.68,157.68,1834,2099
utinga,BA,3,3.213e-05,3,3,396.97,2.574e-05,132.323333,132.323333,1834,2311
xique-xique,BA,3,3.213e-05,3,3,230.56,1.495e-05,76.853333,76.853333,1834,2926
alto santo,CE,3,3.213e-05,3,3,801.01,5.194e-05,267.003333,267.003333,1834,1590
aracoiaba,CE,3,3.213e-05,3,3,592.44,3.841e-05,197.48,197.48,1834,1860
aurora,CE,3,3.213e-05,3,3,444.7,2.883e-05,148.233333,148.233333,1834,2173
baturite,CE,3,3.213e-05,3,3,551.09,3.573e-05,183.696667,183.696667,1834,1930
beberibe,CE,3,3.213e-05,3,3,1823.91,0.00011826,607.97,607.97,1834,880
boa viagem,CE,3,3.213e-05,3,3,546.76,3.545e-05,182.253333,182.253333,1834,1937
carire,CE,3,3.213e-05,3,3,236.28,1.532e-05,78.76,78.76,1834,2907
carius,CE,3,3.213e-05,3,3,618.69,4.012e-05,206.23,206.23,1834,1823
catarina,CE,3,3.213e-05,3,3,295.29,1.915e-05,98.43,98.43,1834,2662
ibiapina,CE,3,3.213e-05,3,3,289.34,1.876e-05,96.446667,96.446667,1834,2688
ipueiras,CE,3,3.213e-05,3,3,1805.78,0.00011709,601.926667,601.926667,1834,887
itaitinga,CE,3,3.213e-05,3,3,638.55,4.14e-05,212.85,212.85,1834,1802
maranguape,CE,3,3.213e-05,3,3,345.53,2.24e-05,115.176667,115.176667,1834,2476
marco,CE,3,3.213e-05,3,3,756.76,4.907e-05,252.253333,252.253333,1834,1637
monsenhor tabosa,CE,3,3.213e-05,3,3,412.32,2.674e-05,137.44,137.44,1834,2271
nova olinda,CE,3,3.213e-05,3,3,1792.93,0.00011625,597.643333,597.643333,1834,890
novo oriente,CE,3,3.213e-05,3,3,321.4,2.084e-05,107.133333,107.133333,1834,2558
parambu,CE,3,3.213e-05,4,4,269.22,1.746e-05,89.74,67.305,1834,2753
pereiro,CE,3,3.213e-05,3,3,379.74,2.462e-05,126.58,126.58,1834,2365
redencao,CE,3,3.213e-05,4,4,1297.66,8.414e-05,432.553333,324.415,1834,1151
reriutaba,CE,3,3.213e-05,3,3,1331.63,8.634e-05,443.876667,443.876667,1834,1128
santana do cariri,CE,3,3.213e-05,3,3,946.68,6.138e-05,315.56,315.56,1834,1430
sucesso,CE,3,3.213e-05,3,3,485.92,3.151e-05,161.973333,161.973333,1834,2064
ubajara,CE,3,3.213e-05,3,3,1414.63,9.173e-05,471.543333,471.543333,1834,1080
taguatinga,DF,3,3.213e-05,4,4,574.44,3.725e-05,191.48,143.61,1834,1889
conceicao da barra,ES,3,3.213e-05,3,3,398.59,2.584e-05,132.863333,132.863333,1834,2307
itarana,ES,3,3.213e-05,3,3,1010.02,6.549e-05,336.673333,336.673333,1834,1366
americano do brasil,GO,3,3.213e-05,3,3,346.29,2.245e-05,115.43,115.43,1834,2474
aragarcas,GO,3,3.213e-05,3,3,247.6,1.605e-05,82.533333,82.533333,1834,2860
iaciara,GO,3,3.213e-05,3,3,787.12,5.104e-05,262.373333,262.373333,1834,1604
inaciolandia,GO,3,3.213e-05,3,3,952.92,6.179e-05,317.64,317.64,1834,1422
indiara,GO,3,3.213e-05,4,4,449.47,2.914e-05,149.823333,112.3675,1834,2159
itaja,GO,3,3.213e-05,3,3,1001.9,6.496e-05,333.966667,333.966667,1834,1375
itapaci,GO,3,3.213e-05,3,3,302.13,1.959e-05,100.71,100.71,1834,2643
jussara,GO,3,3.213e-05,3,3,130.91,8.49e-06,43.636667,43.636667,1834,3540
palmeiras de goias,GO,3,3.213e-05,3,3,407.33,2.641e-05,135.776667,135.776667,1834,2281
paranaiguara,GO,3,3.213e-05,3,3,293.35,1.902e-05,97.783333,97.783333,1834,2671
piranhas,GO,3,3.213e-05,4,4,911.81,5.912e-05,303.936667,227.9525,1834,1467
sanclerlandia,GO,3,3.213e-05,4,4,510.34,3.309e-05,170.113333,127.585,1834,2012
santa fe de goias,GO,3,3.213e-05,4,4,1921.27,0.00012458,640.423333,480.3175,1834,840
sao joao d'alianca,GO,3,3.213e-05,3,3,844.86,5.478e-05,281.62,281.62,1834,1538
sao simao,GO,3,3.213e-05,3,3,294.96,1.913e-05,98.32,98.32,1834,2664
serranopolis,GO,3,3.213e-05,3,3,1210.27,7.847e-05,403.423333,403.423333,1834,1210
uruana,GO,3,3.213e-05,3,3,1355.95,8.792e-05,451.983333,451.983333,1834,1112
urutai,GO,3,3.213e-05,3,3,184.79,1.198e-05,61.596667,61.596667,1834,3173
vianopolis,GO,3,3.213e-05,3,3,616.76,3.999e-05,205.586667,205.586667,1834,1826
cedral,MA,3,3.213e-05,3,3,1416.52,9.185e-05,472.173333,472.173333,1834,1078
chapadinha,MA,3,3.213e-05,3,3,287.06,1.861e-05,95.686667,95.686667,1834,2695
colinas,MA,3,3.213e-05,3,3,1263.4,8.192e-05,421.133333,421.133333,1834,1171
cururupu,MA,3,3.213e-05,3,3,754.67,4.893e-05,251.556667,251.556667,1834,1640
dom pedro,MA,3,3.213e-05,3,3,438.68,2.844e-05,146.226667,146.226667,1834,2189
esperantinopolis,MA,3,3.213e-05,3,3,771.41,5.002e-05,257.136667,257.136667,1834,1618
estreito,MA,3,3.213e-05,3,3,427.65,2.773e-05,142.55,142.55,1834,2230
fortuna,MA,3,3.213e-05,3,3,661.92,4.292e-05,220.64,220.64,1834,1761
mirinzal,MA,3,3.213e-05,3,3,311.65,2.021e-05,103.883333,103.883333,1834,2602
paraibano,MA,3,3.213e-05,3,3,422.91,2.742e-05,140.97,140.97,1834,2238
pedreiras,MA,3,3.213e-05,3,3,1141.76,7.403e-05,380.586667,380.586667,1834,1253
pindare mirim,MA,3,3.213e-05,3,3,586.2,3.801e-05,195.4,195.4,1834,1869
santa helena,MA,3,3.213e-05,3,3,892.14,5.785e-05,297.38,297.38,1834,1489
sao bernardo,MA,3,3.213e-05,3,3,923.39,5.987e-05,307.796667,307.796667,1834,1451
sao mateus do maranhao,MA,3,3.213e-05,3,3,930.7,6.035e-05,310.233333,310.233333,1834,1446
vitorino freire,MA,3,3.213e-05,3,3,1744.37,0.00011311,581.456667,581.456667,1834,909
abadia dos dourados,MG,3,3.213e-05,3,3,413.5,2.681e-05,137.833333,137.833333,1834,2265
aguas vermelhas,MG,3,3.213e-05,3,3,692.89,4.493e-05,230.963333,230.963333,1834,1727
alfredo vasconcelos,MG,3,3.213e-05,3,3,616.74,3.999e-05,205.58,205.58,1834,1827
alterosa,MG,3,3.213e-05,3,3,308.64,2.001e-05,102.88,102.88,1834,2614
alto jequitiba,MG,3,3.213e-05,3,3,275.43,1.786e-05,91.81,91.81,1834,2734
andrelandia,MG,3,3.213e-05,3,3,169.06,1.096e-05,56.353333,56.353333,1834,3268
antonio prado de minas,MG,3,3.213e-05,3,3,334.21,2.167e-05,111.403333,111.403333,1834,2516
azurita,MG,3,3.213e-05,3,3,220.85,1.432e-05,73.616667,73.616667,1834,2980
bandeira,MG,3,3.213e-05,3,3,419.21,2.718e-05,139.736667,139.736667,1834,2251
belo vale,MG,3,3.213e-05,3,3,374.48,2.428e-05,124.826667,124.826667,1834,2380
cabo verde,MG,3,3.213e-05,3,3,519.17,3.366e-05,173.056667,173.056667,1834,1992
cachoeira de pajeu,MG,3,3.213e-05,3,3,504.03,3.268e-05,168.01,168.01,1834,2024
caiana,MG,3,3.213e-05,3,3,285.61,1.852e-05,95.203333,95.203333,1834,2700
campestre,MG,3,3.213e-05,3,3,384.32,2.492e-05,128.106667,128.106667,1834,2349
carbonita,MG,3,3.213e-05,4,4,841.12,5.454e-05,280.373333,210.28,1834,1547
carmo de minas,MG,3,3.213e-05,3,3,699.53,4.536e-05,233.176667,233.176667,1834,1714
carneirinho,MG,3,3.213e-05,3,3,345.03,2.237e-05,115.01,115.01,1834,2478
carrancas,MG,3,3.213e-05,3,3,180.62,1.171e-05,60.206667,60.206667,1834,3195
carvalhopolis,MG,3,3.213e-05,3,3,308.84,2.003e-05,102.946667,102.946667,1834,2611
coluna,MG,3,3.213e-05,3,3,344.56,2.234e-05,114.853333,114.853333,1834,2482
conceicao das alagoas,MG,3,3.213e-05,3,3,1641.4,0.00010643,547.133333,547.133333,1834,954
conceicao do para,MG,3,3.213e-05,3,3,749.55,4.86e-05,249.85,249.85,1834,1649
coracao de jesus,MG,3,3.213e-05,3,3,173.38,1.124e-05,57.793333,57.793333,1834,3242
cristais,MG,3,3.213e-05,3,3,249.61,1.618e-05,83.203333,83.203333,1834,2849
cristalia,MG,3,3.213e-05,3,3,517.31,3.354e-05,172.436667,172.436667,1834,1996
delfinopolis,MG,3,3.213e-05,3,3,318.02,2.062e-05,106.006667,106.006667,1834,2574
descoberto,MG,3,3.213e-05,3,3,264.02,1.712e-05,88.006667,88.006667,1834,2780
florestal,MG,3,3.213e-05,3,3,382.47,2.48e-05,127.49,127.49,1834,2356
francisco badaro,MG,3,3.213e-05,3,3,435.81,2.826e-05,145.27,145.27,1834,2198
francisco sa,MG,3,3.213e-05,3,3,599.75,3.889e-05,199.916667,199.916667,1834,1851
gameleiras,MG,3,3.213e-05,3,3,529.94,3.436e-05,176.646667,176.646667,1834,1961
goncalves,MG,3,3.213e-05,3,3,405.07,2.626e-05,135.023333,135.023333,1834,2288
grao mogol,MG,3,3.213e-05,3,3,999.3,6.48e-05,333.1,333.1,1834,1376
ibiai,MG,3,3.213e-05,3,3,689.95,4.474e-05,229.983333,229.983333,1834,1731
ibiraci,MG,3,3.213e-05,3,3,443.48,2.876e-05,147.826667,147.826667,1834,2179
iguatama,MG,3,3.213e-05,3,3,360.4,2.337e-05,120.133333,120.133333,1834,2425
ipiacu,MG,3,3.213e-05,3,3,534.09,3.463e-05,178.03,178.03,1834,1959
itacarambi,MG,3,3.213e-05,3,3,399.58,2.591e-05,133.193333,133.193333,1834,2303
itinga,MG,3,3.213e-05,3,3,434.67,2.818e-05,144.89,144.89,1834,2203
lajinha,MG,3,3.213e-05,3,3,567.69,3.681e-05,189.23,189.23,1834,1905
liberdade,MG,3,3.213e-05,3,3,150.9,9.78e-06,50.3,50.3,1834,3387
luminarias,MG,3,3.213e-05,3,3,468.68,3.039e-05,156.226667,156.226667,1834,2114
madre de deus de minas,MG,3,3.213e-05,3,3,422.11,2.737e-05,140.703333,140.703333,1834,2241
manga,MG,3,3.213e-05,3,3,445.79,2.891e-05,148.596667,148.596667,1834,2170
maria da fe,MG,3,3.213e-05,3,3,365.65,2.371e-05,121.883333,121.883333,1834,2410
mario campos,MG,3,3.213e-05,3,3,690.9,4.48e-05,230.3,230.3,1834,1729
matipo,MG,3,3.213e-05,4,4,552.35,3.581e-05,184.116667,138.0875,1834,1929
montalvania,MG,3,3.213e-05,3,3,422.43,2.739e-05,140.81,140.81,1834,2240
monte verde,MG,3,3.213e-05,3,3,463.45,3.005e-05,154.483333,154.483333,1834,2126
morada nova de minas,MG,3,3.213e-05,3,3,730.37,4.736e-05,243.456667,243.456667,1834,1676
papagaios,MG,3,3.213e-05,4,4,367.66,2.384e-05,122.553333,91.915,1834,2403
pedralva,MG,3,3.213e-05,3,3,844.32,5.475e-05,281.44,281.44,1834,1540
pedrinopolis,MG,3,3.213e-05,3,3,553.3,3.588e-05,184.433333,184.433333,1834,1927
piedade do rio grande,MG,3,3.213e-05,3,3,466.9,3.027e-05,155.633333,155.633333,1834,2115
piedade dos gerais,MG,3,3.213e-05,3,3,440.16,2.854e-05,146.72,146.72,1834,2183
piumhi,MG,3,3.213e-05,3,3,283.52,1.838e-05,94.506667,94.506667,1834,2707
pocrane,MG,3,3.213e-05,3,3,223.12,1.447e-05,74.373333,74.373333,1834,2964
pote,MG,3,3.213e-05,3,3,577.53,3.745e-05,192.51,192.51,1834,1882
pouso alto,MG,3,3.213e-05,3,3,302.81,1.963e-05,100.936667,100.936667,1834,2636
prados,MG,3,3.213e-05,3,3,250.95,1.627e-05,83.65,83.65,1834,2839
recreio,MG,3,3.213e-05,3,3,334.19,2.167e-05,111.396667,111.396667,1834,2517
resende costa,MG,3,3.213e-05,3,3,276.09,1.79e-05,92.03,92.03,1834,2731
ritapolis,MG,3,3.213e-05,3,3,212.33,1.377e-05,70.776667,70.776667,1834,3029
rubim,MG,3,3.213e-05,3,3,289.48,1.877e-05,96.493333,96.493333,1834,2685
santa rita de minas,MG,3,3.213e-05,3,3,428.77,2.78e-05,142.923333,142.923333,1834,2228
santana do manhuacu,MG,3,3.213e-05,3,3,281.44,1.825e-05,93.813333,93.813333,1834,2713
santo antonio do itambe,MG,3,3.213e-05,3,3,289.47,1.877e-05,96.49,96.49,1834,2686
sao goncalo do para,MG,3,3.213e-05,3,3,975.85,6.327e-05,325.283333,325.283333,1834,1401
sao goncalo do rio preto,MG,3,3.213e-05,3,3,397.9,2.58e-05,132.633333,132.633333,1834,2310
sao joao batista do gloria,MG,3,3.213e-05,3,3,436.83,2.832e-05,145.61,145.61,1834,2194
sao joao do manteninha,MG,3,3.213e-05,3,3,537.22,3.483e-05,179.073333,179.073333,1834,1953
sao pedro da uniao,MG,3,3.213e-05,3,3,451.64,2.928e-05,150.546667,150.546667,1834,2155
sao pedro dos ferros,MG,3,3.213e-05,4,4,875.73,5.678e-05,291.91,218.9325,1834,1509
sao sebastiao do maranhao,MG,3,3.213e-05,3,3,255.21,1.655e-05,85.07,85.07,1834,2820
sao tomas de aquino,MG,3,3.213e-05,3,3,382.56,2.481e-05,127.52,127.52,1834,2355
setubinha,MG,3,3.213e-05,3,3,328.77,2.132e-05,109.59,109.59,1834,2538
tiros,MG,3,3.213e-05,3,3,218.66,1.418e-05,72.886667,72.886667,1834,2991
ubaporanga,MG,3,3.213e-05,3,3,360.71,2.339e-05,120.236667,120.236667,1834,2424
uniao de minas,MG,3,3.213e-05,3,3,128.71,8.35e-06,42.903333,42.903333,1834,3549
verissimo,MG,3,3.213e-05,3,3,353.01,2.289e-05,117.67,117.67,1834,2452
virgem da lapa,MG,3,3.213e-05,3,3,864.44,5.605e-05,288.146667,288.146667,1834,1517
aquidauana,MS,3,3.213e-05,3,3,154.75,1.003e-05,51.583333,51.583333,1834,3362
bela vista,MS,3,3.213e-05,3,3,522.88,3.39e-05,174.293333,174.293333,1834,1977
dois irmaos do buriti,MS,3,3.213e-05,3,3,890.15,5.772e-05,296.716667,296.716667,1834,1490
itapora,MS,3,3.213e-05,3,3,248.44,1.611e-05,82.813333,82.813333,1834,2853
ivinhema,MS,3,3.213e-05,3,3,308.82,2.002e-05,102.94,102.94,1834,2612
jardim,MS,3,3.213e-05,3,3,334.97,2.172e-05,111.656667,111.656667,1834,2512
mundo novo,MS,3,3.213e-05,3,3,745.76,4.836e-05,248.586667,248.586667,1834,1655
nova alvorada do sul,MS,3,3.213e-05,3,3,476.88,3.092e-05,158.96,158.96,1834,2089
alto boa vista,MT,3,3.213e-05,5,5,581.99,3.774e-05,193.996667,116.398,1834,1875
alto taquari,MT,3,3.213e-05,3,3,821.17,5.325e-05,273.723333,273.723333,1834,1568
barra do bugres,MT,3,3.213e-05,4,4,943.65,6.119e-05,314.55,235.9125,1834,1437
castanheira,MT,3,3.213e-05,3,3,189.39,1.228e-05,63.13,63.13,1834,3145
colniza,MT,3,3.213e-05,3,3,875.49,5.677e-05,291.83,291.83,1834,1510
dom aquino,MT,3,3.213e-05,3,3,520.36,3.374e-05,173.453333,173.453333,1834,1986
jaciara,MT,3,3.213e-05,3,3,252.88,1.64e-05,84.293333,84.293333,1834,2829
juruena,MT,3,3.213e-05,3,3,394.38,2.557e-05,131.46,131.46,1834,2323
nova canaa do norte,MT,3,3.213e-05,3,3,227.15,1.473e-05,75.716667,75.716667,1834,2949
nova monte verde,MT,3,3.213e-05,3,3,330.93,2.146e-05,110.31,110.31,1834,2532
novo sao joaquim,MT,3,3.213e-05,3,3,362.64,2.351e-05,120.88,120.88,1834,2419
peixoto de azevedo,MT,3,3.213e-05,3,3,431.03,2.795e-05,143.676667,143.676667,1834,2215
rio branco,MT,3,3.213e-05,3,3,142.39,9.23e-06,47.463333,47.463333,1834,3453
terra nova do norte,MT,3,3.213e-05,3,3,499.35,3.238e-05,166.45,166.45,1834,2032
vera,MT,3,3.213e-05,3,3,336.24,2.18e-05,112.08,112.08,1834,2508
vila rica,MT,3,3.213e-05,3,3,335.36,2.174e-05,111.786667,111.786667,1834,2511
augusto correa,PA,3,3.213e-05,3,3,440.0,2.853e-05,146.666667,146.666667,1834,2184
brasil novo,PA,3,3.213e-05,3,3,396.1,2.568e-05,132.033333,132.033333,1834,2315
breu branco,PA,3,3.213e-05,3,3,575.7,3.733e-05,191.9,191.9,1834,1886
capanema,PA,3,3.213e-05,3,3,698.73,4.531e-05,232.91,232.91,1834,1717
capitao poco,PA,3,3.213e-05,3,3,540.89,3.507e-05,180.296667,180.296667,1834,1949
concordia do para,PA,3,3.213e-05,3,3,1120.9,7.268e-05,373.633333,373.633333,1834,1271
garrafao do norte,PA,3,3.213e-05,3,3,762.0,4.941e-05,254.0,254.0,1834,1629
goianesia do para,PA,3,3.213e-05,3,3,964.71,6.255e-05,321.57,321.57,1834,1414
hidreletrica tucurui,PA,3,3.213e-05,3,3,721.48,4.678e-05,240.493333,240.493333,1834,1680
itaituba,PA,3,3.213e-05,3,3,392.63,2.546e-05,130.876667,130.876667,1834,2331
tucuma,PA,3,3.213e-05,3,3,585.23,3.795e-05,195.076667,195.076667,1834,1871
coremas,PB,3,3.213e-05,3,3,367.59,2.383e-05,122.53,122.53,1834,2404
cuite,PB,3,3.213e-05,3,3,796.51,5.165e-05,265.503333,265.503333,1834,1596
imaculada,PB,3,3.213e-05,3,3,471.91,3.06e-05,157.303333,157.303333,1834,2105
mari,PB,3,3.213e-05,3,3,342.8,2.223e-05,114.266667,114.266667,1834,2488
pocinhos,PB,3,3.213e-05,3,3,351.92,2.282e-05,117.306667,117.306667,1834,2456
sao bento,PB,3,3.213e-05,3,3,720.21,4.67e-05,240.07,240.07,1834,1682
soledade,PB,3,3.213e-05,3,3,568.75,3.688e-05,189.583333,189.583333,1834,1900
sume,PB,3,3.213e-05,3,3,364.39,2.363e-05,121.463333,121.463333,1834,2415
camutanga,PE,3,3.213e-05,3,3,385.34,2.499e-05,128.446667,128.446667,1834,2347
iati,PE,3,3.213e-05,3,3,807.24,5.234e-05,269.08,269.08,1834,1579
ibimirim,PE,3,3.213e-05,3,3,372.03,2.412e-05,124.01,124.01,1834,2391
ipubi,PE,3,3.213e-05,3,3,525.79,3.409e-05,175.263333,175.263333,1834,1970
itambe,PE,3,3.213e-05,3,3,337.3,2.187e-05,112.433333,112.433333,1834,2504
itapissuma,PE,3,3.213e-05,3,3,370.86,2.405e-05,123.62,123.62,1834,2397
jaqueira,PE,3,3.213e-05,3,3,679.17,4.404e-05,226.39,226.39,1834,1741
joao alfredo,PE,3,3.213e-05,3,3,300.07,1.946e-05,100.023333,100.023333,1834,2651
lagoa dos gatos,PE,3,3.213e-05,3,3,1073.47,6.96e-05,357.823333,357.823333,1834,1307
lagoa grande,PE,3,3.213e-05,4,4,1177.19,7.633e-05,392.396667,294.2975,1834,1224
mirandiba,PE,3,3.213e-05,3,3,323.16,2.095e-05,107.72,107.72,1834,2553
oroco,PE,3,3.213e-05,3,3,389.46,2.525e-05,129.82,129.82,1834,2336
pedra,PE,3,3.213e-05,3,3,349.79,2.268e-05,116.596667,116.596667,1834,2466
saloa,PE,3,3.213e-05,3,3,1536.08,9.96e-05,512.026667,512.026667,1834,1006
sanharo,PE,3,3.213e-05,3,3,2310.0,0.00014978,770.0,770.0,1834,733
tuparetama,PE,3,3.213e-05,3,3,437.69,2.838e-05,145.896667,145.896667,1834,2191
barras,PI,3,3.213e-05,3,3,291.68,1.891e-05,97.226667,97.226667,1834,2676
bom jesus,PI,3,3.213e-05,3,3,976.58,6.332e-05,325.526667,325.526667,1834,1400
eliseu martins,PI,3,3.213e-05,3,3,403.06,2.613e-05,134.353333,134.353333,1834,2293
fronteiras,PI,3,3.213e-05,3,3,1408.84,9.135e-05,469.613333,469.613333,1834,1084
jose de freitas,PI,3,3.213e-05,3,3,350.42,2.272e-05,116.806667,116.806667,1834,2464
luzilandia,PI,3,3.213e-05,3,3,273.01,1.77e-05,91.003333,91.003333,1834,2741
paulistana,PI,3,3.213e-05,3,3,1013.26,6.57e-05,337.753333,337.753333,1834,1359
abatia,PR,3,3.213e-05,3,3,220.19,1.428e-05,73.396667,73.396667,1834,2986
altonia,PR,3,3.213e-05,3,3,557.18,3.613e-05,185.726667,185.726667,1834,1919
angulo,PR,3,3.213e-05,3,3,394.06,2.555e-05,131.353333,131.353333,1834,2325
areia branca dos assis,PR,3,3.213e-05,3,3,569.43,3.692e-05,189.81,189.81,1834,1899
bela vista do paraiso,PR,3,3.213e-05,3,3,658.49,4.27e-05,219.496667,219.496667,1834,1766
carambei,PR,3,3.213e-05,3,3,456.25,2.958e-05,152.083333,152.083333,1834,2146
cerro azul,PR,3,3.213e-05,4,4,250.18,1.622e-05,83.393333,62.545,1834,2843
clevelandia,PR,3,3.213e-05,3,3,218.19,1.415e-05,72.73,72.73,1834,2996
colonia castrolanda,PR,3,3.213e-05,3,3,1041.7,6.754e-05,347.233333,347.233333,1834,1335
corbelia,PR,3,3.213e-05,3,3,785.22,5.091e-05,261.74,261.74,1834,1609
cruz machado,PR,3,3.213e-05,3,3,523.23,3.393e-05,174.41,174.41,1834,1976
entre rios do oeste,PR,3,3.213e-05,3,3,148.58,9.63e-06,49.526667,49.526667,1834,3401
florestopolis,PR,3,3.213e-05,3,3,575.77,3.733e-05,191.923333,191.923333,1834,1885
ivate,PR,3,3.213e-05,3,3,358.34,2.323e-05,119.446667,119.446667,1834,2430
janiopolis,PR,3,3.213e-05,3,3,316.22,2.05e-05,105.406667,105.406667,1834,2582
japira,PR,3,3.213e-05,3,3,457.63,2.967e-05,152.543333,152.543333,1834,2143
joaquim tavora,PR,3,3.213e-05,3,3,392.01,2.542e-05,130.67,130.67,1834,2332
jundiai do sul,PR,3,3.213e-05,3,3,384.01,2.49e-05,128.003333,128.003333,1834,2350
lobato,PR,3,3.213e-05,3,3,562.77,3.649e-05,187.59,187.59,1834,1911
maripa,PR,3,3.213e-05,3,3,432.73,2.806e-05,144.243333,144.243333,1834,2211
moreira sales,PR,3,3.213e-05,3,3,433.48,2.811e-05,144.493333,144.493333,1834,2207
morretes,PR,3,3.213e-05,3,3,639.65,4.148e-05,213.216667,213.216667,1834,1799
nova aurora,PR,3,3.213e-05,3,3,661.97,4.292e-05,220.656667,220.656667,1834,1760
paranacity,PR,3,3.213e-05,3,3,222.6,1.443e-05,74.2,74.2,1834,2968
pitanga,PR,3,3.213e-05,3,3,607.71,3.94e-05,202.57,202.57,1834,1839
quinta do sol,PR,3,3.213e-05,3,3,178.66,1.158e-05,59.553333,59.553333,1834,3206
reserva,PR,3,3.213e-05,3,3,371.55,2.409e-05,123.85,123.85,1834,2393
salgado filho,PR,3,3.213e-05,3,3,219.94,1.426e-05,73.313333,73.313333,1834,2987
santa isabel do ivai,PR,3,3.213e-05,3,3,478.6,3.103e-05,159.533333,159.533333,1834,2082
santa tereza do oeste,PR,3,3.213e-05,3,3,420.59,2.727e-05,140.196667,140.196667,1834,2245
santa terezinha de itaipu,PR,3,3.213e-05,3,3,378.11,2.452e-05,126.036667,126.036667,1834,2371
santo antonio do sudoeste,PR,3,3.213e-05,3,3,268.07,1.738e-05,89.356667,89.356667,1834,2763
sao pedro do ivai,PR,3,3.213e-05,3,3,546.72,3.545e-05,182.24,182.24,1834,1938
terra roxa,PR,3,3.213e-05,3,3,629.03,4.079e-05,209.676667,209.676667,1834,1813
tomazina,PR,3,3.213e-05,3,3,411.31,2.667e-05,137.103333,137.103333,1834,2274
urai,PR,3,3.213e-05,3,3,334.39,2.168e-05,111.463333,111.463333,1834,2515
ventania,PR,3,3.213e-05,3,3,209.88,1.361e-05,69.96,69.96,1834,3044
vera cruz do oeste,PR,3,3.213e-05,3,3,488.34,3.166e-05,162.78,162.78,1834,2059
vere,PR,3,3.213e-05,3,3,848.97,5.505e-05,282.99,282.99,1834,1530
anta,RJ,3,3.213e-05,3,3,291.53,1.89e-05,97.176667,97.176667,1834,2677
arrozal,RJ,3,3.213e-05,3,3,912.81,5.919e-05,304.27,304.27,1834,1465
ipiabas,RJ,3,3.213e-05,4,4,663.14,4.3e-05,221.046667,165.785,1834,1759
rio claro,RJ,3,3.213e-05,3,3,444.48,2.882e-05,148.16,148.16,1834,2174
sao jose de uba,RJ,3,3.213e-05,3,3,544.52,3.531e-05,181.506667,181.506667,1834,1943
sao jose do turvo,RJ,3,3.213e-05,3,3,285.36,1.85e-05,95.12,95.12,1834,2702
apodi,RN,3,3.213e-05,3,3,492.07,3.191e-05,164.023333,164.023333,1834,2050
areia branca,RN,3,3.213e-05,3,3,312.99,2.029e-05,104.33,104.33,1834,2595
caraubas,RN,3,3.213e-05,3,3,1246.76,8.084e-05,415.586667,415.586667,1834,1186
goianinha,RN,3,3.213e-05,3,3,454.71,2.948e-05,151.57,151.57,1834,2149
jardim do serido,RN,3,3.213e-05,3,3,555.81,3.604e-05,185.27,185.27,1834,1923
patu,RN,3,3.213e-05,3,3,302.87,1.964e-05,100.956667,100.956667,1834,2635
sao jose de mipibu,RN,3,3.213e-05,3,3,956.19,6.2e-05,318.73,318.73,1834,1419
sao miguel,RN,3,3.213e-05,4,4,1004.52,6.513e-05,334.84,251.13,1834,1373
upanema,RN,3,3.213e-05,3,3,1476.25,9.572e-05,492.083333,492.083333,1834,1047
alta floresta d'oeste,RO,3,3.213e-05,3,3,805.5,5.223e-05,268.5,268.5,1834,1582
colorado do oeste,RO,3,3.213e-05,3,3,334.64,2.17e-05,111.546667,111.546667,1834,2513
guajara-mirim,RO,3,3.213e-05,3,3,202.85,1.315e-05,67.616667,67.616667,1834,3073
machadinho d'oeste,RO,3,3.213e-05,3,3,572.96,3.715e-05,190.986667,190.986667,1834,1893
sao miguel do guapore,RO,3,3.213e-05,4,4,622.23,4.035e-05,207.41,155.5575,1834,1818
urupa,RO,3,3.213e-05,3,3,403.21,2.614e-05,134.403333,134.403333,1834,2291
arroio grande,RS,3,3.213e-05,3,3,457.84,2.969e-05,152.613333,152.613333,1834,2142
arvorezinha,RS,3,3.213e-05,4,4,328.79,2.132e-05,109.596667,82.1975,1834,2537
barros cassal,RS,3,3.213e-05,3,3,800.36,5.19e-05,266.786667,266.786667,1834,1591
cacequi,RS,3,3.213e-05,3,3,342.23,2.219e-05,114.076667,114.076667,1834,2489
campos borges,RS,3,3.213e-05,3,3,877.04,5.687e-05,292.346667,292.346667,1834,1505
capao do cipo,RS,3,3.213e-05,3,3,400.98,2.6e-05,133.66,133.66,1834,2295
colorado,RS,3,3.213e-05,3,3,259.8,1.685e-05,86.6,86.6,1834,2803
cristal,RS,3,3.213e-05,3,3,631.04,4.092e-05,210.346667,210.346667,1834,1808
cruzeiro do sul,RS,3,3.213e-05,3,3,2383.28,0.00015453,794.426667,794.426667,1834,714
entre-ijuis,RS,3,3.213e-05,3,3,585.04,3.793e-05,195.013333,195.013333,1834,1872
gaurama,RS,3,3.213e-05,3,3,356.61,2.312e-05,118.87,118.87,1834,2439
ilopolis,RS,3,3.213e-05,3,3,231.58,1.502e-05,77.193333,77.193333,1834,2924
imigrante,RS,3,3.213e-05,3,3,357.35,2.317e-05,119.116667,119.116667,1834,2436
jaguari,RS,3,3.213e-05,3,3,209.34,1.357e-05,69.78,69.78,1834,3047
lavras do sul,RS,3,3.213e-05,3,3,646.56,4.192e-05,215.52,215.52,1834,1784
manoel viana,RS,3,3.213e-05,3,3,260.36,1.688e-05,86.786667,86.786667,1834,2799
maximiliano de almeida,RS,3,3.213e-05,3,3,422.55,2.74e-05,140.85,140.85,1834,2239
morro reuter,RS,3,3.213e-05,3,3,741.4,4.807e-05,247.133333,247.133333,1834,1658
nova alvorada,RS,3,3.213e-05,3,3,331.88,2.152e-05,110.626667,110.626667,1834,2528
nova hartz,RS,3,3.213e-05,3,3,755.22,4.897e-05,251.74,251.74,1834,1638
pantano grande,RS,3,3.213e-05,3,3,348.93,2.262e-05,116.31,116.31,1834,2468
parai,RS,3,3.213e-05,3,3,290.6,1.884e-05,96.866667,96.866667,1834,2683
pedro osorio,RS,3,3.213e-05,3,3,752.98,4.882e-05,250.993333,250.993333,1834,1642
planalto,RS,3,3.213e-05,3,3,337.81,2.19e-05,112.603333,112.603333,1834,2503
restinga seca,RS,3,3.213e-05,3,3,324.33,2.103e-05,108.11,108.11,1834,2551
sao valentim,RS,3,3.213e-05,3,3,609.47,3.952e-05,203.156667,203.156667,1834,1837
sertao,RS,3,3.213e-05,3,3,410.35,2.661e-05,136.783333,136.783333,1834,2275
sobradinho,RS,3,3.213e-05,3,3,403.11,2.614e-05,134.37,134.37,1834,2292
tenente portela,RS,3,3.213e-05,3,3,604.05,3.917e-05,201.35,201.35,1834,1845
toropi,RS,3,3.213e-05,3,3,1682.98,0.00010913,560.993333,560.993333,1834,933
tres arroios,RS,3,3.213e-05,3,3,236.8,1.535e-05,78.933333,78.933333,1834,2905
trindade do sul,RS,3,3.213e-05,4,4,3372.73,0.00021869,1124.243333,843.1825,1834,542
tucunduva,RS,3,3.213e-05,3,3,437.36,2.836e-05,145.786667,145.786667,1834,2192
tupancireta,RS,3,3.213e-05,4,4,469.51,3.044e-05,156.503333,117.3775,1834,2111
tupandi,RS,3,3.213e-05,3,3,361.04,2.341e-05,120.346667,120.346667,1834,2422
vale real,RS,3,3.213e-05,3,3,264.34,1.714e-05,88.113333,88.113333,1834,2778
vera cruz,RS,3,3.213e-05,4,4,676.1,4.384e-05,225.366667,169.025,1834,1744
vila flores,RS,3,3.213e-05,3,3,462.5,2.999e-05,154.166667,154.166667,1834,2130
vila langaro,RS,3,3.213e-05,3,3,191.91,1.244e-05,63.97,63.97,1834,3132
anchieta,SC,3,3.213e-05,3,3,357.53,2.318e-05,119.176667,119.176667,1834,2435
balneario gaivota,SC,3,3.213e-05,3,3,329.12,2.134e-05,109.706667,109.706667,1834,2534
balneario rincao,SC,3,3.213e-05,3,3,444.3,2.881e-05,148.1,148.1,1834,2175
caibi,SC,3,3.213e-05,3,3,180.41,1.17e-05,60.136667,60.136667,1834,3197
dionisio cerqueira,SC,3,3.213e-05,3,3,500.54,3.246e-05,166.846667,166.846667,1834,2030
governador celso ramos,SC,3,3.213e-05,3,3,463.36,3.004e-05,154.453333,154.453333,1834,2127
grao para,SC,3,3.213e-05,3,3,269.93,1.75e-05,89.976667,89.976667,1834,2751
irani,SC,3,3.213e-05,4,4,372.32,2.414e-05,124.106667,93.08,1834,2389
ita,SC,3,3.213e-05,3,3,368.03,2.386e-05,122.676667,122.676667,1834,2402
lontras,SC,3,3.213e-05,3,3,455.59,2.954e-05,151.863333,151.863333,1834,2147
major vieira,SC,3,3.213e-05,3,3,329.03,2.133e-05,109.676667,109.676667,1834,2535
massaranduba,SC,3,3.213e-05,3,3,479.34,3.108e-05,159.78,159.78,1834,2080
meleiro,SC,3,3.213e-05,3,3,262.79,1.704e-05,87.596667,87.596667,1834,2789
nova erechim,SC,3,3.213e-05,3,3,306.78,1.989e-05,102.26,102.26,1834,2623
nova veneza,SC,3,3.213e-05,3,3,470.9,3.053e-05,156.966667,156.966667,1834,2107
palmeira,SC,3,3.213e-05,3,3,665.88,4.318e-05,221.96,221.96,1834,1755
petrolandia,SC,3,3.213e-05,5,5,712.05,4.617e-05,237.35,142.41,1834,1691
ponte serrada,SC,3,3.213e-05,3,3,483.78,3.137e-05,161.26,161.26,1834,2068
pouso redondo,SC,3,3.213e-05,3,3,655.27,4.249e-05,218.423333,218.423333,1834,1773
rio do oeste,SC,3,3.213e-05,3,3,433.84,2.813e-05,144.613333,144.613333,1834,2206
rio fortuna,SC,3,3.213e-05,3,3,527.47,3.42e-05,175.823333,175.823333,1834,1965
riqueza,SC,3,3.213e-05,3,3,302.68,1.963e-05,100.893333,100.893333,1834,2638
sangao,SC,3,3.213e-05,3,3,316.25,2.051e-05,105.416667,105.416667,1834,2581
sao jose do cerrito,SC,3,3.213e-05,3,3,333.34,2.161e-05,111.113333,111.113333,1834,2521
sao ludgero,SC,3,3.213e-05,3,3,746.51,4.84e-05,248.836667,248.836667,1834,1654
timbe do sul,SC,3,3.213e-05,3,3,262.92,1.705e-05,87.64,87.64,1834,2787
urubici,SC,3,3.213e-05,3,3,378.58,2.455e-05,126.193333,126.193333,1834,2370
witmarsum,SC,3,3.213e-05,3,3,230.35,1.494e-05,76.783333,76.783333,1834,2928
barra dos coqueiros,SE,3,3.213e-05,3,3,629.46,4.081e-05,209.82,209.82,1834,1811
cedro de sao joao,SE,3,3.213e-05,3,3,2235.98,0.00014498,745.326667,745.326667,1834,753
propria,SE,3,3.213e-05,3,3,559.99,3.631e-05,186.663333,186.663333,1834,1914
sao francisco,SE,3,3.213e-05,3,3,1072.06,6.951e-05,357.353333,357.353333,1834,1309
umbauba,SE,3,3.213e-05,3,3,315.39,2.045e-05,105.13,105.13,1834,2586
aguas de santa barbara,SP,3,3.213e-05,3,3,202.03,1.31e-05,67.343333,67.343333,1834,3075
alambari,SP,3,3.213e-05,3,3,228.94,1.484e-05,76.313333,76.313333,1834,2940
arandu,SP,3,3.213e-05,3,3,332.64,2.157e-05,110.88,110.88,1834,2523
arealva,SP,3,3.213e-05,3,3,236.92,1.536e-05,78.973333,78.973333,1834,2903
areias,SP,3,3.213e-05,3,3,568.63,3.687e-05,189.543333,189.543333,1834,1901
areiopolis,SP,3,3.213e-05,3,3,944.24,6.122e-05,314.746667,314.746667,1834,1435
barra do turvo,SP,3,3.213e-05,3,3,380.5,2.467e-05,126.833333,126.833333,1834,2362
capela do alto,SP,3,3.213e-05,3,3,1004.25,6.512e-05,334.75,334.75,1834,1374
cruzalia,SP,3,3.213e-05,3,3,348.25,2.258e-05,116.083333,116.083333,1834,2471
dumont,SP,3,3.213e-05,3,3,336.92,2.185e-05,112.306667,112.306667,1834,2505
estrela do norte,SP,3,3.213e-05,3,3,210.77,1.367e-05,70.256667,70.256667,1834,3035
gastao vidigal,SP,3,3.213e-05,3,3,283.72,1.84e-05,94.573333,94.573333,1834,2706
guapiara,SP,3,3.213e-05,3,3,251.95,1.634e-05,83.983333,83.983333,1834,2836
herculandia,SP,3,3.213e-05,3,3,220.64,1.431e-05,73.546667,73.546667,1834,2982
ilha comprida,SP,3,3.213e-05,3,3,254.85,1.652e-05,84.95,84.95,1834,2821
indiana,SP,3,3.213e-05,3,3,389.33,2.524e-05,129.776667,129.776667,1834,2337
indiapora,SP,3,3.213e-05,3,3,404.14,2.62e-05,134.713333,134.713333,1834,2290
inubia paulista,SP,3,3.213e-05,3,3,344.7,2.235e-05,114.9,114.9,1834,2480
jaborandi,SP,3,3.213e-05,3,3,166.38,1.079e-05,55.46,55.46,1834,3291
joao ramalho,SP,3,3.213e-05,3,3,479.57,3.11e-05,159.856667,159.856667,1834,2079
lagoinha,SP,3,3.213e-05,3,3,668.73,4.336e-05,222.91,222.91,1834,1751
luiziania,SP,3,3.213e-05,3,3,270.23,1.752e-05,90.076667,90.076667,1834,2750
lupercio,SP,3,3.213e-05,3,3,172.11,1.116e-05,57.37,57.37,1834,3247
manduri,SP,3,3.213e-05,3,3,287.21,1.862e-05,95.736667,95.736667,1834,2694
mineiros do tiete,SP,3,3.213e-05,3,3,257.34,1.669e-05,85.78,85.78,1834,2814
mombuca,SP,3,3.213e-05,3,3,144.47,9.37e-06,48.156667,48.156667,1834,3434
neves paulista,SP,3,3.213e-05,3,3,154.32,1.001e-05,51.44,51.44,1834,3369
nuporanga,SP,3,3.213e-05,3,3,895.41,5.806e-05,298.47,298.47,1834,1486
oriente,SP,3,3.213e-05,3,3,1075.02,6.97e-05,358.34,358.34,1834,1306
oscar bressane,SP,3,3.213e-05,3,3,339.93,2.204e-05,113.31,113.31,1834,2498
ouro verde,SP,3,3.213e-05,3,3,356.04,2.309e-05,118.68,118.68,1834,2443
poloni,SP,3,3.213e-05,3,3,222.41,1.442e-05,74.136667,74.136667,1834,2970
quadra,SP,3,3.213e-05,3,3,501.88,3.254e-05,167.293333,167.293333,1834,2028
reginopolis,SP,3,3.213e-05,3,3,1719.32,0.00011148,573.106667,573.106667,1834,922
ribeira,SP,3,3.213e-05,3,3,248.03,1.608e-05,82.676667,82.676667,1834,2856
ribeirao do sul,SP,3,3.213e-05,3,3,415.45,2.694e-05,138.483333,138.483333,1834,2262
riolandia,SP,3,3.213e-05,3,3,470.31,3.05e-05,156.77,156.77,1834,2109
sabino,SP,3,3.213e-05,3,3,802.87,5.206e-05,267.623333,267.623333,1834,1588
santa cruz da conceicao,SP,3,3.213e-05,4,4,476.27,3.088e-05,158.756667,119.0675,1834,2092
santa lucia,SP,3,3.213e-05,3,3,454.26,2.945e-05,151.42,151.42,1834,2151
santa rita d'oeste,SP,3,3.213e-05,3,3,219.73,1.425e-05,73.243333,73.243333,1834,2988
santo antonio da alegria,SP,3,3.213e-05,3,3,250.03,1.621e-05,83.343333,83.343333,1834,2846
sao joao de iracema,SP,3,3.213e-05,3,3,213.38,1.384e-05,71.126667,71.126667,1834,3026
sao jose da bela vista,SP,3,3.213e-05,3,3,379.07,2.458e-05,126.356667,126.356667,1834,2369
sao luis do paraitinga,SP,3,3.213e-05,3,3,945.99,6.134e-05,315.33,315.33,1834,1432
silveiras,SP,3,3.213e-05,3,3,474.25,3.075e-05,158.083333,158.083333,1834,2096
taquarivai,SP,3,3.213e-05,3,3,738.9,4.791e-05,246.3,246.3,1834,1661
timburi,SP,3,3.213e-05,3,3,390.86,2.534e-05,130.286667,130.286667,1834,2333
uchoa,SP,3,3.213e-05,3,3,641.29,4.158e-05,213.763333,213.763333,1834,1795
urania,SP,3,3.213e-05,4,4,980.28,6.356e-05,326.76,245.07,1834,1398
valentim gentil,SP,3,3.213e-05,3,3,418.87,2.716e-05,139.623333,139.623333,1834,2253
vista alegre do alto,SP,3,3.213e-05,3,3,327.67,2.125e-05,109.223333,109.223333,1834,2543
colinas do tocantins,TO,3,3.213e-05,3,3,643.08,4.17e-05,214.36,214.36,1834,1792
conceicao do tocantins,TO,3,3.213e-05,3,3,433.97,2.814e-05,144.656667,144.656667,1834,2205
cristalandia,TO,3,3.213e-05,3,3,1067.93,6.925e-05,355.976667,355.976667,1834,1314
formoso do araguaia,TO,3,3.213e-05,4,4,354.12,2.296e-05,118.04,88.53,1834,2449
pedro afonso,TO,3,3.213e-05,3,3,368.9,2.392e-05,122.966667,122.966667,1834,2399
taguatinga,TO,3,3.213e-05,3,3,454.45,2.947e-05,151.483333,151.483333,1834,2150
xambioa,TO,3,3.213e-05,3,3,429.76,2.787e-05,143.253333,143.253333,1834,2220
senador guiomard,AC,2,2.142e-05,2,2,547.09,3.547e-05,273.545,273.545,2285,1935
xapuri,AC,2,2.142e-05,2,2,445.89,2.891e-05,222.945,222.945,2285,2169
anadia,AL,2,2.142e-05,2,2,462.6,3e-05,231.3,231.3,2285,2128
barra de santo antonio,AL,2,2.142e-05,2,2,629.12,4.079e-05,314.56,314.56,2285,1812
barra de sao miguel,AL,2,2.142e-05,2,2,226.64,1.47e-05,113.32,113.32,2285,2951
belem,AL,2,2.142e-05,2,2,527.74,3.422e-05,263.87,263.87,2285,1964
boca da mata,AL,2,2.142e-05,2,2,298.03,1.932e-05,149.015,149.015,2285,2654
colonia leopoldina,AL,2,2.142e-05,2,2,531.85,3.449e-05,265.925,265.925,2285,1960
feliz deserto,AL,2,2.142e-05,2,2,423.75,2.748e-05,211.875,211.875,2285,2236
ibateguara,AL,2,2.142e-05,2,2,152.86,9.91e-06,76.43,76.43,2285,3379
igaci,AL,2,2.142e-05,2,2,395.0,2.561e-05,197.5,197.5,2285,2319
igreja nova,AL,2,2.142e-05,2,2,315.91,2.048e-05,157.955,157.955,2285,2584
inhapi,AL,2,2.142e-05,2,2,1075.1,6.971e-05,537.55,537.55,2285,1305
jequia da praia,AL,2,2.142e-05,2,2,351.24,2.277e-05,175.62,175.62,2285,2459
junqueiro,AL,2,2.142e-05,2,2,464.41,3.011e-05,232.205,232.205,2285,2123
maravilha,AL,2,2.142e-05,2,2,297.54,1.929e-05,148.77,148.77,2285,2655
mata grande,AL,2,2.142e-05,2,2,469.35,3.043e-05,234.675,234.675,2285,2113
olho d'agua das flores,AL,2,2.142e-05,3,3,346.07,2.244e-05,173.035,115.356667,2285,2475
paulo jacinto,AL,2,2.142e-05,3,3,857.09,5.557e-05,428.545,285.696667,2285,1523
pindoba,AL,2,2.142e-05,2,2,542.52,3.518e-05,271.26,271.26,2285,1946
porto calvo,AL,2,2.142e-05,2,2,397.93,2.58e-05,198.965,198.965,2285,2309
sao jose da laje,AL,2,2.142e-05,2,2,296.36,1.922e-05,148.18,148.18,2285,2658
sao luis do quitunde,AL,2,2.142e-05,2,2,351.55,2.279e-05,175.775,175.775,2285,2458
sao miguel dos campos,AL,2,2.142e-05,2,2,1054.11,6.835e-05,527.055,527.055,2285,1328
satuba,AL,2,2.142e-05,2,2,438.32,2.842e-05,219.16,219.16,2285,2190
urucurituba,AM,2,2.142e-05,2,2,242.94,1.575e-05,121.47,121.47,2285,2881
laranjal do jari,AP,2,2.142e-05,2,2,426.18,2.763e-05,213.09,213.09,2285,2232
abaira,BA,2,2.142e-05,2,2,203.0,1.316e-05,101.5,101.5,2285,3072
abare,BA,2,2.142e-05,2,2,224.73,1.457e-05,112.365,112.365,2285,2959
antonio cardoso,BA,2,2.142e-05,2,2,439.92,2.852e-05,219.96,219.96,2285,2185
arembepe,BA,2,2.142e-05,2,2,494.06,3.204e-05,247.03,247.03,2285,2047
baianopolis,BA,2,2.142e-05,2,2,493.28,3.198e-05,246.64,246.64,2285,2049
barra,BA,2,2.142e-05,2,2,194.84,1.263e-05,97.42,97.42,2285,3117
barro alto,BA,2,2.142e-05,2,2,132.18,8.57e-06,66.09,66.09,2285,3531
bom jesus da serra,BA,2,2.142e-05,2,2,322.29,2.09e-05,161.145,161.145,2285,2555
boninal,BA,2,2.142e-05,2,2,909.8,5.899e-05,454.9,454.9,2285,1472
bonito,BA,2,2.142e-05,2,2,435.25,2.822e-05,217.625,217.625,2285,2201
buritirama,BA,2,2.142e-05,2,2,286.11,1.855e-05,143.055,143.055,2285,2696
caldeirao grande,BA,2,2.142e-05,2,2,268.87,1.743e-05,134.435,134.435,2285,2758
carinhanha,BA,2,2.142e-05,2,2,451.5,2.928e-05,225.75,225.75,2285,2156
castro alves,BA,2,2.142e-05,2,2,101.76,6.6e-06,50.88,50.88,2285,3735
catu de abrantes,BA,2,2.142e-05,2,2,1295.86,8.402e-05,647.93,647.93,2285,1154
conceicao da feira,BA,2,2.142e-05,2,2,802.95,5.206e-05,401.475,401.475,2285,1587
conde,BA,2,2.142e-05,2,2,881.52,5.716e-05,440.76,440.76,2285,1497
correntina,BA,2,2.142e-05,2,2,188.11,1.22e-05,94.055,94.055,2285,3154
cristopolis,BA,2,2.142e-05,2,2,113.95,7.39e-06,56.975,56.975,2285,3646
dario meira,BA,2,2.142e-05,2,2,225.26,1.461e-05,112.63,112.63,2285,2956
elisio medrado,BA,2,2.142e-05,2,2,118.75,7.7e-06,59.375,59.375,2285,3601
fatima,BA,2,2.142e-05,2,2,522.28,3.386e-05,261.14,261.14,2285,1978
guaratinga,BA,2,2.142e-05,2,2,76.57,4.96e-06,38.285,38.285,2285,3920
ibiassuce,BA,2,2.142e-05,2,2,218.42,1.416e-05,109.21,109.21,2285,2994
ibipitanga,BA,2,2.142e-05,2,2,396.72,2.572e-05,198.36,198.36,2285,2313
ibirataia,BA,2,2.142e-05,2,2,91.72,5.95e-06,45.86,45.86,2285,3804
ichu,BA,2,2.142e-05,2,2,197.92,1.283e-05,98.96,98.96,2285,3101
iguai,BA,2,2.142e-05,2,2,587.14,3.807e-05,293.57,293.57,2285,1867
iramaia,BA,2,2.142e-05,2,2,199.37,1.293e-05,99.685,99.685,2285,3089
irara,BA,2,2.142e-05,2,2,222.82,1.445e-05,111.41,111.41,2285,2965
itabatan,BA,2,2.142e-05,2,2,196.4,1.273e-05,98.2,98.2,2285,3109
itagi,BA,2,2.142e-05,2,2,164.64,1.068e-05,82.32,82.32,2285,3303
itagiba,BA,2,2.142e-05,2,2,144.86,9.39e-06,72.43,72.43,2285,3427
itapicuru,BA,2,2.142e-05,2,2,181.54,1.177e-05,90.77,90.77,2285,3186
itororo,BA,2,2.142e-05,2,2,709.37,4.6e-05,354.685,354.685,2285,1696
jaguaquara,BA,2,2.142e-05,2,2,237.14,1.538e-05,118.57,118.57,2285,2902
jucurucu,BA,2,2.142e-05,2,2,478.31,3.101e-05,239.155,239.155,2285,2083
jussari,BA,2,2.142e-05,2,2,213.19,1.382e-05,106.595,106.595,2285,3028
mairi,BA,2,2.142e-05,2,2,974.31,6.317e-05,487.155,487.155,2285,1403
maragogipe,BA,2,2.142e-05,2,2,195.04,1.265e-05,97.52,97.52,2285,3115
mascote,BA,2,2.142e-05,2,2,158.99,1.031e-05,79.495,79.495,2285,3331
milagres,BA,2,2.142e-05,2,2,563.44,3.653e-05,281.72,281.72,2285,1910
morpara,BA,2,2.142e-05,2,2,393.73,2.553e-05,196.865,196.865,2285,2326
muquem do sao francisco,BA,2,2.142e-05,2,2,104.21,6.76e-06,52.105,52.105,2285,3720
nova canaa,BA,2,2.142e-05,2,2,210.08,1.362e-05,105.04,105.04,2285,3043
olindina,BA,2,2.142e-05,2,2,229.59,1.489e-05,114.795,114.795,2285,2934
oliveira dos brejinhos,BA,2,2.142e-05,2,2,185.84,1.205e-05,92.92,92.92,2285,3167
palmeiras,BA,2,2.142e-05,2,2,292.3,1.895e-05,146.15,146.15,2285,2672
paripiranga,BA,2,2.142e-05,2,2,156.65,1.016e-05,78.325,78.325,2285,3349
piata,BA,2,2.142e-05,2,2,131.35,8.52e-06,65.675,65.675,2285,3538
pindai,BA,2,2.142e-05,2,2,171.54,1.112e-05,85.77,85.77,2285,3249
pintadas,BA,2,2.142e-05,2,2,520.5,3.375e-05,260.25,260.25,2285,1985
piripa,BA,2,2.142e-05,2,2,110.84,7.19e-06,55.42,55.42,2285,3669
pocoes,BA,2,2.142e-05,2,2,399.2,2.588e-05,199.6,199.6,2285,2304
quijingue,BA,2,2.142e-05,2,2,268.06,1.738e-05,134.03,134.03,2285,2764
rio do antonio,BA,2,2.142e-05,2,2,301.75,1.957e-05,150.875,150.875,2285,2645
santa teresinha,BA,2,2.142e-05,2,2,338.1,2.192e-05,169.05,169.05,2285,2502
sao felipe,BA,2,2.142e-05,2,2,827.01,5.362e-05,413.505,413.505,2285,1563
sao jose da vitoria,BA,2,2.142e-05,2,2,225.76,1.464e-05,112.88,112.88,2285,2955
sapeacu,BA,2,2.142e-05,2,2,303.47,1.968e-05,151.735,151.735,2285,2632
saude,BA,2,2.142e-05,2,2,169.98,1.102e-05,84.99,84.99,2285,3258
serra dourada,BA,2,2.142e-05,2,2,234.2,1.519e-05,117.1,117.1,2285,2912
serrolandia,BA,2,2.142e-05,2,2,363.66,2.358e-05,181.83,181.83,2285,2417
sitio do quinto,BA,2,2.142e-05,2,2,131.65,8.54e-06,65.825,65.825,2285,3535
tapiramuta,BA,2,2.142e-05,2,2,1476.9,9.576e-05,738.45,738.45,2285,1046
urandi,BA,2,2.142e-05,2,2,767.81,4.979e-05,383.905,383.905,2285,1623
urucuca,BA,2,2.142e-05,2,2,257.27,1.668e-05,128.635,128.635,2285,2815
vereda,BA,2,2.142e-05,2,2,356.65,2.313e-05,178.325,178.325,2285,2438
wanderley,BA,2,2.142e-05,2,2,333.11,2.16e-05,166.555,166.555,2285,2522
abaiara,CE,2,2.142e-05,2,2,332.15,2.154e-05,166.075,166.075,2285,2526
altaneira,CE,2,2.142e-05,2,2,496.26,3.218e-05,248.13,248.13,2285,2041
apuiares,CE,2,2.142e-05,2,2,421.56,2.733e-05,210.78,210.78,2285,2242
aratuba,CE,2,2.142e-05,2,2,429.74,2.786e-05,214.87,214.87,2285,2221
arneiroz,CE,2,2.142e-05,2,2,462.53,2.999e-05,231.265,231.265,2285,2129
caririacu,CE,2,2.142e-05,2,2,519.14,3.366e-05,259.57,259.57,2285,1993
carnaubal,CE,2,2.142e-05,2,2,265.88,1.724e-05,132.94,132.94,2285,2771
deputado irapuan pinheiro,CE,2,2.142e-05,2,2,239.0,1.55e-05,119.5,119.5,2285,2893
frecheirinha,CE,2,2.142e-05,2,2,213.71,1.386e-05,106.855,106.855,2285,3022
ipaporanga,CE,2,2.142e-05,2,2,453.81,2.943e-05,226.905,226.905,2285,2152
iracema,CE,2,2.142e-05,2,2,308.77,2.002e-05,154.385,154.385,2285,2613
iraucuba,CE,2,2.142e-05,2,2,244.13,1.583e-05,122.065,122.065,2285,2876
jardim,CE,2,2.142e-05,2,2,473.44,3.07e-05,236.72,236.72,2285,2098
lavras da mangabeira,CE,2,2.142e-05,2,2,986.46,6.396e-05,493.23,493.23,2285,1391
massape,CE,2,2.142e-05,2,2,182.79,1.185e-05,91.395,91.395,2285,3176
meruoca,CE,2,2.142e-05,2,2,160.85,1.043e-05,80.425,80.425,2285,3323
milagres,CE,2,2.142e-05,2,2,452.89,2.937e-05,226.445,226.445,2285,2153
milha,CE,2,2.142e-05,2,2,288.3,1.869e-05,144.15,144.15,2285,2692
miraima,CE,2,2.142e-05,2,2,291.3,1.889e-05,145.65,145.65,2285,2679
ocara,CE,2,2.142e-05,2,2,162.69,1.055e-05,81.345,81.345,2285,3312
oros,CE,2,2.142e-05,2,2,160.71,1.042e-05,80.355,80.355,2285,3326
pacoti,CE,2,2.142e-05,2,2,222.29,1.441e-05,111.145,111.145,2285,2972
pedra branca,CE,2,2.142e-05,2,2,88.15,5.72e-06,44.075,44.075,2285,3828
penaforte,CE,2,2.142e-05,2,2,559.03,3.625e-05,279.515,279.515,2285,1916
pentecoste,CE,2,2.142e-05,2,2,299.21,1.94e-05,149.605,149.605,2285,2653
potengi,CE,2,2.142e-05,2,2,331.95,2.152e-05,165.975,165.975,2285,2527
quixelo,CE,2,2.142e-05,2,2,200.25,1.298e-05,100.125,100.125,2285,3086
quixere,CE,2,2.142e-05,2,2,837.16,5.428e-05,418.58,418.58,2285,1552
solonopole,CE,2,2.142e-05,2,2,785.74,5.095e-05,392.87,392.87,2285,1608
trairi,CE,2,2.142e-05,2,2,543.53,3.524e-05,271.765,271.765,2285,1945
uruoca,CE,2,2.142e-05,2,2,295.57,1.916e-05,147.785,147.785,2285,2659
varzea alegre,CE,2,2.142e-05,2,2,198.65,1.288e-05,99.325,99.325,2285,3095
alto rio novo,ES,2,2.142e-05,2,2,327.23,2.122e-05,163.615,163.615,2285,2544
braco do rio,ES,2,2.142e-05,2,2,138.93,9.01e-06,69.465,69.465,2285,3479
celina,ES,2,2.142e-05,2,2,208.23,1.35e-05,104.115,104.115,2285,3053
governador lindenberg,ES,2,2.142e-05,2,2,136.28,8.84e-06,68.14,68.14,2285,3506
irupi,ES,2,2.142e-05,2,2,287.63,1.865e-05,143.815,143.815,2285,2693
itaoca,ES,2,2.142e-05,2,2,497.2,3.224e-05,248.6,248.6,2285,2037
iuna,ES,2,2.142e-05,2,2,176.27,1.143e-05,88.135,88.135,2285,3218
jacigua,ES,2,2.142e-05,2,2,175.11,1.135e-05,87.555,87.555,2285,3230
jeronimo monteiro,ES,2,2.142e-05,2,2,321.11,2.082e-05,160.555,160.555,2285,2559
muniz freire,ES,2,2.142e-05,2,2,279.13,1.81e-05,139.565,139.565,2285,2725
presidente kennedy,ES,2,2.142e-05,2,2,282.31,1.831e-05,141.155,141.155,2285,2710
vila nelita,ES,2,2.142e-05,2,2,167.98,1.089e-05,83.99,83.99,2285,3277
alto horizonte,GO,2,2.142e-05,2,2,285.15,1.849e-05,142.575,142.575,2285,2704
alvorada do norte,GO,2,2.142e-05,3,3,221.72,1.438e-05,110.86,73.906667,2285,2975
araguapaz,GO,2,2.142e-05,2,2,160.89,1.043e-05,80.445,80.445,2285,3322
bonfinopolis,GO,2,2.142e-05,2,2,512.6,3.324e-05,256.3,256.3,2285,2007
brazabrantes,GO,2,2.142e-05,2,2,82.7,5.36e-06,41.35,41.35,2285,3873
cachoeira dourada,GO,2,2.142e-05,2,2,185.02,1.2e-05,92.51,92.51,2285,3171
campo alegre de goias,GO,2,2.142e-05,2,2,240.27,1.558e-05,120.135,120.135,2285,2889
carmo do rio verde,GO,2,2.142e-05,2,2,206.32,1.338e-05,103.16,103.16,2285,3059
cavalcante,GO,2,2.142e-05,2,2,228.07,1.479e-05,114.035,114.035,2285,2944
corumba de goias,GO,2,2.142e-05,2,2,163.28,1.059e-05,81.64,81.64,2285,3308
cumari,GO,2,2.142e-05,2,2,229.51,1.488e-05,114.755,114.755,2285,2936
damianopolis,GO,2,2.142e-05,2,2,63.84,4.14e-06,31.92,31.92,2285,4046
domiciano ribeiro,GO,2,2.142e-05,2,2,149.38,9.69e-06,74.69,74.69,2285,3391
doverlandia,GO,2,2.142e-05,2,2,311.87,2.022e-05,155.935,155.935,2285,2600
hidrolina,GO,2,2.142e-05,2,2,218.96,1.42e-05,109.48,109.48,2285,2990
itaguacu,GO,2,2.142e-05,2,2,114.1,7.4e-06,57.05,57.05,2285,3645
itaguaru,GO,2,2.142e-05,2,2,117.66,7.63e-06,58.83,58.83,2285,3611
itapirapua,GO,2,2.142e-05,2,2,495.34,3.212e-05,247.67,247.67,2285,2045
jesupolis,GO,2,2.142e-05,2,2,195.34,1.267e-05,97.67,97.67,2285,3113
mambai,GO,2,2.142e-05,2,2,921.9,5.978e-05,460.95,460.95,2285,1454
mara rosa,GO,2,2.142e-05,2,2,218.17,1.415e-05,109.085,109.085,2285,2997
matrincha,GO,2,2.142e-05,2,2,207.18,1.343e-05,103.59,103.59,2285,3056
mundo novo,GO,2,2.142e-05,2,2,340.15,2.206e-05,170.075,170.075,2285,2494
nazario,GO,2,2.142e-05,2,2,274.39,1.779e-05,137.195,137.195,2285,2737
portelandia,GO,2,2.142e-05,2,2,130.63,8.47e-06,65.315,65.315,2285,3542
santa cruz de goias,GO,2,2.142e-05,2,2,779.69,5.056e-05,389.845,389.845,2285,1613
simolandia,GO,2,2.142e-05,2,2,169.73,1.101e-05,84.865,84.865,2285,3262
turvania,GO,2,2.142e-05,2,2,117.35,7.61e-06,58.675,58.675,2285,3612
vicentinopolis,GO,2,2.142e-05,2,2,420.55,2.727e-05,210.275,210.275,2285,2246
arari,MA,2,2.142e-05,2,2,828.79,5.374e-05,414.395,414.395,2285,1561
bacuri,MA,2,2.142e-05,3,3,444.21,2.88e-05,222.105,148.07,2285,2178
boa vista do gurupi,MA,2,2.142e-05,2,2,154.75,1.003e-05,77.375,77.375,2285,3362
bom jesus das selvas,MA,2,2.142e-05,2,2,301.42,1.954e-05,150.71,150.71,2285,2647
campestre do maranhao,MA,2,2.142e-05,2,2,340.95,2.211e-05,170.475,170.475,2285,2492
capinzal do norte,MA,2,2.142e-05,2,2,460.6,2.987e-05,230.3,230.3,2285,2133
carolina,MA,2,2.142e-05,2,2,500.69,3.246e-05,250.345,250.345,2285,2029
carutapera,MA,2,2.142e-05,2,2,251.23,1.629e-05,125.615,125.615,2285,2838
coelho neto,MA,2,2.142e-05,3,3,418.6,2.714e-05,209.3,139.533333,2285,2254
maioba,MA,2,2.142e-05,2,2,696.95,4.519e-05,348.475,348.475,2285,1719
mata roma,MA,2,2.142e-05,2,2,260.91,1.692e-05,130.455,130.455,2285,2794
matoes do norte,MA,2,2.142e-05,2,2,772.28,5.008e-05,386.14,386.14,2285,1617
olho d'agua das cunhas,MA,2,2.142e-05,2,2,370.97,2.405e-05,185.485,185.485,2285,2396
pastos bons,MA,2,2.142e-05,2,2,210.22,1.363e-05,105.11,105.11,2285,3040
porto franco,MA,2,2.142e-05,2,2,349.14,2.264e-05,174.57,174.57,2285,2467
santa luzia,MA,2,2.142e-05,2,2,313.52,2.033e-05,156.76,156.76,2285,2591
sao bento,MA,2,2.142e-05,2,2,661.03,4.286e-05,330.515,330.515,2285,1762
sao domingos do maranhao,MA,2,2.142e-05,2,2,219.51,1.423e-05,109.755,109.755,2285,2989
satubinha,MA,2,2.142e-05,2,2,229.97,1.491e-05,114.985,114.985,2285,2930
sucupira do norte,MA,2,2.142e-05,2,2,404.2,2.621e-05,202.1,202.1,2285,2289
tutoia,MA,2,2.142e-05,2,2,556.87,3.611e-05,278.435,278.435,2285,1920
acaiaca,MG,2,2.142e-05,2,2,207.9,1.348e-05,103.95,103.95,2285,3054
agua comprida,MG,2,2.142e-05,2,2,140.65,9.12e-06,70.325,70.325,2285,3464
alpercata,MG,2,2.142e-05,2,2,260.77,1.691e-05,130.385,130.385,2285,2796
alto caparao,MG,2,2.142e-05,2,2,522.08,3.385e-05,261.04,261.04,2285,1979
alvarenga,MG,2,2.142e-05,2,2,245.11,1.589e-05,122.555,122.555,2285,2872
antonio pereira,MG,2,2.142e-05,2,2,122.32,7.93e-06,61.16,61.16,2285,3579
aracitaba,MG,2,2.142e-05,2,2,156.74,1.016e-05,78.37,78.37,2285,3346
araponga,MG,2,2.142e-05,2,2,305.13,1.978e-05,152.565,152.565,2285,2629
ataleia,MG,2,2.142e-05,2,2,200.69,1.301e-05,100.345,100.345,2285,3079
baldim,MG,2,2.142e-05,2,2,699.04,4.533e-05,349.52,349.52,2285,1716
bandeira do sul,MG,2,2.142e-05,2,2,466.29,3.023e-05,233.145,233.145,2285,2118
bias fortes,MG,2,2.142e-05,2,2,108.48,7.03e-06,54.24,54.24,2285,3682
bonfinopolis de minas,MG,2,2.142e-05,2,2,1433.75,9.297e-05,716.875,716.875,2285,1071
bras pires,MG,2,2.142e-05,2,2,108.02,7e-06,54.01,54.01,2285,3683
cabeceira grande,MG,2,2.142e-05,3,3,348.75,2.261e-05,174.375,116.25,2285,2470
cachoeira da prata,MG,2,2.142e-05,2,2,214.43,1.39e-05,107.215,107.215,2285,3015
cachoeira do campo,MG,2,2.142e-05,2,2,909.84,5.899e-05,454.92,454.92,2285,1471
campanario,MG,2,2.142e-05,2,2,313.29,2.031e-05,156.645,156.645,2285,2593
cantagalo,MG,2,2.142e-05,2,2,314.4,2.039e-05,157.2,157.2,2285,2588
capetinga,MG,2,2.142e-05,2,2,239.37,1.552e-05,119.685,119.685,2285,2891
caputira,MG,2,2.142e-05,2,2,590.66,3.83e-05,295.33,295.33,2285,1863
careacu,MG,2,2.142e-05,2,2,169.59,1.1e-05,84.795,84.795,2285,3264
carlos chagas,MG,2,2.142e-05,2,2,157.37,1.02e-05,78.685,78.685,2285,3343
chacara,MG,2,2.142e-05,2,2,226.28,1.467e-05,113.14,113.14,2285,2953
chale,MG,2,2.142e-05,2,2,156.22,1.013e-05,78.11,78.11,2285,3352
chapada do norte,MG,2,2.142e-05,2,2,411.87,2.671e-05,205.935,205.935,2285,2273
chaveslandia,MG,2,2.142e-05,2,2,277.51,1.799e-05,138.755,138.755,2285,2729
coroaci,MG,2,2.142e-05,2,2,374.99,2.431e-05,187.495,187.495,2285,2379
crisolita,MG,2,2.142e-05,2,2,134.24,8.7e-06,67.12,67.12,2285,3518
cristiano otoni,MG,2,2.142e-05,2,2,279.38,1.812e-05,139.69,139.69,2285,2722
cruzeiro da fortaleza,MG,2,2.142e-05,2,2,144.3,9.36e-06,72.15,72.15,2285,3438
diogo de vasconcelos,MG,2,2.142e-05,2,2,244.71,1.587e-05,122.355,122.355,2285,2875
dionisio,MG,2,2.142e-05,2,2,154.42,1.001e-05,77.21,77.21,2285,3366
divisa alegre,MG,2,2.142e-05,2,2,232.35,1.507e-05,116.175,116.175,2285,2921
dom vicoso,MG,2,2.142e-05,2,2,313.8,2.035e-05,156.9,156.9,2285,2590
dona euzebia,MG,2,2.142e-05,2,2,354.94,2.301e-05,177.47,177.47,2285,2447
durande,MG,2,2.142e-05,2,2,146.19,9.48e-06,73.095,73.095,2285,3418
estrela do indaia,MG,2,2.142e-05,2,2,147.5,9.56e-06,73.75,73.75,2285,3410
ferros,MG,2,2.142e-05,2,2,147.36,9.55e-06,73.68,73.68,2285,3413
formoso,MG,2,2.142e-05,2,2,867.1,5.622e-05,433.55,433.55,2285,1515
francisco dumont,MG,2,2.142e-05,2,2,141.87,9.2e-06,70.935,70.935,2285,3458
fruta de leite,MG,2,2.142e-05,2,2,212.16,1.376e-05,106.08,106.08,2285,3030
goiabeira,MG,2,2.142e-05,2,2,302.27,1.96e-05,151.135,151.135,2285,2642
goiana,MG,2,2.142e-05,3,3,137.25,8.9e-06,68.625,45.75,2285,3495
guaraciaba,MG,2,2.142e-05,2,2,246.93,1.601e-05,123.465,123.465,2285,2863
guarara,MG,2,2.142e-05,2,2,546.57,3.544e-05,273.285,273.285,2285,1939
guarda-mor,MG,2,2.142e-05,2,2,123.11,7.98e-06,61.555,61.555,2285,3576
guidoval,MG,2,2.142e-05,2,2,400.11,2.594e-05,200.055,200.055,2285,2301
icarai de minas,MG,2,2.142e-05,2,2,313.03,2.03e-05,156.515,156.515,2285,2594
imbe de minas,MG,2,2.142e-05,2,2,245.81,1.594e-05,122.905,122.905,2285,2868
inconfidentes,MG,2,2.142e-05,2,2,208.97,1.355e-05,104.485,104.485,2285,3050
inhauma,MG,2,2.142e-05,2,2,161.21,1.045e-05,80.605,80.605,2285,3319
inimutaba,MG,2,2.142e-05,2,2,376.39,2.441e-05,188.195,188.195,2285,2377
irai de minas,MG,2,2.142e-05,2,2,536.94,3.482e-05,268.47,268.47,2285,1954
itamogi,MG,2,2.142e-05,2,2,269.03,1.744e-05,134.515,134.515,2285,2756
itatiaiucu,MG,2,2.142e-05,2,2,167.15,1.084e-05,83.575,83.575,2285,3285
itueta,MG,2,2.142e-05,2,2,508.94,3.3e-05,254.47,254.47,2285,2014
jacinto,MG,2,2.142e-05,2,2,144.46,9.37e-06,72.23,72.23,2285,3436
jequitai,MG,2,2.142e-05,2,2,243.3,1.578e-05,121.65,121.65,2285,2879
jequitiba,MG,2,2.142e-05,2,2,703.86,4.564e-05,351.93,351.93,2285,1707
juvenilia,MG,2,2.142e-05,2,2,109.1,7.07e-06,54.55,54.55,2285,3676
ladainha,MG,2,2.142e-05,2,2,210.21,1.363e-05,105.105,105.105,2285,3041
leandro ferreira,MG,2,2.142e-05,2,2,248.1,1.609e-05,124.05,124.05,2285,2854
limeira do oeste,MG,2,2.142e-05,2,2,502.43,3.258e-05,251.215,251.215,2285,2027
luisburgo,MG,2,2.142e-05,2,2,314.57,2.04e-05,157.285,157.285,2285,2587
luizlandia do oeste,MG,2,2.142e-05,2,2,265.31,1.72e-05,132.655,132.655,2285,2772
luz,MG,2,2.142e-05,2,2,200.53,1.3e-05,100.265,100.265,2285,3081
machacalis,MG,2,2.142e-05,2,2,175.17,1.136e-05,87.585,87.585,2285,3229
martinho campos,MG,2,2.142e-05,2,2,473.7,3.071e-05,236.85,236.85,2285,2097
materlandia,MG,2,2.142e-05,2,2,116.65,7.56e-06,58.325,58.325,2285,3620
mato verde,MG,2,2.142e-05,3,3,651.31,4.223e-05,325.655,217.103333,2285,1779
matutina,MG,2,2.142e-05,2,2,167.66,1.087e-05,83.83,83.83,2285,3281
medeiros,MG,2,2.142e-05,2,2,317.7,2.06e-05,158.85,158.85,2285,2576
monte formoso,MG,2,2.142e-05,2,2,103.19,6.69e-06,51.595,51.595,2285,3723
montezuma,MG,2,2.142e-05,2,2,220.35,1.429e-05,110.175,110.175,2285,2985
nazareno,MG,2,2.142e-05,2,2,190.26,1.234e-05,95.13,95.13,2285,3142
ouro verde de minas,MG,2,2.142e-05,2,2,114.19,7.4e-06,57.095,57.095,2285,3644
pains,MG,2,2.142e-05,3,3,406.77,2.638e-05,203.385,135.59,2285,2282
paiva,MG,2,2.142e-05,2,2,181.74,1.178e-05,90.87,90.87,2285,3184
patrocinio do muriae,MG,2,2.142e-05,2,2,134.38,8.71e-06,67.19,67.19,2285,3516
periquito,MG,2,2.142e-05,2,2,1588.1,0.00010297,794.05,794.05,2285,982
perpetuo socorro,MG,2,2.142e-05,2,2,182.3,1.182e-05,91.15,91.15,2285,3179
piau,MG,2,2.142e-05,2,2,161.44,1.047e-05,80.72,80.72,2285,3316
pimenta,MG,2,2.142e-05,2,2,271.26,1.759e-05,135.63,135.63,2285,2746
pirauba,MG,2,2.142e-05,3,3,307.69,1.995e-05,153.845,102.563333,2285,2617
planura,MG,2,2.142e-05,2,2,151.1,9.8e-06,75.55,75.55,2285,3386
ponto dos volantes,MG,2,2.142e-05,2,2,74.3,4.82e-06,37.15,37.15,2285,3938
porto firme,MG,2,2.142e-05,2,2,188.5,1.222e-05,94.25,94.25,2285,3149
presidente kubitschek,MG,2,2.142e-05,2,2,156.06,1.012e-05,78.03,78.03,2285,3353
riachinho,MG,2,2.142e-05,2,2,124.05,8.04e-06,62.025,62.025,2285,3568
riacho dos machados,MG,2,2.142e-05,3,3,331.25,2.148e-05,165.625,110.416667,2285,2530
ribeirao vermelho,MG,2,2.142e-05,2,2,352.53,2.286e-05,176.265,176.265,2285,2454
rodeiro,MG,2,2.142e-05,3,3,482.21,3.127e-05,241.105,160.736667,2285,2072
romaria,MG,2,2.142e-05,2,2,310.46,2.013e-05,155.23,155.23,2285,2604
salto da divisa,MG,2,2.142e-05,2,2,151.66,9.83e-06,75.83,75.83,2285,3385
santa cruz de salinas,MG,2,2.142e-05,2,2,261.72,1.697e-05,130.86,130.86,2285,2793
santa cruz do prata,MG,2,2.142e-05,2,2,158.72,1.029e-05,79.36,79.36,2285,3334
santa helena de minas,MG,2,2.142e-05,2,2,303.63,1.969e-05,151.815,151.815,2285,2631
santa margarida,MG,2,2.142e-05,2,2,400.35,2.596e-05,200.175,200.175,2285,2300
santa maria do suacui,MG,2,2.142e-05,2,2,517.75,3.357e-05,258.875,258.875,2285,1995
santa rita do ibitipoca,MG,2,2.142e-05,2,2,216.81,1.406e-05,108.405,108.405,2285,3003
santana dos montes,MG,2,2.142e-05,2,2,296.46,1.922e-05,148.23,148.23,2285,2657
santo antonio do grama,MG,2,2.142e-05,2,2,275.36,1.785e-05,137.68,137.68,2285,2735
sao bras do suacui,MG,2,2.142e-05,2,2,129.71,8.41e-06,64.855,64.855,2285,3547
sao francisco de paula,MG,2,2.142e-05,2,2,115.42,7.48e-06,57.71,57.71,2285,3637
sao goncalo do abaete,MG,2,2.142e-05,2,2,216.48,1.404e-05,108.24,108.24,2285,3004
sao joao da mata,MG,2,2.142e-05,2,2,228.39,1.481e-05,114.195,114.195,2285,2943
sao joao das missoes,MG,2,2.142e-05,2,2,165.15,1.071e-05,82.575,82.575,2285,3298
sao joao do manhuacu,MG,2,2.142e-05,2,2,199.26,1.292e-05,99.63,99.63,2285,3090
sao joao do oriente,MG,2,2.142e-05,2,2,318.11,2.063e-05,159.055,159.055,2285,2573
sao jose do goiabal,MG,2,2.142e-05,2,2,247.67,1.606e-05,123.835,123.835,2285,2859
sao roque de minas,MG,2,2.142e-05,2,2,210.54,1.365e-05,105.27,105.27,2285,3037
sao thome das letras,MG,2,2.142e-05,2,2,85.5,5.54e-06,42.75,42.75,2285,3856
senador firmino,MG,2,2.142e-05,2,2,180.44,1.17e-05,90.22,90.22,2285,3196
senador modestino goncalves,MG,2,2.142e-05,2,2,153.17,9.93e-06,76.585,76.585,2285,3376
senhora de oliveira,MG,2,2.142e-05,2,2,169.94,1.102e-05,84.97,84.97,2285,3259
sericita,MG,2,2.142e-05,2,2,253.62,1.644e-05,126.81,126.81,2285,2827
serra azul de minas,MG,2,2.142e-05,2,2,388.01,2.516e-05,194.005,194.005,2285,2340
serrania,MG,2,2.142e-05,2,2,382.17,2.478e-05,191.085,191.085,2285,2358
serro,MG,2,2.142e-05,2,2,876.62,5.684e-05,438.31,438.31,2285,1507
silvianopolis,MG,2,2.142e-05,3,3,186.76,1.211e-05,93.38,62.253333,2285,3161
tabuleiro,MG,2,2.142e-05,2,2,382.78,2.482e-05,191.39,191.39,2285,2354
taquaracu de minas,MG,2,2.142e-05,2,2,392.66,2.546e-05,196.33,196.33,2285,2330
turvolandia,MG,2,2.142e-05,2,2,176.09,1.142e-05,88.045,88.045,2285,3222
varjao de minas,MG,2,2.142e-05,2,2,131.9,8.55e-06,65.95,65.95,2285,3533
varzelandia,MG,2,2.142e-05,2,2,131.44,8.52e-06,65.72,65.72,2285,3536
virgolandia,MG,2,2.142e-05,2,2,413.44,2.681e-05,206.72,206.72,2285,2266
agua clara,MS,2,2.142e-05,2,2,259.17,1.68e-05,129.585,129.585,2285,2805
anastacio,MS,2,2.142e-05,2,2,153.35,9.94e-06,76.675,76.675,2285,3374
bataypora,MS,2,2.142e-05,2,2,292.02,1.893e-05,146.01,146.01,2285,2674
deodapolis,MS,2,2.142e-05,2,2,111.21,7.21e-06,55.605,55.605,2285,3664
itaquirai,MS,2,2.142e-05,2,2,388.72,2.52e-05,194.36,194.36,2285,2338
jaraguari,MS,2,2.142e-05,2,2,110.52,7.17e-06,55.26,55.26,2285,3670
sonora,MS,2,2.142e-05,2,2,91.38,5.93e-06,45.69,45.69,2285,3805
alto garcas,MT,2,2.142e-05,2,2,340.06,2.205e-05,170.03,170.03,2285,2496
arenapolis,MT,2,2.142e-05,2,2,396.46,2.571e-05,198.23,198.23,2285,2314
campinapolis,MT,2,2.142e-05,3,3,387.09,2.51e-05,193.545,129.03,2285,2342
carlinda,MT,2,2.142e-05,2,2,245.67,1.593e-05,122.835,122.835,2285,2869
cotriguacu,MT,2,2.142e-05,2,2,220.48,1.43e-05,110.24,110.24,2285,2984
denise,MT,2,2.142e-05,2,2,566.63,3.674e-05,283.315,283.315,2285,1906
figueiropolis d'oeste,MT,2,2.142e-05,2,2,114.42,7.42e-06,57.21,57.21,2285,3642
gaucha do norte,MT,2,2.142e-05,2,2,214.94,1.394e-05,107.47,107.47,2285,3013
juscimeira,MT,2,2.142e-05,2,2,167.0,1.083e-05,83.5,83.5,2285,3287
nova olimpia,MT,2,2.142e-05,2,2,272.04,1.764e-05,136.02,136.02,2285,2743
paranatinga,MT,2,2.142e-05,2,2,2574.32,0.00016692,1287.16,1287.16,2285,676
porto esperidiao,MT,2,2.142e-05,2,2,278.83,1.808e-05,139.415,139.415,2285,2726
poxoreu,MT,2,2.142e-05,2,2,172.59,1.119e-05,86.295,86.295,2285,3245
reserva do cabacal,MT,2,2.142e-05,2,2,440.88,2.859e-05,220.44,220.44,2285,2182
ribeiraozinho,MT,2,2.142e-05,2,2,358.01,2.321e-05,179.005,179.005,2285,2433
salto do ceu,MT,2,2.142e-05,2,2,175.61,1.139e-05,87.805,87.805,2285,3225
sao jose do rio claro,MT,2,2.142e-05,2,2,351.05,2.276e-05,175.525,175.525,2285,2460
sao jose dos quatro marcos,MT,2,2.142e-05,2,2,312.23,2.025e-05,156.115,156.115,2285,2598
tabapora,MT,2,2.142e-05,2,2,286.07,1.855e-05,143.035,143.035,2285,2697
benevides,PA,2,2.142e-05,2,2,343.03,2.224e-05,171.515,171.515,2285,2487
bom jesus do tocantins,PA,2,2.142e-05,3,3,506.46,3.284e-05,253.23,168.82,2285,2020
bonito,PA,2,2.142e-05,2,2,357.6,2.319e-05,178.8,178.8,2285,2434
curuca,PA,2,2.142e-05,3,3,604.45,3.919e-05,302.225,201.483333,2285,1844
ipixuna do para,PA,2,2.142e-05,2,2,242.99,1.576e-05,121.495,121.495,2285,2880
mae do rio,PA,2,2.142e-05,2,2,203.61,1.32e-05,101.805,101.805,2285,3068
mojui dos campos,PA,2,2.142e-05,2,2,180.87,1.173e-05,90.435,90.435,2285,3190
novo repartimento,PA,2,2.142e-05,2,2,260.16,1.687e-05,130.08,130.08,2285,2801
oeiras do para,PA,2,2.142e-05,2,2,247.46,1.605e-05,123.73,123.73,2285,2861
placas,PA,2,2.142e-05,2,2,318.58,2.066e-05,159.29,159.29,2285,2570
porto trombetas,PA,2,2.142e-05,2,2,300.29,1.947e-05,150.145,150.145,2285,2649
santa maria do para,PA,2,2.142e-05,2,2,164.89,1.069e-05,82.445,82.445,2285,3302
santana do araguaia,PA,2,2.142e-05,2,2,481.59,3.123e-05,240.795,240.795,2285,2073
sao joao de pirabas,PA,2,2.142e-05,2,2,305.33,1.98e-05,152.665,152.665,2285,2627
sao sebastiao da boa vista,PA,2,2.142e-05,2,2,264.6,1.716e-05,132.3,132.3,2285,2775
vigia,PA,2,2.142e-05,2,2,236.75,1.535e-05,118.375,118.375,2285,2906
agua branca,PB,2,2.142e-05,2,2,315.59,2.046e-05,157.795,157.795,2285,2585
alagoinha,PB,2,2.142e-05,2,2,339.52,2.201e-05,169.76,169.76,2285,2499
alhandra,PB,2,2.142e-05,2,2,1307.91,8.481e-05,653.955,653.955,2285,1146
areia,PB,2,2.142e-05,2,2,233.46,1.514e-05,116.73,116.73,2285,2915
conceicao,PB,2,2.142e-05,2,2,175.24,1.136e-05,87.62,87.62,2285,3228
cubati,PB,2,2.142e-05,2,2,187.59,1.216e-05,93.795,93.795,2285,3158
frei martinho,PB,2,2.142e-05,2,2,393.21,2.55e-05,196.605,196.605,2285,2329
itaporanga,PB,2,2.142e-05,2,2,349.92,2.269e-05,174.96,174.96,2285,2465
junco do serido,PB,2,2.142e-05,2,2,318.42,2.065e-05,159.21,159.21,2285,2572
pedras de fogo,PB,2,2.142e-05,2,2,204.63,1.327e-05,102.315,102.315,2285,3064
picui,PB,2,2.142e-05,2,2,221.71,1.438e-05,110.855,110.855,2285,2976
rio tinto,PB,2,2.142e-05,2,2,490.25,3.179e-05,245.125,245.125,2285,2053
sape,PB,2,2.142e-05,2,2,2042.83,0.00013246,1021.415,1021.415,2285,795
afranio,PE,2,2.142e-05,2,2,448.04,2.905e-05,224.02,224.02,2285,2163
amaraji,PE,2,2.142e-05,2,2,521.89,3.384e-05,260.945,260.945,2285,1980
aracoiaba,PE,2,2.142e-05,2,2,120.71,7.83e-06,60.355,60.355,2285,3591
barra de guabiraba,PE,2,2.142e-05,2,2,565.8,3.669e-05,282.9,282.9,2285,1907
belem do sao francisco,PE,2,2.142e-05,2,2,771.02,4.999e-05,385.51,385.51,2285,1619
bodoco,PE,2,2.142e-05,2,2,269.03,1.744e-05,134.515,134.515,2285,2755
buenos aires,PE,2,2.142e-05,2,2,311.83,2.022e-05,155.915,155.915,2285,2601
camocim de sao felix,PE,2,2.142e-05,2,2,420.26,2.725e-05,210.13,210.13,2285,2247
canhotinho,PE,2,2.142e-05,2,2,430.49,2.791e-05,215.245,215.245,2285,2216
caraiba,PE,2,2.142e-05,2,2,487.15,3.159e-05,243.575,243.575,2285,2062
cortes,PE,2,2.142e-05,2,2,305.32,1.98e-05,152.66,152.66,2285,2628
cumaru,PE,2,2.142e-05,2,2,399.98,2.593e-05,199.99,199.99,2285,2302
dormentes,PE,2,2.142e-05,2,2,1067.73,6.923e-05,533.865,533.865,2285,1315
gloria do goita,PE,2,2.142e-05,2,2,587.92,3.812e-05,293.96,293.96,2285,1865
inaja,PE,2,2.142e-05,2,2,432.33,2.803e-05,216.165,216.165,2285,2213
itapetim,PE,2,2.142e-05,2,2,371.99,2.412e-05,185.995,185.995,2285,2392
itaquitinga,PE,2,2.142e-05,2,2,127.79,8.29e-06,63.895,63.895,2285,3551
jatauba,PE,2,2.142e-05,2,2,212.12,1.375e-05,106.06,106.06,2285,3031
jatoba,PE,2,2.142e-05,3,3,523.25,3.393e-05,261.625,174.416667,2285,1975
jupi,PE,2,2.142e-05,2,2,666.86,4.324e-05,333.43,333.43,2285,1754
lagoa do carro,PE,2,2.142e-05,2,2,880.78,5.711e-05,440.39,440.39,2285,1499
lagoa do ouro,PE,2,2.142e-05,2,2,373.35,2.421e-05,186.675,186.675,2285,2382
macaparana,PE,2,2.142e-05,2,2,208.71,1.353e-05,104.355,104.355,2285,3051
moreilandia,PE,2,2.142e-05,2,2,295.12,1.914e-05,147.56,147.56,2285,2663
panelas,PE,2,2.142e-05,2,2,210.49,1.365e-05,105.245,105.245,2285,3038
paudalho,PE,2,2.142e-05,2,2,950.14,6.161e-05,475.07,475.07,2285,1426
riacho das almas,PE,2,2.142e-05,2,2,268.77,1.743e-05,134.385,134.385,2285,2761
rio formoso,PE,2,2.142e-05,2,2,268.93,1.744e-05,134.465,134.465,2285,2757
santa cruz,PE,2,2.142e-05,2,2,362.46,2.35e-05,181.23,181.23,2285,2420
santa maria da boa vista,PE,2,2.142e-05,2,2,488.57,3.168e-05,244.285,244.285,2285,2058
sao jose da coroa grande,PE,2,2.142e-05,2,2,289.79,1.879e-05,144.895,144.895,2285,2684
sao jose do belmonte,PE,2,2.142e-05,2,2,299.84,1.944e-05,149.92,149.92,2285,2652
serrita,PE,2,2.142e-05,2,2,483.72,3.136e-05,241.86,241.86,2285,2069
tacaratu,PE,2,2.142e-05,2,2,263.65,1.71e-05,131.825,131.825,2285,2784
venturosa,PE,2,2.142e-05,2,2,1297.06,8.41e-05,648.53,648.53,2285,1153
vicencia,PE,2,2.142e-05,2,2,325.48,2.11e-05,162.74,162.74,2285,2548
agua branca,PI,2,2.142e-05,2,2,213.41,1.384e-05,106.705,106.705,2285,3025
avelino lopes,PI,2,2.142e-05,2,2,142.72,9.25e-06,71.36,71.36,2285,3448
buriti dos lopes,PI,2,2.142e-05,2,2,356.82,2.314e-05,178.41,178.41,2285,2437
castelo do piaui,PI,2,2.142e-05,2,2,577.67,3.746e-05,288.835,288.835,2285,1881
novo oriente do piaui,PI,2,2.142e-05,2,2,252.57,1.638e-05,126.285,126.285,2285,2832
pimenteiras,PI,2,2.142e-05,2,2,193.21,1.253e-05,96.605,96.605,2285,3127
piracuruca,PI,2,2.142e-05,2,2,347.44,2.253e-05,173.72,173.72,2285,2472
sao miguel do tapuio,PI,2,2.142e-05,2,2,524.54,3.401e-05,262.27,262.27,2285,1973
altamira do parana,PR,2,2.142e-05,2,2,307.11,1.991e-05,153.555,153.555,2285,2621
alto alegre,PR,2,2.142e-05,2,2,200.69,1.301e-05,100.345,100.345,2285,3079
alto parana,PR,2,2.142e-05,2,2,451.84,2.93e-05,225.92,225.92,2285,2154
amapora,PR,2,2.142e-05,2,2,180.65,1.171e-05,90.325,90.325,2285,3194
barbosa ferraz,PR,2,2.142e-05,3,3,562.57,3.648e-05,281.285,187.523333,2285,1912
bocaiuva do sul,PR,2,2.142e-05,2,2,72.7,4.71e-06,36.35,36.35,2285,3957
borrazopolis,PR,2,2.142e-05,2,2,312.23,2.025e-05,156.115,156.115,2285,2598
cafeara,PR,2,2.142e-05,2,2,309.82,2.009e-05,154.91,154.91,2285,2607
california,PR,2,2.142e-05,2,2,133.95,8.69e-06,66.975,66.975,2285,3521
cambira,PR,2,2.142e-05,2,2,519.35,3.367e-05,259.675,259.675,2285,1990
campina da lagoa,PR,2,2.142e-05,2,2,593.82,3.85e-05,296.91,296.91,2285,1858
cantagalo,PR,2,2.142e-05,2,2,153.84,9.98e-06,76.92,76.92,2285,3372
colonia jordaozinho,PR,2,2.142e-05,2,2,1071.03,6.945e-05,535.515,535.515,2285,1312
congonhinhas,PR,2,2.142e-05,2,2,338.86,2.197e-05,169.43,169.43,2285,2500
espigao alto do iguacu,PR,2,2.142e-05,2,2,209.32,1.357e-05,104.66,104.66,2285,3048
flor da serra do sul,PR,2,2.142e-05,2,2,232.06,1.505e-05,116.03,116.03,2285,2922
florai,PR,2,2.142e-05,2,2,422.95,2.742e-05,211.475,211.475,2285,2237
grandes rios,PR,2,2.142e-05,2,2,157.75,1.023e-05,78.875,78.875,2285,3339
guaraci,PR,2,2.142e-05,2,2,701.96,4.552e-05,350.98,350.98,2285,1711
imbau,PR,2,2.142e-05,2,2,154.87,1.004e-05,77.435,77.435,2285,3359
inaja,PR,2,2.142e-05,2,2,90.3,5.86e-06,45.15,45.15,2285,3814
ipiranga,PR,2,2.142e-05,3,3,161.09,1.045e-05,80.545,53.696667,2285,3321
ipora,PR,2,2.142e-05,2,2,254.26,1.649e-05,127.13,127.13,2285,2823
itaguaje,PR,2,2.142e-05,2,2,168.96,1.096e-05,84.48,84.48,2285,3270
itambaraca,PR,2,2.142e-05,2,2,326.27,2.116e-05,163.135,163.135,2285,2546
ivai,PR,2,2.142e-05,2,2,645.77,4.187e-05,322.885,322.885,2285,1786
jaboti,PR,2,2.142e-05,2,2,196.96,1.277e-05,98.48,98.48,2285,3105
jardim alegre,PR,2,2.142e-05,2,2,161.44,1.047e-05,80.72,80.72,2285,3316
juranda,PR,2,2.142e-05,2,2,69.94,4.53e-06,34.97,34.97,2285,3985
kalore,PR,2,2.142e-05,2,2,563.96,3.657e-05,281.98,281.98,2285,1909
lindoeste,PR,2,2.142e-05,2,2,198.25,1.285e-05,99.125,99.125,2285,3099
luiziana,PR,2,2.142e-05,2,2,186.57,1.21e-05,93.285,93.285,2285,3162
lunardelli,PR,2,2.142e-05,2,2,250.08,1.622e-05,125.04,125.04,2285,2845
lupionopolis,PR,2,2.142e-05,2,2,248.77,1.613e-05,124.385,124.385,2285,2851
mariluz,PR,2,2.142e-05,3,3,394.65,2.559e-05,197.325,131.55,2285,2321
matelandia,PR,2,2.142e-05,2,2,87.6,5.68e-06,43.8,43.8,2285,3839
maua da serra,PR,2,2.142e-05,2,2,167.12,1.084e-05,83.56,83.56,2285,3286
mercedes,PR,2,2.142e-05,2,2,266.38,1.727e-05,133.19,133.19,2285,2769
nossa senhora das gracas,PR,2,2.142e-05,2,2,80.75,5.24e-06,40.375,40.375,2285,3889
nova cantu,PR,2,2.142e-05,2,2,234.31,1.519e-05,117.155,117.155,2285,2911
palmeirinha,PR,2,2.142e-05,2,2,93.8,6.08e-06,46.9,46.9,2285,3793
paraiso do norte,PR,2,2.142e-05,3,3,269.21,1.746e-05,134.605,89.736667,2285,2754
pato bragado,PR,2,2.142e-05,2,2,124.83,8.09e-06,62.415,62.415,2285,3562
perola,PR,2,2.142e-05,2,2,313.31,2.032e-05,156.655,156.655,2285,2592
perola d'oeste,PR,2,2.142e-05,2,2,672.75,4.362e-05,336.375,336.375,2285,1749
porto amazonas,PR,2,2.142e-05,2,2,93.21,6.04e-06,46.605,46.605,2285,3797
quitandinha,PR,2,2.142e-05,2,2,405.09,2.627e-05,202.545,202.545,2285,2287
roncador,PR,2,2.142e-05,2,2,191.73,1.243e-05,95.865,95.865,2285,3133
rondon,PR,2,2.142e-05,2,2,318.86,2.068e-05,159.43,159.43,2285,2569
santa izabel do oeste,PR,2,2.142e-05,2,2,356.35,2.311e-05,178.175,178.175,2285,2441
santa monica,PR,2,2.142e-05,2,2,384.83,2.495e-05,192.415,192.415,2285,2348
sao joao do ivai,PR,2,2.142e-05,2,2,229.56,1.488e-05,114.78,114.78,2285,2935
sao joao do triunfo,PR,2,2.142e-05,2,2,201.82,1.309e-05,100.91,100.91,2285,3077
sao jorge do patrocinio,PR,2,2.142e-05,2,2,123.72,8.02e-06,61.86,61.86,2285,3571
sao tome,PR,2,2.142e-05,2,2,271.55,1.761e-05,135.775,135.775,2285,2745
sapopema,PR,2,2.142e-05,2,2,193.31,1.253e-05,96.655,96.655,2285,3126
serranopolis do iguacu,PR,2,2.142e-05,2,2,305.73,1.982e-05,152.865,152.865,2285,2626
tamarana,PR,2,2.142e-05,2,2,160.84,1.043e-05,80.42,80.42,2285,3324
tapejara,PR,2,2.142e-05,2,2,393.24,2.55e-05,196.62,196.62,2285,2328
tunas do parana,PR,2,2.142e-05,2,2,233.3,1.513e-05,116.65,116.65,2285,2916
turvo,PR,2,2.142e-05,2,2,142.68,9.25e-06,71.34,71.34,2285,3449
vila nova,PR,2,2.142e-05,2,2,117.19,7.6e-06,58.595,58.595,2285,3613
wenceslau braz,PR,2,2.142e-05,2,2,250.51,1.624e-05,125.255,125.255,2285,2841
engenheiro passos,RJ,2,2.142e-05,2,2,291.24,1.888e-05,145.62,145.62,2285,2680
glicerio,RJ,2,2.142e-05,2,2,480.25,3.114e-05,240.125,240.125,2285,2077
monnerat,RJ,2,2.142e-05,2,2,376.86,2.444e-05,188.43,188.43,2285,2375
passa tres,RJ,2,2.142e-05,2,2,97.37,6.31e-06,48.685,48.685,2285,3769
raposo,RJ,2,2.142e-05,3,3,650.84,4.22e-05,325.42,216.946667,2285,1780
santo eduardo,RJ,2,2.142e-05,2,2,260.06,1.686e-05,130.03,130.03,2285,2802
tocos,RJ,2,2.142e-05,2,2,381.47,2.473e-05,190.735,190.735,2285,2359
visconde de maua,RJ,2,2.142e-05,3,3,188.05,1.219e-05,94.025,62.683333,2285,3155
werneck,RJ,2,2.142e-05,2,2,445.61,2.889e-05,222.805,222.805,2285,2171
acu,RN,2,2.142e-05,2,2,553.45,3.589e-05,276.725,276.725,2285,1926
alexandria,RN,2,2.142e-05,2,2,221.92,1.439e-05,110.96,110.96,2285,2974
carnaubais,RN,2,2.142e-05,2,2,429.65,2.786e-05,214.825,214.825,2285,2222
ceara-mirim,RN,2,2.142e-05,2,2,351.02,2.276e-05,175.51,175.51,2285,2461
extremoz,RN,2,2.142e-05,2,2,160.14,1.038e-05,80.07,80.07,2285,3328
guamare,RN,2,2.142e-05,2,2,242.64,1.573e-05,121.32,121.32,2285,2882
ielmo marinho,RN,2,2.142e-05,2,2,240.32,1.558e-05,120.16,120.16,2285,2888
itau,RN,2,2.142e-05,2,2,761.37,4.937e-05,380.685,380.685,2285,1631
joao camara,RN,2,2.142e-05,2,2,1466.81,9.511e-05,733.405,733.405,2285,1053
lagoa nova,RN,2,2.142e-05,2,2,205.2,1.331e-05,102.6,102.6,2285,3063
martins,RN,2,2.142e-05,2,2,250.31,1.623e-05,125.155,125.155,2285,2842
nova cruz,RN,2,2.142e-05,3,3,583.25,3.782e-05,291.625,194.416667,2285,1873
pendencias,RN,2,2.142e-05,2,2,410.02,2.659e-05,205.01,205.01,2285,2276
portalegre,RN,2,2.142e-05,2,2,513.01,3.326e-05,256.505,256.505,2285,2004
rodolfo fernandes,RN,2,2.142e-05,2,2,168.19,1.091e-05,84.095,84.095,2285,3275
santana do serido,RN,2,2.142e-05,2,2,943.37,6.117e-05,471.685,471.685,2285,1438
sao miguel do gostoso,RN,2,2.142e-05,2,2,473.04,3.067e-05,236.52,236.52,2285,2099
sao paulo do potengi,RN,2,2.142e-05,2,2,319.78,2.073e-05,159.89,159.89,2285,2564
sao vicente,RN,2,2.142e-05,2,2,376.41,2.441e-05,188.205,188.205,2285,2376
serra de sao bento,RN,2,2.142e-05,2,2,328.15,2.128e-05,164.075,164.075,2285,2541
buritis,RO,2,2.142e-05,2,2,335.58,2.176e-05,167.79,167.79,2285,2510
costa marques,RO,2,2.142e-05,2,2,1658.28,0.00010752,829.14,829.14,2285,946
extrema,RO,2,2.142e-05,3,3,970.43,6.292e-05,485.215,323.476667,2285,1407
nova brasilandia d'oeste,RO,2,2.142e-05,2,2,472.14,3.061e-05,236.07,236.07,2285,2103
nova mamore,RO,2,2.142e-05,2,2,803.16,5.208e-05,401.58,401.58,2285,1586
presidente medici,RO,2,2.142e-05,2,2,188.33,1.221e-05,94.165,94.165,2285,3152
sao francisco do guapore,RO,2,2.142e-05,2,2,405.61,2.63e-05,202.805,202.805,2285,2284
seringueiras,RO,2,2.142e-05,2,2,504.64,3.272e-05,252.32,252.32,2285,2022
acegua,RS,2,2.142e-05,2,2,282.39,1.831e-05,141.195,141.195,2285,2709
agua santa,RS,2,2.142e-05,2,2,227.59,1.476e-05,113.795,113.795,2285,2946
ajuricaba,RS,2,2.142e-05,2,2,245.37,1.591e-05,122.685,122.685,2285,2871
ametista do sul,RS,2,2.142e-05,2,2,275.51,1.786e-05,137.755,137.755,2285,2732
ararica,RS,2,2.142e-05,2,2,252.0,1.634e-05,126.0,126.0,2285,2835
arroio do tigre,RS,2,2.142e-05,2,2,319.0,2.068e-05,159.5,159.5,2285,2566
augusto pestana,RS,2,2.142e-05,2,2,143.95,9.33e-06,71.975,71.975,2285,3440
aurea,RS,2,2.142e-05,2,2,451.5,2.928e-05,225.75,225.75,2285,2156
barracao,RS,2,2.142e-05,2,2,132.2,8.57e-06,66.1,66.1,2285,3530
bom retiro do sul,RS,2,2.142e-05,2,2,1484.21,9.624e-05,742.105,742.105,2285,1040
boqueirao do leao,RS,2,2.142e-05,2,2,300.14,1.946e-05,150.07,150.07,2285,2650
campestre da serra,RS,2,2.142e-05,2,2,1390.06,9.013e-05,695.03,695.03,2285,1092
campina das missoes,RS,2,2.142e-05,2,2,211.0,1.368e-05,105.5,105.5,2285,3034
campo novo,RS,2,2.142e-05,2,2,593.01,3.845e-05,296.505,296.505,2285,1859
capao da porteira,RS,2,2.142e-05,2,2,215.13,1.395e-05,107.565,107.565,2285,3012
capela de santana,RS,2,2.142e-05,2,2,417.53,2.707e-05,208.765,208.765,2285,2257
cerro grande do sul,RS,2,2.142e-05,2,2,222.36,1.442e-05,111.18,111.18,2285,2971
coqueiro baixo,RS,2,2.142e-05,2,2,121.76,7.89e-06,60.88,60.88,2285,3583
coxilha,RS,2,2.142e-05,2,2,191.5,1.242e-05,95.75,95.75,2285,3135
crissiumal,RS,2,2.142e-05,2,2,1671.3,0.00010837,835.65,835.65,2285,938
david canabarro,RS,2,2.142e-05,2,2,222.77,1.444e-05,111.385,111.385,2285,2966
dona francisca,RS,2,2.142e-05,2,2,340.15,2.206e-05,170.075,170.075,2285,2494
fazenda vilanova,RS,2,2.142e-05,2,2,192.21,1.246e-05,96.105,96.105,2285,3131
formigueiro,RS,2,2.142e-05,2,2,311.27,2.018e-05,155.635,155.635,2285,2603
glorinha,RS,2,2.142e-05,2,2,283.3,1.837e-05,141.65,141.65,2285,2708
guarani das missoes,RS,2,2.142e-05,2,2,102.94,6.67e-06,51.47,51.47,2285,3725
ibiaca,RS,2,2.142e-05,2,2,320.87,2.081e-05,160.435,160.435,2285,2560
ibiraiaras,RS,2,2.142e-05,2,2,267.71,1.736e-05,133.855,133.855,2285,2767
ipe,RS,2,2.142e-05,2,2,229.22,1.486e-05,114.61,114.61,2285,2938
irai,RS,2,2.142e-05,2,2,598.26,3.879e-05,299.13,299.13,2285,1853
jari,RS,2,2.142e-05,4,4,421.21,2.731e-05,210.605,105.3025,2285,2243
macambara,RS,2,2.142e-05,2,2,205.72,1.334e-05,102.86,102.86,2285,3060
mato leitao,RS,2,2.142e-05,2,2,226.59,1.469e-05,113.295,113.295,2285,2952
montauri,RS,2,2.142e-05,2,2,514.42,3.336e-05,257.21,257.21,2285,2002
nonoai,RS,2,2.142e-05,2,2,252.67,1.638e-05,126.335,126.335,2285,2831
nova esperanca do sul,RS,2,2.142e-05,2,2,368.64,2.39e-05,184.32,184.32,2285,2400
nova palma,RS,2,2.142e-05,2,2,466.62,3.026e-05,233.31,233.31,2285,2117
novo barreiro,RS,2,2.142e-05,2,2,232.03,1.504e-05,116.015,116.015,2285,2923
protasio alves,RS,2,2.142e-05,2,2,165.06,1.07e-05,82.53,82.53,2285,3300
putinga,RS,2,2.142e-05,2,2,182.56,1.184e-05,91.28,91.28,2285,3177
quevedos,RS,2,2.142e-05,2,2,131.69,8.54e-06,65.845,65.845,2285,3534
redentora,RS,2,2.142e-05,3,3,449.34,2.914e-05,224.67,149.78,2285,2161
roca sales,RS,2,2.142e-05,2,2,237.16,1.538e-05,118.58,118.58,2285,2900
rodeio bonito,RS,2,2.142e-05,2,2,264.44,1.715e-05,132.22,132.22,2285,2777
santa barbara do sul,RS,2,2.142e-05,2,2,180.09,1.168e-05,90.045,90.045,2285,3200
santa clara do sul,RS,2,2.142e-05,2,2,394.12,2.555e-05,197.06,197.06,2285,2324
santana da boa vista,RS,2,2.142e-05,2,2,115.8,7.51e-06,57.9,57.9,2285,3631
santo antonio do palma,RS,2,2.142e-05,2,2,104.09,6.75e-06,52.045,52.045,2285,3721
sao francisco de assis,RS,2,2.142e-05,2,2,145.39,9.43e-06,72.695,72.695,2285,3421
sao jose do hortencio,RS,2,2.142e-05,2,2,373.23,2.42e-05,186.615,186.615,2285,2384
sao paulo das missoes,RS,2,2.142e-05,2,2,459.26,2.978e-05,229.63,229.63,2285,2139
sao vendelino,RS,2,2.142e-05,2,2,194.28,1.26e-05,97.14,97.14,2285,3124
seberi,RS,2,2.142e-05,2,2,169.67,1.1e-05,84.835,84.835,2285,3263
sinimbu,RS,2,2.142e-05,2,2,112.11,7.27e-06,56.055,56.055,2285,3660
tuparendi,RS,2,2.142e-05,2,2,291.12,1.888e-05,145.56,145.56,2285,2681
victor graeff,RS,2,2.142e-05,2,2,181.25,1.175e-05,90.625,90.625,2285,3187
agronomica,SC,2,2.142e-05,2,2,281.5,1.825e-05,140.75,140.75,2285,2712
alfredo wagner,SC,2,2.142e-05,2,2,844.67,5.477e-05,422.335,422.335,2285,1539
anitapolis,SC,2,2.142e-05,2,2,642.38,4.165e-05,321.19,321.19,2285,1794
antonio carlos,SC,2,2.142e-05,2,2,245.94,1.595e-05,122.97,122.97,2285,2867
armazem,SC,2,2.142e-05,2,2,289.35,1.876e-05,144.675,144.675,2285,2687
aurora,SC,2,2.142e-05,2,2,425.47,2.759e-05,212.735,212.735,2285,2233
bom jesus,SC,2,2.142e-05,2,2,993.16,6.44e-05,496.58,496.58,2285,1386
botuvera,SC,2,2.142e-05,2,2,215.17,1.395e-05,107.585,107.585,2285,3009
campo alegre,SC,2,2.142e-05,2,2,230.39,1.494e-05,115.195,115.195,2285,2927
celso ramos,SC,2,2.142e-05,2,2,1440.96,9.343e-05,720.48,720.48,2285,1064
ibicare,SC,2,2.142e-05,2,2,262.09,1.699e-05,131.045,131.045,2285,2792
ipira,SC,2,2.142e-05,2,2,194.74,1.263e-05,97.37,97.37,2285,3120
jabora,SC,2,2.142e-05,2,2,302.79,1.963e-05,151.395,151.395,2285,2637
jaguaruna,SC,2,2.142e-05,2,2,196.89,1.277e-05,98.445,98.445,2285,3106
luiz alves,SC,2,2.142e-05,2,2,144.4,9.36e-06,72.2,72.2,2285,3437
maracana,SC,2,2.142e-05,2,2,331.25,2.148e-05,165.625,165.625,2285,2530
mondai,SC,2,2.142e-05,2,2,458.31,2.972e-05,229.155,229.155,2285,2141
monte carlo,SC,2,2.142e-05,3,3,372.87,2.418e-05,186.435,124.29,2285,2386
nova itaberaba,SC,2,2.142e-05,2,2,344.77,2.236e-05,172.385,172.385,2285,2479
passos maia,SC,2,2.142e-05,2,2,248.1,1.609e-05,124.05,124.05,2285,2854
paulo lopes,SC,2,2.142e-05,2,2,271.66,1.761e-05,135.83,135.83,2285,2744
peritiba,SC,2,2.142e-05,2,2,144.71,9.38e-06,72.355,72.355,2285,3429
rancho queimado,SC,2,2.142e-05,2,2,343.99,2.23e-05,171.995,171.995,2285,2483
rio das antas,SC,2,2.142e-05,2,2,213.78,1.386e-05,106.89,106.89,2285,3021
santa rosa de lima,SC,2,2.142e-05,3,3,232.79,1.509e-05,116.395,77.596667,2285,2920
sao domingos,SC,2,2.142e-05,2,2,182.18,1.181e-05,91.09,91.09,2285,3181
sao joao do sul,SC,2,2.142e-05,2,2,902.37,5.851e-05,451.185,451.185,2285,1479
sao martinho,SC,2,2.142e-05,2,2,489.99,3.177e-05,244.995,244.995,2285,2055
sao pedro de alcantara,SC,2,2.142e-05,2,2,312.91,2.029e-05,156.455,156.455,2285,2596
xavantina,SC,2,2.142e-05,2,2,217.71,1.412e-05,108.855,108.855,2285,3001
zortea,SC,2,2.142e-05,2,2,137.57,8.92e-06,68.785,68.785,2285,3491
caninde de sao francisco,SE,2,2.142e-05,2,2,359.83,2.333e-05,179.915,179.915,2285,2429
capela,SE,2,2.142e-05,3,3,889.17,5.765e-05,444.585,296.39,2285,1491
carmopolis,SE,2,2.142e-05,2,2,163.45,1.06e-05,81.725,81.725,2285,3305
itabaianinha,SE,2,2.142e-05,2,2,289.33,1.876e-05,144.665,144.665,2285,2689
nossa senhora da gloria,SE,2,2.142e-05,2,2,274.72,1.781e-05,137.36,137.36,2285,2736
tobias barreto,SE,2,2.142e-05,2,2,264.52,1.715e-05,132.26,132.26,2285,2776
tomar do geru,SE,2,2.142e-05,2,2,333.47,2.162e-05,166.735,166.735,2285,2520
aguas de sao pedro,SP,2,2.142e-05,2,2,304.03,1.971e-05,152.015,152.015,2285,2630
alvares florence,SP,2,2.142e-05,2,2,227.23,1.473e-05,113.615,113.615,2285,2948
alvaro de carvalho,SP,2,2.142e-05,2,2,399.0,2.587e-05,199.5,199.5,2285,2305
aparecida de sao manuel,SP,2,2.142e-05,2,2,256.79,1.665e-05,128.395,128.395,2285,2817
arapei,SP,2,2.142e-05,2,2,353.71,2.293e-05,176.855,176.855,2285,2450
bento de abreu,SP,2,2.142e-05,2,2,371.48,2.409e-05,185.74,185.74,2285,2394
buritizal,SP,2,2.142e-05,2,2,102.88,6.67e-06,51.44,51.44,2285,3726
caiua,SP,2,2.142e-05,2,2,170.99,1.109e-05,85.495,85.495,2285,3252
campina do monte alegre,SP,2,2.142e-05,2,2,291.99,1.893e-05,145.995,145.995,2285,2675
candido rodrigues,SP,2,2.142e-05,4,4,134.3,8.71e-06,67.15,33.575,2285,3517
canitar,SP,2,2.142e-05,2,2,317.92,2.061e-05,158.96,158.96,2285,2575
coroados,SP,2,2.142e-05,2,2,239.34,1.552e-05,119.67,119.67,2285,2892
coronel macedo,SP,2,2.142e-05,2,2,118.25,7.67e-06,59.125,59.125,2285,3605
corumbatai,SP,2,2.142e-05,2,2,74.13,4.81e-06,37.065,37.065,2285,3942
dobrada,SP,2,2.142e-05,2,2,508.9,3.3e-05,254.45,254.45,2285,2015
echapora,SP,2,2.142e-05,2,2,847.25,5.494e-05,423.625,423.625,2285,1532
espigao,SP,2,2.142e-05,2,2,100.52,6.52e-06,50.26,50.26,2285,3743
espirito santo do turvo,SP,2,2.142e-05,2,2,268.84,1.743e-05,134.42,134.42,2285,2759
floreal,SP,2,2.142e-05,2,2,225.0,1.459e-05,112.5,112.5,2285,2957
gaviao peixoto,SP,2,2.142e-05,2,2,142.04,9.21e-06,71.02,71.02,2285,3456
getulina,SP,2,2.142e-05,2,2,131.02,8.5e-06,65.51,65.51,2285,3539
glicerio,SP,2,2.142e-05,2,2,366.88,2.379e-05,183.44,183.44,2285,2408
guaraci,SP,2,2.142e-05,3,3,571.39,3.705e-05,285.695,190.463333,2285,1894
guariroba,SP,2,2.142e-05,2,2,320.56,2.079e-05,160.28,160.28,2285,2562
iacri,SP,2,2.142e-05,2,2,81.62,5.29e-06,40.81,40.81,2285,3880
itaju,SP,2,2.142e-05,3,3,1008.37,6.538e-05,504.185,336.123333,2285,1367
itapirapua paulista,SP,2,2.142e-05,2,2,514.07,3.333e-05,257.035,257.035,2285,2003
itirapina,SP,2,2.142e-05,2,2,179.21,1.162e-05,89.605,89.605,2285,3204
jaci,SP,2,2.142e-05,2,2,143.41,9.3e-06,71.705,71.705,2285,3441
julio mesquita,SP,2,2.142e-05,2,2,984.59,6.384e-05,492.295,492.295,2285,1394
jumirim,SP,2,2.142e-05,3,3,408.24,2.647e-05,204.12,136.08,2285,2279
lourdes,SP,2,2.142e-05,2,2,223.84,1.451e-05,111.92,111.92,2285,2962
lucianopolis,SP,2,2.142e-05,2,2,199.97,1.297e-05,99.985,99.985,2285,3087
magda,SP,2,2.142e-05,2,2,496.07,3.217e-05,248.035,248.035,2285,2043
mariapolis,SP,2,2.142e-05,2,2,140.98,9.14e-06,70.49,70.49,2285,3463
marinopolis,SP,2,2.142e-05,2,2,188.98,1.225e-05,94.49,94.49,2285,3146
mirante do paranapanema,SP,2,2.142e-05,3,3,242.49,1.572e-05,121.245,80.83,2285,2886
mogi-mirim,SP,2,2.142e-05,2,2,112.61,7.3e-06,56.305,56.305,2285,3655
moncoes,SP,2,2.142e-05,2,2,379.13,2.458e-05,189.565,189.565,2285,2368
motuca,SP,2,2.142e-05,2,2,182.29,1.182e-05,91.145,91.145,2285,3180
murutinga do sul,SP,2,2.142e-05,2,2,855.71,5.548e-05,427.855,427.855,2285,1525
narandiba,SP,2,2.142e-05,2,2,436.66,2.831e-05,218.33,218.33,2285,2195
nipoa,SP,2,2.142e-05,2,2,372.35,2.414e-05,186.175,186.175,2285,2387
nossa senhora do remedio,SP,2,2.142e-05,2,2,163.29,1.059e-05,81.645,81.645,2285,3307
nova campina,SP,2,2.142e-05,2,2,209.52,1.359e-05,104.76,104.76,2285,3045
nova canaa paulista,SP,2,2.142e-05,2,2,139.15,9.02e-06,69.575,69.575,2285,3478
paranapua,SP,2,2.142e-05,2,2,87.8,5.69e-06,43.9,43.9,2285,3833
patrocinio paulista,SP,2,2.142e-05,2,2,1147.46,7.44e-05,573.73,573.73,2285,1248
pauliceia,SP,2,2.142e-05,2,2,496.12,3.217e-05,248.06,248.06,2285,2042
pedra bela,SP,2,2.142e-05,2,2,279.31,1.811e-05,139.655,139.655,2285,2724
pindorama,SP,2,2.142e-05,2,2,405.52,2.629e-05,202.76,202.76,2285,2285
pontalinda,SP,2,2.142e-05,2,2,84.75,5.5e-06,42.375,42.375,2285,3860
porangaba,SP,2,2.142e-05,2,2,195.63,1.268e-05,97.815,97.815,2285,3112
potim,SP,2,2.142e-05,2,2,279.84,1.814e-05,139.92,139.92,2285,2721
presidente alves,SP,2,2.142e-05,2,2,140.42,9.1e-06,70.21,70.21,2285,3468
queluz,SP,2,2.142e-05,2,2,249.9,1.62e-05,124.95,124.95,2285,2847
rechan,SP,2,2.142e-05,2,2,322.37,2.09e-05,161.185,161.185,2285,2554
ribeirao branco,SP,2,2.142e-05,2,2,515.49,3.342e-05,257.745,257.745,2285,1999
rifaina,SP,2,2.142e-05,2,2,597.77,3.876e-05,298.885,298.885,2285,1856
rinopolis,SP,2,2.142e-05,2,2,134.56,8.72e-06,67.28,67.28,2285,3514
rubiacea,SP,2,2.142e-05,2,2,250.15,1.622e-05,125.075,125.075,2285,2844
salmourao,SP,2,2.142e-05,2,2,90.27,5.85e-06,45.135,45.135,2285,3816
santa ernestina,SP,2,2.142e-05,2,2,280.13,1.816e-05,140.065,140.065,2285,2718
santa maria da serra,SP,2,2.142e-05,2,2,169.42,1.099e-05,84.71,84.71,2285,3265
santa mercedes,SP,2,2.142e-05,2,2,269.57,1.748e-05,134.785,134.785,2285,2752
santo antonio do pinhal,SP,2,2.142e-05,2,2,1252.69,8.123e-05,626.345,626.345,2285,1180
sao francisco,SP,2,2.142e-05,2,2,166.72,1.081e-05,83.36,83.36,2285,3288
sao jose do barreiro,SP,2,2.142e-05,3,3,260.89,1.692e-05,130.445,86.963333,2285,2795
sao pedro do turvo,SP,2,2.142e-05,2,2,117.9,7.64e-06,58.95,58.95,2285,3609
sarapui,SP,2,2.142e-05,2,2,280.89,1.821e-05,140.445,140.445,2285,2715
taciba,SP,2,2.142e-05,2,2,419.6,2.721e-05,209.8,209.8,2285,2249
tapirai,SP,2,2.142e-05,2,2,140.53,9.11e-06,70.265,70.265,2285,3465
tejupa,SP,2,2.142e-05,3,3,382.4,2.48e-05,191.2,127.466667,2285,2357
terra roxa,SP,2,2.142e-05,2,2,193.48,1.255e-05,96.74,96.74,2285,3125
vargem,SP,2,2.142e-05,2,2,101.5,6.58e-06,50.75,50.75,2285,3736
zacarias,SP,2,2.142e-05,2,2,229.85,1.49e-05,114.925,114.925,2285,2932
alianca do tocantins,TO,2,2.142e-05,2,2,264.0,1.712e-05,132.0,132.0,2285,2781
arraias,TO,2,2.142e-05,2,2,254.23,1.648e-05,127.115,127.115,2285,2824
bandeirantes do tocantins,TO,2,2.142e-05,2,2,432.2,2.802e-05,216.1,216.1,2285,2214
barrolandia,TO,2,2.142e-05,2,2,124.54,8.08e-06,62.27,62.27,2285,3563
cariri do tocantins,TO,2,2.142e-05,2,2,354.26,2.297e-05,177.13,177.13,2285,2448
colmeia,TO,2,2.142e-05,2,2,180.69,1.172e-05,90.345,90.345,2285,3193
couto de magalhaes,TO,2,2.142e-05,2,2,242.63,1.573e-05,121.315,121.315,2285,2883
goianorte,TO,2,2.142e-05,2,2,229.5,1.488e-05,114.75,114.75,2285,2937
miranorte,TO,2,2.142e-05,2,2,733.42,4.756e-05,366.71,366.71,2285,1671
parana,TO,2,2.142e-05,2,2,195.25,1.266e-05,97.625,97.625,2285,3114
pindorama do tocantins,TO,2,2.142e-05,2,2,174.18,1.129e-05,87.09,87.09,2285,3234
brasileia,AC,1,1.071e-05,1,1,139.53,9.05e-06,139.53,139.53,2982,3473
epitaciolandia,AC,1,1.071e-05,1,1,139.52,9.05e-06,139.52,139.52,2982,3474
manoel urbano,AC,1,1.071e-05,1,1,248.71,1.613e-05,248.71,248.71,2982,2852
porto acre,AC,1,1.071e-05,1,1,104.35,6.77e-06,104.35,104.35,2982,3719
agua branca,AL,1,1.071e-05,1,1,132.1,8.57e-06,132.1,132.1,2982,3532
atalaia,AL,1,1.071e-05,1,1,137.65,8.93e-06,137.65,137.65,2982,3490
cajueiro,AL,1,1.071e-05,1,1,138.15,8.96e-06,138.15,138.15,2982,3485
campo alegre,AL,1,1.071e-05,2,2,997.96,6.471e-05,997.96,498.98,2982,1378
canapi,AL,1,1.071e-05,1,1,377.32,2.447e-05,377.32,377.32,2982,2373
coite do noia,AL,1,1.071e-05,1,1,111.01,7.2e-06,111.01,111.01,2982,3668
dois riachos,AL,1,1.071e-05,1,1,152.25,9.87e-06,152.25,152.25,2982,3383
girau do ponciano,AL,1,1.071e-05,1,1,74.05,4.8e-06,74.05,74.05,2982,3944
lagoa da canoa,AL,1,1.071e-05,1,1,204.53,1.326e-05,204.53,204.53,2982,3065
luziapolis,AL,1,1.071e-05,1,1,181.62,1.178e-05,181.62,181.62,2982,3185
mar vermelho,AL,1,1.071e-05,2,2,689.02,4.468e-05,689.02,344.51,2982,1735
marechal deodoro,AL,1,1.071e-05,1,1,379.2,2.459e-05,379.2,379.2,2982,2366
maribondo,AL,1,1.071e-05,1,1,100.97,6.55e-06,100.97,100.97,2982,3739
matriz de camaragibe,AL,1,1.071e-05,1,1,84.9,5.5e-06,84.9,84.9,2982,3859
monteiropolis,AL,1,1.071e-05,1,1,203.43,1.319e-05,203.43,203.43,2982,3069
murici,AL,1,1.071e-05,1,1,84.05,5.45e-06,84.05,84.05,2982,3863
novo lino,AL,1,1.071e-05,1,1,114.26,7.41e-06,114.26,114.26,2982,3643
paripueira,AL,1,1.071e-05,1,1,379.2,2.459e-05,379.2,379.2,2982,2366
passo de camaragibe,AL,1,1.071e-05,1,1,110.28,7.15e-06,110.28,110.28,2982,3671
piacabucu,AL,1,1.071e-05,2,2,320.4,2.077e-05,320.4,160.2,2982,2563
porto de pedras,AL,1,1.071e-05,1,1,200.35,1.299e-05,200.35,200.35,2982,3082
santa luzia do norte,AL,1,1.071e-05,1,1,44.95,2.91e-06,44.95,44.95,2982,4169
santana do ipanema,AL,1,1.071e-05,1,1,285.45,1.851e-05,285.45,285.45,2982,2701
sao bras,AL,1,1.071e-05,1,1,54.74,3.55e-06,54.74,54.74,2982,4100
sao jose da tapera,AL,1,1.071e-05,1,1,144.47,9.37e-06,144.47,144.47,2982,3434
sao sebastiao,AL,1,1.071e-05,1,1,2269.98,0.00014719,2269.98,2269.98,2982,743
tanque d'arca,AL,1,1.071e-05,2,2,611.54,3.965e-05,611.54,305.77,2982,1834
taquarana,AL,1,1.071e-05,1,1,190.43,1.235e-05,190.43,190.43,2982,3141
traipu,AL,1,1.071e-05,1,1,63.79,4.14e-06,63.79,63.79,2982,4047
uniao dos palmares,AL,1,1.071e-05,1,1,309.25,2.005e-05,309.25,309.25,2982,2609
vicosa,AL,1,1.071e-05,1,1,56.05,3.63e-06,56.05,56.05,2982,4092
coari,AM,1,1.071e-05,1,1,1259.04,8.164e-05,1259.04,1259.04,2982,1174
itacoatiara,AM,1,1.071e-05,1,1,92.98,6.03e-06,92.98,92.98,2982,3799
oiapoque,AP,1,1.071e-05,1,1,425.24,2.757e-05,425.24,425.24,2982,2234
porto grande,AP,1,1.071e-05,1,1,64.14,4.16e-06,64.14,64.14,2982,4041
vitoria do jari,AP,1,1.071e-05,1,1,137.27,8.9e-06,137.27,137.27,2982,3493
abrantes,BA,1,1.071e-05,1,1,200.35,1.299e-05,200.35,200.35,2982,3082
acajutiba,BA,1,1.071e-05,1,1,50.95,3.3e-06,50.95,50.95,2982,4124
adustina,BA,1,1.071e-05,1,1,102.27,6.63e-06,102.27,102.27,2982,3732
amargosa,BA,1,1.071e-05,1,1,71.81,4.66e-06,71.81,71.81,2982,3969
america dourada,BA,1,1.071e-05,1,1,217.92,1.413e-05,217.92,217.92,2982,2998
anage,BA,1,1.071e-05,1,1,97.38,6.31e-06,97.38,97.38,2982,3768
andarai,BA,1,1.071e-05,1,1,109.5,7.1e-06,109.5,109.5,2982,3672
angical,BA,1,1.071e-05,1,1,293.5,1.903e-05,293.5,293.5,2982,2668
anguera,BA,1,1.071e-05,1,1,144.99,9.4e-06,144.99,144.99,2982,3425
antonio goncalves,BA,1,1.071e-05,1,1,51.69,3.35e-06,51.69,51.69,2982,4120
apora,BA,1,1.071e-05,1,1,65.7,4.26e-06,65.7,65.7,2982,4021
apuarema,BA,1,1.071e-05,1,1,204.38,1.325e-05,204.38,204.38,2982,3067
aracatu,BA,1,1.071e-05,1,1,95.76,6.21e-06,95.76,95.76,2982,3783
aramari,BA,1,1.071e-05,2,2,222.56,1.443e-05,222.56,111.28,2982,2969
arataca,BA,1,1.071e-05,1,1,865.78,5.614e-05,865.78,865.78,2982,1516
aribice,BA,1,1.071e-05,1,1,76.15,4.94e-06,76.15,76.15,2982,3923
arraial d ajuda,BA,1,1.071e-05,1,1,90.7,5.88e-06,90.7,90.7,2982,3813
baixa grande,BA,1,1.071e-05,1,1,66.24,4.3e-06,66.24,66.24,2982,4012
banzae,BA,1,1.071e-05,1,1,127.42,8.26e-06,127.42,127.42,2982,3554
barra do tarrachil,BA,1,1.071e-05,3,3,359.94,2.334e-05,359.94,119.98,2982,2427
barro preto,BA,1,1.071e-05,1,1,146.58,9.5e-06,146.58,146.58,2982,3415
barrocas,BA,1,1.071e-05,1,1,118.26,7.67e-06,118.26,118.26,2982,3603
belmonte,BA,1,1.071e-05,1,1,60.05,3.89e-06,60.05,60.05,2982,4067
biritinga,BA,1,1.071e-05,1,1,147.57,9.57e-06,147.57,147.57,2982,3409
boquira,BA,1,1.071e-05,1,1,95.67,6.2e-06,95.67,95.67,2982,3785
botupora,BA,1,1.071e-05,1,1,346.51,2.247e-05,346.51,346.51,2982,2473
brejoes,BA,1,1.071e-05,1,1,143.34,9.29e-06,143.34,143.34,2982,3443
brejolandia,BA,1,1.071e-05,1,1,34.78,2.26e-06,34.78,34.78,2982,4225
brotas de macaubas,BA,1,1.071e-05,1,1,185.62,1.204e-05,185.62,185.62,2982,3169
cabaceiras do paraguacu,BA,1,1.071e-05,1,1,48.69,3.16e-06,48.69,48.69,2982,4142
caem,BA,1,1.071e-05,1,1,80.02,5.19e-06,80.02,80.02,2982,3890
cairu,BA,1,1.071e-05,1,1,78.64,5.1e-06,78.64,78.64,2982,3898
caldas do jorro,BA,1,1.071e-05,1,1,394.52,2.558e-05,394.52,394.52,2982,2322
campo alegre de lourdes,BA,1,1.071e-05,1,1,124.89,8.1e-06,124.89,124.89,2982,3561
canapolis,BA,1,1.071e-05,1,1,30.44,1.97e-06,30.44,30.44,2982,4254
canarana,BA,1,1.071e-05,1,1,130.59,8.47e-06,130.59,130.59,2982,3543
candeal,BA,1,1.071e-05,1,1,176.65,1.145e-05,176.65,176.65,2982,3216
canudos,BA,1,1.071e-05,1,1,232.89,1.51e-05,232.89,232.89,2982,2918
capela do alto alegre,BA,1,1.071e-05,1,1,56.78,3.68e-06,56.78,56.78,2982,4088
caraibas,BA,1,1.071e-05,1,1,249.8,1.62e-05,249.8,249.8,2982,2848
carnaiba do sertao,BA,1,1.071e-05,1,1,99.1,6.43e-06,99.1,99.1,2982,3757
caturama,BA,1,1.071e-05,1,1,40.79,2.64e-06,40.79,40.79,2982,4194
central,BA,1,1.071e-05,1,1,142.89,9.27e-06,142.89,142.89,2982,3447
chorrocho,BA,1,1.071e-05,1,1,73.18,4.75e-06,73.18,73.18,2982,3954
cipo,BA,1,1.071e-05,1,1,230.12,1.492e-05,230.12,230.12,2982,2929
cocos,BA,1,1.071e-05,1,1,73.27,4.75e-06,73.27,73.27,2982,3952
conceicao do almeida,BA,1,1.071e-05,1,1,120.14,7.79e-06,120.14,120.14,2982,3593
condeuba,BA,1,1.071e-05,1,1,73.83,4.79e-06,73.83,73.83,2982,3947
coracao de maria,BA,1,1.071e-05,1,1,306.06,1.985e-05,306.06,306.06,2982,2624
cordeiros,BA,1,1.071e-05,1,1,363.64,2.358e-05,363.64,363.64,2982,2418
cotegipe,BA,1,1.071e-05,1,1,103.15,6.69e-06,103.15,103.15,2982,3724
cravolandia,BA,1,1.071e-05,1,1,187.83,1.218e-05,187.83,187.83,2982,3157
dias d avila,BA,1,1.071e-05,1,1,61.79,4.01e-06,61.79,61.79,2982,4055
dom macedo costa,BA,1,1.071e-05,1,1,82.83,5.37e-06,82.83,82.83,2982,3870
erico cardoso,BA,1,1.071e-05,1,1,24.88,1.61e-06,24.88,24.88,2982,4265
filadelfia,BA,1,1.071e-05,1,1,99.16,6.43e-06,99.16,99.16,2982,3754
gentio do ouro,BA,1,1.071e-05,1,1,121.1,7.85e-06,121.1,121.1,2982,3586
gongogi,BA,1,1.071e-05,1,1,52.13,3.38e-06,52.13,52.13,2982,4115
governador mangabeira,BA,1,1.071e-05,1,1,116.26,7.54e-06,116.26,116.26,2982,3623
heliopolis,BA,1,1.071e-05,1,1,169.28,1.098e-05,169.28,169.28,2982,3266
humildes,BA,1,1.071e-05,1,1,360.81,2.34e-05,360.81,360.81,2982,2423
ibiajara,BA,1,1.071e-05,1,1,65.8,4.27e-06,65.8,65.8,2982,4019
ibipeba,BA,1,1.071e-05,1,1,86.39,5.6e-06,86.39,86.39,2982,3847
ibiraja,BA,1,1.071e-05,2,2,330.14,2.141e-05,330.14,165.07,2982,2533
ibirapua,BA,1,1.071e-05,1,1,141.42,9.17e-06,141.42,141.42,2982,3461
ibitiara,BA,1,1.071e-05,1,1,157.28,1.02e-05,157.28,157.28,2982,3344
ibitira,BA,1,1.071e-05,1,1,421.03,2.73e-05,421.03,421.03,2982,2244
ibitita,BA,1,1.071e-05,1,1,1534.58,9.95e-05,1534.58,1534.58,2982,1009
igapora,BA,1,1.071e-05,1,1,56.78,3.68e-06,56.78,56.78,2982,4088
igrapiuna,BA,1,1.071e-05,1,1,52.05,3.37e-06,52.05,52.05,2982,4117
ipecaeta,BA,1,1.071e-05,1,1,40.19,2.61e-06,40.19,40.19,2982,4197
ipupiara,BA,1,1.071e-05,1,1,525.85,3.41e-05,525.85,525.85,2982,1969
itagimirim,BA,1,1.071e-05,1,1,193.06,1.252e-05,193.06,193.06,2982,3128
itaguacu da bahia,BA,1,1.071e-05,1,1,267.89,1.737e-05,267.89,267.89,2982,2766
itaju do colonia,BA,1,1.071e-05,1,1,56.69,3.68e-06,56.69,56.69,2982,4090
itamira,BA,1,1.071e-05,2,2,100.2,6.5e-06,100.2,50.1,2982,3747
itanhem,BA,1,1.071e-05,1,1,278.66,1.807e-05,278.66,278.66,2982,2727
itaparica,BA,1,1.071e-05,1,1,188.36,1.221e-05,188.36,188.36,2982,3150
itape,BA,1,1.071e-05,1,1,258.56,1.677e-05,258.56,258.56,2982,2808
jacuipe,BA,1,1.071e-05,1,1,34.78,2.26e-06,34.78,34.78,2982,4225
jandaira,BA,1,1.071e-05,1,1,77.98,5.06e-06,77.98,77.98,2982,3903
jaua,BA,1,1.071e-05,1,1,177.38,1.15e-05,177.38,177.38,2982,3213
jiquirica,BA,1,1.071e-05,1,1,519.93,3.371e-05,519.93,519.93,2982,1988
joao dourado,BA,1,1.071e-05,1,1,36.69,2.38e-06,36.69,36.69,2982,4217
jussiape,BA,1,1.071e-05,1,1,53.79,3.49e-06,53.79,53.79,2982,4108
lagoa real,BA,1,1.071e-05,1,1,459.92,2.982e-05,459.92,459.92,2982,2137
lamarao,BA,1,1.071e-05,1,1,81.34,5.27e-06,81.34,81.34,2982,3884
lencois,BA,1,1.071e-05,1,1,307.68,1.995e-05,307.68,307.68,2982,2619
maiquinique,BA,1,1.071e-05,1,1,139.48,9.04e-06,139.48,139.48,2982,3475
mansidao,BA,1,1.071e-05,1,1,65.79,4.27e-06,65.79,65.79,2982,4020
monte gordo,BA,1,1.071e-05,1,1,224.17,1.454e-05,224.17,224.17,2982,2960
monte santo,BA,1,1.071e-05,1,1,40.0,2.59e-06,40.0,40.0,2982,4200
morro de sao paulo,BA,1,1.071e-05,1,1,832.0,5.395e-05,832.0,832.0,2982,1556
mucuge,BA,1,1.071e-05,1,1,285.74,1.853e-05,285.74,285.74,2982,2699
mundo novo,BA,1,1.071e-05,1,1,157.28,1.02e-05,157.28,157.28,2982,3344
muritiba,BA,1,1.071e-05,1,1,222.63,1.444e-05,222.63,222.63,2982,2967
nova fatima,BA,1,1.071e-05,1,1,188.29,1.221e-05,188.29,188.29,2982,3153
nova redencao,BA,1,1.071e-05,1,1,36.69,2.38e-06,36.69,36.69,2982,4217
nova vicosa,BA,1,1.071e-05,1,1,271.01,1.757e-05,271.01,271.01,2982,2748
pau brasil,BA,1,1.071e-05,1,1,315.92,2.048e-05,315.92,315.92,2982,2583
pedrao,BA,1,1.071e-05,1,1,343.71,2.229e-05,343.71,343.71,2982,2484
pirai do norte,BA,1,1.071e-05,1,1,46.28,3e-06,46.28,46.28,2982,4158
planaltino,BA,1,1.071e-05,1,1,254.44,1.65e-05,254.44,254.44,2982,2822
planalto,BA,1,1.071e-05,1,1,116.45,7.55e-06,116.45,116.45,2982,3622
ponto novo,BA,1,1.071e-05,1,1,377.0,2.444e-05,377.0,377.0,2982,2374
presidente janio quadros,BA,1,1.071e-05,1,1,173.88,1.127e-05,173.88,173.88,2982,3238
retirolandia,BA,1,1.071e-05,1,1,117.0,7.59e-06,117.0,117.0,2982,3615
riachao das neves,BA,1,1.071e-05,2,2,247.77,1.607e-05,247.77,123.885,2982,2858
ribeira do amparo,BA,1,1.071e-05,1,1,61.79,4.01e-06,61.79,61.79,2982,4055
salinas da margarida,BA,1,1.071e-05,1,1,82.12,5.32e-06,82.12,82.12,2982,3875
salobro,BA,1,1.071e-05,1,1,89.15,5.78e-06,89.15,89.15,2982,3824
santa brigida,BA,1,1.071e-05,1,1,104.73,6.79e-06,104.73,104.73,2982,3714
santana do sobrado,BA,1,1.071e-05,1,1,54.82,3.55e-06,54.82,54.82,2982,4097
sao desiderio,BA,1,1.071e-05,1,1,161.19,1.045e-05,161.19,161.19,2982,3320
sao felix,BA,1,1.071e-05,1,1,44.69,2.9e-06,44.69,44.69,2982,4170
sao felix do coribe,BA,1,1.071e-05,1,1,266.06,1.725e-05,266.06,266.06,2982,2770
sao miguel das matas,BA,1,1.071e-05,1,1,221.0,1.433e-05,221.0,221.0,2982,2979
satiro dias,BA,1,1.071e-05,1,1,41.29,2.68e-06,41.29,41.29,2982,4190
saubara,BA,1,1.071e-05,1,1,228.6,1.482e-05,228.6,228.6,2982,2941
sento se,BA,1,1.071e-05,1,1,76.08,4.93e-06,76.08,76.08,2982,3924
taboquinhas,BA,1,1.071e-05,1,1,303.27,1.966e-05,303.27,303.27,2982,2633
teodoro sampaio,BA,1,1.071e-05,1,1,87.28,5.66e-06,87.28,87.28,2982,3840
ubata,BA,1,1.071e-05,1,1,210.18,1.363e-05,210.18,210.18,2982,3042
umburanas,BA,1,1.071e-05,1,1,123.75,8.02e-06,123.75,123.75,2982,3569
varzea do poco,BA,1,1.071e-05,1,1,73.83,4.79e-06,73.83,73.83,2982,3947
varzea nova,BA,1,1.071e-05,1,1,108.53,7.04e-06,108.53,108.53,2982,3680
varzedo,BA,1,1.071e-05,1,1,65.53,4.25e-06,65.53,65.53,2982,4024
wagner,BA,1,1.071e-05,1,1,147.69,9.58e-06,147.69,147.69,2982,3408
wenceslau guimaraes,BA,1,1.071e-05,1,1,137.5,8.92e-06,137.5,137.5,2982,3492
aiuaba,CE,1,1.071e-05,1,1,147.38,9.56e-06,147.38,147.38,2982,3412
amanari,CE,1,1.071e-05,1,1,419.39,2.719e-05,419.39,419.39,2982,2250
amontada,CE,1,1.071e-05,1,1,81.57,5.29e-06,81.57,81.57,2982,3881
antonina do norte,CE,1,1.071e-05,1,1,130.58,8.47e-06,130.58,130.58,2982,3544
aquiraz,CE,1,1.071e-05,1,1,398.85,2.586e-05,398.85,398.85,2982,2306
araripe,CE,1,1.071e-05,1,1,155.0,1.005e-05,155.0,155.0,2982,3356
assare,CE,1,1.071e-05,1,1,118.26,7.67e-06,118.26,118.26,2982,3603
banabuiu,CE,1,1.071e-05,1,1,139.61,9.05e-06,139.61,139.61,2982,3471
barreira,CE,1,1.071e-05,1,1,142.01,9.21e-06,142.01,142.01,2982,3457
capistrano,CE,1,1.071e-05,1,1,72.16,4.68e-06,72.16,72.16,2982,3963
caridade,CE,1,1.071e-05,1,1,99.9,6.48e-06,99.9,99.9,2982,3749
cedro,CE,1,1.071e-05,1,1,356.11,2.309e-05,356.11,356.11,2982,2442
chaval,CE,1,1.071e-05,1,1,179.45,1.164e-05,179.45,179.45,2982,3202
chorozinho,CE,1,1.071e-05,1,1,398.42,2.583e-05,398.42,398.42,2982,2308
coreau,CE,1,1.071e-05,1,1,54.81,3.55e-06,54.81,54.81,2982,4099
croata,CE,1,1.071e-05,1,1,87.8,5.69e-06,87.8,87.8,2982,3834
dourado,CE,1,1.071e-05,1,1,218.58,1.417e-05,218.58,218.58,2982,2992
erere,CE,1,1.071e-05,1,1,226.23,1.467e-05,226.23,226.23,2982,2954
flores,CE,1,1.071e-05,1,1,149.9,9.72e-06,149.9,149.9,2982,3389
fortim,CE,1,1.071e-05,1,1,205.53,1.333e-05,205.53,205.53,2982,3062
groairas,CE,1,1.071e-05,1,1,178.5,1.157e-05,178.5,178.5,2982,3208
guaiuba,CE,1,1.071e-05,2,2,762.05,4.941e-05,762.05,381.025,2982,1628
guassusse,CE,1,1.071e-05,1,1,169.92,1.102e-05,169.92,169.92,2982,3260
ibicuitinga,CE,1,1.071e-05,1,1,54.62,3.54e-06,54.62,54.62,2982,4102
independencia,CE,1,1.071e-05,1,1,136.05,8.82e-06,136.05,136.05,2982,3507
ipaumirim,CE,1,1.071e-05,1,1,307.11,1.991e-05,307.11,307.11,2982,2621
itaicaba,CE,1,1.071e-05,1,1,70.03,4.54e-06,70.03,70.03,2982,3984
itapage,CE,1,1.071e-05,1,1,236.13,1.531e-05,236.13,236.13,2982,2908
itapiuna,CE,1,1.071e-05,2,2,106.24,6.89e-06,106.24,53.12,2982,3701
itarema,CE,1,1.071e-05,1,1,99.95,6.48e-06,99.95,99.95,2982,3748
jaguaribara,CE,1,1.071e-05,1,1,125.23,8.12e-06,125.23,125.23,2982,3560
jucas,CE,1,1.071e-05,1,1,363.96,2.36e-05,363.96,363.96,2982,2416
lages,CE,1,1.071e-05,1,1,78.1,5.06e-06,78.1,78.1,2982,3900
lagoa do mato,CE,1,1.071e-05,1,1,61.62,4e-06,61.62,61.62,2982,4058
madalena,CE,1,1.071e-05,1,1,176.24,1.143e-05,176.24,176.24,2982,3219
mauriti,CE,1,1.071e-05,1,1,57.28,3.71e-06,57.28,57.28,2982,4086
missao velha,CE,1,1.071e-05,1,1,40.62,2.63e-06,40.62,40.62,2982,4195
missi,CE,1,1.071e-05,1,1,152.95,9.92e-06,152.95,152.95,2982,3378
mombaca,CE,1,1.071e-05,1,1,247.98,1.608e-05,247.98,247.98,2982,2857
mucambo,CE,1,1.071e-05,1,1,149.14,9.67e-06,149.14,149.14,2982,3396
pacuja,CE,1,1.071e-05,1,1,538.39,3.491e-05,538.39,538.39,2982,1952
palhano,CE,1,1.071e-05,1,1,136.6,8.86e-06,136.6,136.6,2982,3503
pindoretama,CE,1,1.071e-05,1,1,63.18,4.1e-06,63.18,63.18,2982,4051
pires ferreira,CE,1,1.071e-05,1,1,43.79,2.84e-06,43.79,43.79,2982,4177
porteiras,CE,1,1.071e-05,1,1,42.18,2.73e-06,42.18,42.18,2982,4187
saboeiro,CE,1,1.071e-05,1,1,201.83,1.309e-05,201.83,201.83,2982,3076
sao luis do curu,CE,1,1.071e-05,1,1,175.1,1.135e-05,175.1,175.1,2982,3231
tabuleiro do norte,CE,1,1.071e-05,1,1,71.88,4.66e-06,71.88,71.88,2982,3966
taperuaba,CE,1,1.071e-05,1,1,82.42,5.34e-06,82.42,82.42,2982,3874
tururu,CE,1,1.071e-05,1,1,215.6,1.398e-05,215.6,215.6,2982,3006
uruburetama,CE,1,1.071e-05,1,1,87.8,5.69e-06,87.8,87.8,2982,3834
vicosa do ceara,CE,1,1.071e-05,1,1,43.79,2.84e-06,43.79,43.79,2982,4177
ceilandia,DF,1,1.071e-05,1,1,68.84,4.46e-06,68.84,68.84,2982,3995
guara,DF,1,1.071e-05,3,3,185.09,1.2e-05,185.09,61.696667,2982,3170
santa maria,DF,1,1.071e-05,1,1,34.09,2.21e-06,34.09,34.09,2982,4230
sobradinho,DF,1,1.071e-05,1,1,115.94,7.52e-06,115.94,115.94,2982,3625
aguia branca,ES,1,1.071e-05,1,1,31.13,2.02e-06,31.13,31.13,2982,4251
angelo frechiani,ES,1,1.071e-05,1,1,43.6,2.83e-06,43.6,43.6,2982,4179
araguaia,ES,1,1.071e-05,1,1,67.23,4.36e-06,67.23,67.23,2982,4010
atilio vivacqua,ES,1,1.071e-05,1,1,107.78,6.99e-06,107.78,107.78,2982,3686
brejetuba,ES,1,1.071e-05,1,1,144.54,9.37e-06,144.54,144.54,2982,3433
divino de sao lourenco,ES,1,1.071e-05,1,1,149.16,9.67e-06,149.16,149.16,2982,3394
ibiracu,ES,1,1.071e-05,1,1,57.5,3.73e-06,57.5,57.5,2982,4084
laranja da terra,ES,1,1.071e-05,1,1,85.6,5.55e-06,85.6,85.6,2982,3854
mucurici,ES,1,1.071e-05,1,1,415.66,2.695e-05,415.66,415.66,2982,2261
novo brasil,ES,1,1.071e-05,1,1,103.75,6.73e-06,103.75,103.75,2982,3722
pacotuba,ES,1,1.071e-05,1,1,69.14,4.48e-06,69.14,69.14,2982,3991
pancas,ES,1,1.071e-05,1,1,198.9,1.29e-05,198.9,198.9,2982,3094
paraju,ES,1,1.071e-05,1,1,105.74,6.86e-06,105.74,105.74,2982,3705
piacu,ES,1,1.071e-05,1,1,194.48,1.261e-05,194.48,194.48,2982,3121
ponto belo,ES,1,1.071e-05,1,1,98.56,6.39e-06,98.56,98.56,2982,3761
praia grande,ES,1,1.071e-05,1,1,75.08,4.87e-06,75.08,75.08,2982,3933
quilometro 14 do mutum,ES,1,1.071e-05,1,1,66.01,4.28e-06,66.01,66.01,2982,4017
santa leopoldina,ES,1,1.071e-05,1,1,107.78,6.99e-06,107.78,107.78,2982,3686
santo antonio do canaa,ES,1,1.071e-05,1,1,194.88,1.264e-05,194.88,194.88,2982,3116
sao joao de petropolis,ES,1,1.071e-05,1,1,43.09,2.79e-06,43.09,43.09,2982,4183
sao joao do sobrado,ES,1,1.071e-05,1,1,73.56,4.77e-06,73.56,73.56,2982,3949
vargem grande do soturno,ES,1,1.071e-05,1,1,111.02,7.2e-06,111.02,111.02,2982,3666
abadiania,GO,1,1.071e-05,1,1,1025.52,6.65e-05,1025.52,1025.52,2982,1348
agua fria de goias,GO,1,1.071e-05,1,1,167.81,1.088e-05,167.81,167.81,2982,3279
agua limpa,GO,1,1.071e-05,1,1,416.8,2.703e-05,416.8,416.8,2982,2259
apore,GO,1,1.071e-05,1,1,197.38,1.28e-05,197.38,197.38,2982,3103
aragoiania,GO,1,1.071e-05,1,1,112.9,7.32e-06,112.9,112.9,2982,3653
arenopolis,GO,1,1.071e-05,1,1,128.9,8.36e-06,128.9,128.9,2982,3548
aruana,GO,1,1.071e-05,2,2,180.31,1.169e-05,180.31,90.155,2982,3198
aurilandia,GO,1,1.071e-05,1,1,176.2,1.142e-05,176.2,176.2,2982,3220
barro alto,GO,1,1.071e-05,1,1,123.33,8e-06,123.33,123.33,2982,3574
bom jardim de goias,GO,1,1.071e-05,1,1,25.1,1.63e-06,25.1,25.1,2982,4264
britania,GO,1,1.071e-05,1,1,105.37,6.83e-06,105.37,105.37,2982,3706
buriti alegre,GO,1,1.071e-05,1,1,48.22,3.13e-06,48.22,48.22,2982,4144
cabeceiras,GO,1,1.071e-05,1,1,33.13,2.15e-06,33.13,33.13,2982,4234
campinacu,GO,1,1.071e-05,1,1,195.91,1.27e-05,195.91,195.91,2982,3111
campos verdes,GO,1,1.071e-05,1,1,413.04,2.678e-05,413.04,413.04,2982,2267
cezarina,GO,1,1.071e-05,1,1,31.72,2.06e-06,31.72,31.72,2982,4245
cocalzinho de goias,GO,1,1.071e-05,1,1,203.08,1.317e-05,203.08,203.08,2982,3071
crominia,GO,1,1.071e-05,1,1,61.0,3.96e-06,61.0,61.0,2982,4060
diorama,GO,1,1.071e-05,2,2,266.92,1.731e-05,266.92,133.46,2982,2768
divinopolis de goias,GO,1,1.071e-05,1,1,94.3,6.11e-06,94.3,94.3,2982,3791
flores de goias,GO,1,1.071e-05,1,1,43.22,2.8e-06,43.22,43.22,2982,4180
formoso,GO,1,1.071e-05,1,1,61.93,4.02e-06,61.93,61.93,2982,4054
goiandira,GO,1,1.071e-05,1,1,113.13,7.34e-06,113.13,113.13,2982,3651
hidrolandia,GO,1,1.071e-05,1,1,74.5,4.83e-06,74.5,74.5,2982,3935
ipiranga de goias,GO,1,1.071e-05,1,1,139.98,9.08e-06,139.98,139.98,2982,3469
itaguari,GO,1,1.071e-05,1,1,913.7,5.924e-05,913.7,913.7,2982,1462
jandaia,GO,1,1.071e-05,1,1,53.4,3.46e-06,53.4,53.4,2982,4110
jardim abc de goias,GO,1,1.071e-05,1,1,34.09,2.21e-06,34.09,34.09,2982,4230
jaupaci,GO,1,1.071e-05,1,1,105.28,6.83e-06,105.28,105.28,2982,3708
leopoldo de bulhoes,GO,1,1.071e-05,1,1,300.76,1.95e-05,300.76,300.76,2982,2648
mimoso de goias,GO,1,1.071e-05,1,1,179.12,1.161e-05,179.12,179.12,2982,3205
montividiu do norte,GO,1,1.071e-05,1,1,33.09,2.15e-06,33.09,33.09,2982,4235
morro agudo de goias,GO,1,1.071e-05,1,1,50.68,3.29e-06,50.68,50.68,2982,4127
mossamedes,GO,1,1.071e-05,1,1,84.14,5.46e-06,84.14,84.14,2982,3862
mutunopolis,GO,1,1.071e-05,1,1,58.56,3.8e-06,58.56,58.56,2982,4074
nova america,GO,1,1.071e-05,1,1,66.11,4.29e-06,66.11,66.11,2982,4014
nova aurora,GO,1,1.071e-05,1,1,512.62,3.324e-05,512.62,512.62,2982,2006
nova crixas,GO,1,1.071e-05,1,1,176.18,1.142e-05,176.18,176.18,2982,3221
nova roma,GO,1,1.071e-05,1,1,67.59,4.38e-06,67.59,67.59,2982,4007
novo planalto,GO,1,1.071e-05,1,1,46.29,3e-06,46.29,46.29,2982,4157
ouro verde de goias,GO,1,1.071e-05,1,1,98.23,6.37e-06,98.23,98.23,2982,3763
ouvidor,GO,1,1.071e-05,1,1,401.07,2.601e-05,401.07,401.07,2982,2294
palminopolis,GO,1,1.071e-05,1,1,237.94,1.543e-05,237.94,237.94,2982,2895
pontalina,GO,1,1.071e-05,2,2,488.72,3.169e-05,488.72,244.36,2982,2056
sao joao da parauna,GO,1,1.071e-05,1,1,187.84,1.218e-05,187.84,187.84,2982,3156
sao luiz do norte,GO,1,1.071e-05,1,1,148.33,9.62e-06,148.33,148.33,2982,3402
sao patricio,GO,1,1.071e-05,1,1,172.96,1.121e-05,172.96,172.96,2982,3243
teresina de goias,GO,1,1.071e-05,1,1,96.8,6.28e-06,96.8,96.8,2982,3772
trombas,GO,1,1.071e-05,1,1,32.07,2.08e-06,32.07,32.07,2982,4242
turvelandia,GO,1,1.071e-05,1,1,42.4,2.75e-06,42.4,42.4,2982,4185
alcantara,MA,1,1.071e-05,1,1,464.86,3.014e-05,464.86,464.86,2982,2121
alto alegre do maranhao,MA,1,1.071e-05,1,1,123.32,8e-06,123.32,123.32,2982,3575
alto alegre do pindare,MA,1,1.071e-05,1,1,259.56,1.683e-05,259.56,259.56,2982,2804
amapa do maranhao,MA,1,1.071e-05,1,1,50.05,3.25e-06,50.05,50.05,2982,4132
araguana,MA,1,1.071e-05,1,1,224.07,1.453e-05,224.07,224.07,2982,2961
arame,MA,1,1.071e-05,1,1,64.14,4.16e-06,64.14,64.14,2982,4041
bela vista do maranhao,MA,1,1.071e-05,1,1,83.15,5.39e-06,83.15,83.15,2982,3866
benedito leite,MA,1,1.071e-05,1,1,134.12,8.7e-06,134.12,134.12,2982,3519
bequimao,MA,1,1.071e-05,1,1,386.15,2.504e-05,386.15,386.15,2982,2343
bom jardim,MA,1,1.071e-05,1,1,60.05,3.89e-06,60.05,60.05,2982,4067
brejo,MA,1,1.071e-05,1,1,138.24,8.96e-06,138.24,138.24,2982,3483
buriti,MA,1,1.071e-05,1,1,229.9,1.491e-05,229.9,229.9,2982,2931
cajapio,MA,1,1.071e-05,1,1,149.16,9.67e-06,149.16,149.16,2982,3394
cajari,MA,1,1.071e-05,1,1,316.3,2.051e-05,316.3,316.3,2982,2579
candido mendes,MA,1,1.071e-05,1,1,316.58,2.053e-05,316.58,316.58,2982,2578
cantanhede,MA,1,1.071e-05,1,1,735.85,4.771e-05,735.85,735.85,2982,1666
centro novo do maranhao,MA,1,1.071e-05,1,1,352.81,2.288e-05,352.81,352.81,2982,2453
cidelandia,MA,1,1.071e-05,1,1,528.8,3.429e-05,528.8,528.8,2982,1962
formosa da serra negra,MA,1,1.071e-05,1,1,155.5,1.008e-05,155.5,155.5,2982,3354
goncalves dias,MA,1,1.071e-05,1,1,99.25,6.44e-06,99.25,99.25,2982,3753
governador eugenio barros,MA,1,1.071e-05,1,1,417.45,2.707e-05,417.45,417.45,2982,2258
guimaraes,MA,1,1.071e-05,1,1,252.11,1.635e-05,252.11,252.11,2982,2833
humberto de campos,MA,1,1.071e-05,1,1,81.57,5.29e-06,81.57,81.57,2982,3881
icatu,MA,1,1.071e-05,1,1,892.9,5.79e-05,892.9,892.9,2982,1488
jatoba,MA,1,1.071e-05,1,1,186.36,1.208e-05,186.36,186.36,2982,3166
joselandia,MA,1,1.071e-05,1,1,109.18,7.08e-06,109.18,109.18,2982,3675
lago verde,MA,1,1.071e-05,1,1,134.01,8.69e-06,134.01,134.01,2982,3520
loreto,MA,1,1.071e-05,1,1,1643.64,0.00010657,1643.64,1643.64,2982,952
magalhaes de almeida,MA,1,1.071e-05,1,1,323.52,2.098e-05,323.52,323.52,2982,2552
maranhaozinho,MA,1,1.071e-05,1,1,76.57,4.96e-06,76.57,76.57,2982,3920
matoes,MA,1,1.071e-05,1,1,106.3,6.89e-06,106.3,106.3,2982,3700
miranda do norte,MA,1,1.071e-05,1,1,154.64,1.003e-05,154.64,154.64,2982,3365
moncao,MA,1,1.071e-05,1,1,143.36,9.3e-06,143.36,143.36,2982,3442
parnarama,MA,1,1.071e-05,1,1,217.82,1.412e-05,217.82,217.82,2982,3000
passagem franca,MA,1,1.071e-05,1,1,87.66,5.68e-06,87.66,87.66,2982,3836
peri mirim,MA,1,1.071e-05,1,1,59.83,3.88e-06,59.83,59.83,2982,4070
pio xii,MA,1,1.071e-05,1,1,546.03,3.54e-05,546.03,546.03,2982,1940
pocao de pedras,MA,1,1.071e-05,1,1,214.05,1.388e-05,214.05,214.05,2982,3019
presidente juscelino,MA,1,1.071e-05,1,1,302.46,1.961e-05,302.46,302.46,2982,2641
presidente medici,MA,1,1.071e-05,1,1,143.99,9.34e-06,143.99,143.99,2982,3439
rosario,MA,1,1.071e-05,1,1,79.04,5.12e-06,79.04,79.04,2982,3894
sambaiba,MA,1,1.071e-05,1,1,215.47,1.397e-05,215.47,215.47,2982,3007
santa luzia do parua,MA,1,1.071e-05,1,1,115.78,7.51e-06,115.78,115.78,2982,3632
santa quiteria do maranhao,MA,1,1.071e-05,1,1,100.75,6.53e-06,100.75,100.75,2982,3741
santa rita,MA,1,1.071e-05,1,1,124.33,8.06e-06,124.33,124.33,2982,3566
sao benedito do rio preto,MA,1,1.071e-05,1,1,133.22,8.64e-06,133.22,133.22,2982,3524
sao francisco do brejao,MA,1,1.071e-05,1,1,82.75,5.37e-06,82.75,82.75,2982,3871
sao joao batista,MA,1,1.071e-05,1,1,149.11,9.67e-06,149.11,149.11,2982,3397
sao joao do paraiso,MA,1,1.071e-05,1,1,115.92,7.52e-06,115.92,115.92,2982,3626
sao pedro da agua branca,MA,1,1.071e-05,1,1,336.56,2.182e-05,336.56,336.56,2982,2506
sao vicente ferrer,MA,1,1.071e-05,1,1,314.37,2.038e-05,314.37,314.37,2982,2589
senador la rocque,MA,1,1.071e-05,1,1,124.43,8.07e-06,124.43,124.43,2982,3564
sitio novo,MA,1,1.071e-05,1,1,59.14,3.83e-06,59.14,59.14,2982,4072
vargem grande,MA,1,1.071e-05,1,1,137.01,8.88e-06,137.01,137.01,2982,3500
vitoria do mearim,MA,1,1.071e-05,1,1,64.85,4.2e-06,64.85,64.85,2982,4032
acucena,MG,1,1.071e-05,1,1,54.11,3.51e-06,54.11,54.11,2982,4105
alagoa,MG,1,1.071e-05,1,1,93.98,6.09e-06,93.98,93.98,2982,3792
alexandrita,MG,1,1.071e-05,1,1,130.0,8.43e-06,130.0,130.0,2982,3546
amparo da serra,MG,1,1.071e-05,1,1,66.06,4.28e-06,66.06,66.06,2982,4015
andrequice,MG,1,1.071e-05,1,1,215.14,1.395e-05,215.14,215.14,2982,3010
angustura,MG,1,1.071e-05,1,1,166.29,1.078e-05,166.29,166.29,2982,3292
antonio carlos,MG,1,1.071e-05,1,1,48.21,3.13e-06,48.21,48.21,2982,4146
antunes,MG,1,1.071e-05,1,1,135.39,8.78e-06,135.39,135.39,2982,3508
arantina,MG,1,1.071e-05,1,1,204.41,1.325e-05,204.41,204.41,2982,3066
arapua,MG,1,1.071e-05,1,1,112.77,7.31e-06,112.77,112.77,2982,3654
barra longa,MG,1,1.071e-05,1,1,1341.55,8.699e-05,1341.55,1341.55,2982,1124
bela vista de minas,MG,1,1.071e-05,1,1,134.51,8.72e-06,134.51,134.51,2982,3515
berilo,MG,1,1.071e-05,1,1,78.22,5.07e-06,78.22,78.22,2982,3899
berizal,MG,1,1.071e-05,1,1,221.98,1.439e-05,221.98,221.98,2982,2973
bertopolis,MG,1,1.071e-05,1,1,82.12,5.32e-06,82.12,82.12,2982,3875
bom jesus da penha,MG,1,1.071e-05,2,2,120.84,7.84e-06,120.84,60.42,2982,3590
bom jesus do amparo,MG,1,1.071e-05,1,1,218.54,1.417e-05,218.54,218.54,2982,2993
bonito de minas,MG,1,1.071e-05,1,1,115.44,7.49e-06,115.44,115.44,2982,3634
brasilandia de minas,MG,1,1.071e-05,1,1,98.49,6.39e-06,98.49,98.49,2982,3762
brasopolis,MG,1,1.071e-05,1,1,115.9,7.52e-06,115.9,115.9,2982,3627
braunas,MG,1,1.071e-05,1,1,105.28,6.83e-06,105.28,105.28,2982,3708
brejo bonito,MG,1,1.071e-05,1,1,153.9,9.98e-06,153.9,153.9,2982,3371
bugre,MG,1,1.071e-05,1,1,209.3,1.357e-05,209.3,209.3,2982,3049
cachoeira do brumado,MG,1,1.071e-05,1,1,211.17,1.369e-05,211.17,211.17,2982,3032
cachoeira dourada,MG,1,1.071e-05,1,1,142.67,9.25e-06,142.67,142.67,2982,3450
cajuri,MG,1,1.071e-05,1,1,71.53,4.64e-06,71.53,71.53,2982,3971
camacho,MG,1,1.071e-05,1,1,80.9,5.25e-06,80.9,80.9,2982,3886
campo alegre de minas,MG,1,1.071e-05,1,1,137.93,8.94e-06,137.93,137.93,2982,3489
campo azul,MG,1,1.071e-05,1,1,96.22,6.24e-06,96.22,96.22,2982,3776
campo florido,MG,1,1.071e-05,1,1,92.02,5.97e-06,92.02,92.02,2982,3803
canaa,MG,1,1.071e-05,1,1,69.54,4.51e-06,69.54,69.54,2982,3987
caparao,MG,1,1.071e-05,1,1,64.42,4.18e-06,64.42,64.42,2982,4037
capela nova,MG,1,1.071e-05,1,1,121.27,7.86e-06,121.27,121.27,2982,3585
capim branco,MG,1,1.071e-05,2,2,187.17,1.214e-05,187.17,93.585,2982,3159
capitao andrade,MG,1,1.071e-05,1,1,199.0,1.29e-05,199.0,199.0,2982,3092
capitao eneas,MG,1,1.071e-05,1,1,98.84,6.41e-06,98.84,98.84,2982,3758
carmesia,MG,1,1.071e-05,1,1,280.63,1.82e-05,280.63,280.63,2982,2717
cascalho rico,MG,1,1.071e-05,1,1,85.92,5.57e-06,85.92,85.92,2982,3853
cedro do abaete,MG,1,1.071e-05,1,1,58.09,3.77e-06,58.09,58.09,2982,4079
central de santa helena,MG,1,1.071e-05,1,1,158.76,1.029e-05,158.76,158.76,2982,3333
centralina,MG,1,1.071e-05,1,1,45.09,2.92e-06,45.09,45.09,2982,4164
claraval,MG,1,1.071e-05,1,1,197.04,1.278e-05,197.04,197.04,2982,3104
claro dos pocoes,MG,1,1.071e-05,1,1,123.68,8.02e-06,123.68,123.68,2982,3572
cocais,MG,1,1.071e-05,1,1,281.3,1.824e-05,281.3,281.3,2982,2714
coimbra,MG,1,1.071e-05,1,1,55.01,3.57e-06,55.01,55.01,2982,4096
comercinho,MG,1,1.071e-05,1,1,144.65,9.38e-06,144.65,144.65,2982,3430
conceicao da ibitipoca,MG,1,1.071e-05,1,1,55.09,3.57e-06,55.09,55.09,2982,4095
conceicao do formoso,MG,1,1.071e-05,1,1,215.24,1.396e-05,215.24,215.24,2982,3008
confins,MG,1,1.071e-05,1,1,444.25,2.881e-05,444.25,444.25,2982,2176
coronel murta,MG,1,1.071e-05,1,1,255.84,1.659e-05,255.84,255.84,2982,2819
coronel pacheco,MG,1,1.071e-05,1,1,99.9,6.48e-06,99.9,99.9,2982,3749
corrego danta,MG,1,1.071e-05,1,1,57.62,3.74e-06,57.62,57.62,2982,4081
corrego fundo,MG,1,1.071e-05,1,1,144.65,9.38e-06,144.65,144.65,2982,3430
crucilandia,MG,1,1.071e-05,1,1,30.47,1.98e-06,30.47,30.47,2982,4253
cuite velho,MG,1,1.071e-05,1,1,35.09,2.28e-06,35.09,35.09,2982,4221
datas,MG,1,1.071e-05,1,1,920.94,5.971e-05,920.94,920.94,2982,1456
delfim moreira,MG,1,1.071e-05,1,1,39.37,2.55e-06,39.37,39.37,2982,4206
desembargador otoni,MG,1,1.071e-05,1,1,196.02,1.271e-05,196.02,196.02,2982,3110
desterro de entre rios,MG,1,1.071e-05,1,1,58.28,3.78e-06,58.28,58.28,2982,4076
desterro do melo,MG,1,1.071e-05,1,1,35.86,2.33e-06,35.86,35.86,2982,4220
divinesia,MG,1,1.071e-05,1,1,333.51,2.162e-05,333.51,333.51,2982,2519
divino das laranjeiras,MG,1,1.071e-05,1,1,51.1,3.31e-06,51.1,51.1,2982,4122
divisa nova,MG,1,1.071e-05,1,1,788.71,5.114e-05,788.71,788.71,2982,1600
dom cavati,MG,1,1.071e-05,1,1,93.08,6.04e-06,93.08,93.08,2982,3798
dom joaquim,MG,1,1.071e-05,1,1,163.38,1.059e-05,163.38,163.38,2982,3306
engenheiro navarro,MG,1,1.071e-05,1,1,2106.55,0.00013659,2106.55,2106.55,2982,779
entre folhas,MG,1,1.071e-05,1,1,106.07,6.88e-06,106.07,106.07,2982,3704
estevao de araujo,MG,1,1.071e-05,1,1,32.43,2.1e-06,32.43,32.43,2982,4238
estiva,MG,1,1.071e-05,1,1,29.13,1.89e-06,29.13,29.13,2982,4256
estrela do sul,MG,1,1.071e-05,1,1,105.28,6.83e-06,105.28,105.28,2982,3708
ewbank da camara,MG,1,1.071e-05,1,1,98.16,6.36e-06,98.16,98.16,2982,3764
felicio dos santos,MG,1,1.071e-05,1,1,191.58,1.242e-05,191.58,191.58,2982,3134
felisburgo,MG,1,1.071e-05,1,1,123.47,8.01e-06,123.47,123.47,2982,3573
felixlandia,MG,1,1.071e-05,1,1,90.28,5.85e-06,90.28,90.28,2982,3815
fonseca,MG,1,1.071e-05,1,1,107.53,6.97e-06,107.53,107.53,2982,3691
frei gaspar,MG,1,1.071e-05,1,1,89.19,5.78e-06,89.19,89.19,2982,3822
frei lagonegro,MG,1,1.071e-05,1,1,260.34,1.688e-05,260.34,260.34,2982,2800
glaura,MG,1,1.071e-05,1,1,89.36,5.79e-06,89.36,89.36,2982,3820
grupiara,MG,1,1.071e-05,1,1,148.94,9.66e-06,148.94,148.94,2982,3399
guape,MG,1,1.071e-05,1,1,210.48,1.365e-05,210.48,210.48,2982,3039
guinda,MG,1,1.071e-05,1,1,47.11,3.05e-06,47.11,47.11,2982,4152
guiricema,MG,1,1.071e-05,1,1,161.56,1.048e-05,161.56,161.56,2982,3315
ibertioga,MG,1,1.071e-05,1,1,181.21,1.175e-05,181.21,181.21,2982,3189
ibiracatu,MG,1,1.071e-05,1,1,148.15,9.61e-06,148.15,148.15,2982,3404
igaratinga,MG,1,1.071e-05,1,1,336.38,2.181e-05,336.38,336.38,2982,2507
ilicinea,MG,1,1.071e-05,1,1,105.28,6.83e-06,105.28,105.28,2982,3708
indianopolis,MG,1,1.071e-05,1,1,48.31,3.13e-06,48.31,48.31,2982,4143
ingai,MG,1,1.071e-05,1,1,109.38,7.09e-06,109.38,109.38,2982,3673
ipuiuna,MG,1,1.071e-05,1,1,188.34,1.221e-05,188.34,188.34,2982,3151
itabirinha,MG,1,1.071e-05,1,1,157.41,1.021e-05,157.41,157.41,2982,3342
itaguara,MG,1,1.071e-05,2,2,76.47,4.96e-06,76.47,38.235,2982,3922
itutinga,MG,1,1.071e-05,1,1,96.01,6.23e-06,96.01,96.01,2982,3781
jaboticatubas,MG,1,1.071e-05,1,1,808.87,5.245e-05,808.87,808.87,2982,1578
jaguaracu,MG,1,1.071e-05,1,1,71.04,4.61e-06,71.04,71.04,2982,3977
jampruca,MG,1,1.071e-05,1,1,262.83,1.704e-05,262.83,262.83,2982,2788
japaraiba,MG,1,1.071e-05,1,1,132.46,8.59e-06,132.46,132.46,2982,3528
jenipapo de minas,MG,1,1.071e-05,1,1,22.58,1.46e-06,22.58,22.58,2982,4269
jequeri,MG,1,1.071e-05,1,1,676.84,4.389e-05,676.84,676.84,2982,1743
joaima,MG,1,1.071e-05,1,1,53.0,3.44e-06,53.0,53.0,2982,4114
lagoa dos patos,MG,1,1.071e-05,1,1,74.05,4.8e-06,74.05,74.05,2982,3944
lamim,MG,1,1.071e-05,1,1,108.63,7.04e-06,108.63,108.63,2982,3679
laranjal,MG,1,1.071e-05,1,1,316.3,2.051e-05,316.3,316.3,2982,2579
macuco de minas,MG,1,1.071e-05,1,1,215.14,1.395e-05,215.14,215.14,2982,3010
major porto,MG,1,1.071e-05,1,1,100.33,6.51e-06,100.33,100.33,2982,3745
mamonas,MG,1,1.071e-05,1,1,246.36,1.597e-05,246.36,246.36,2982,2865
marilac,MG,1,1.071e-05,1,1,942.78,6.113e-05,942.78,942.78,2982,1439
martinesia,MG,1,1.071e-05,1,1,53.23,3.45e-06,53.23,53.23,2982,4113
mendonca,MG,1,1.071e-05,1,1,179.35,1.163e-05,179.35,179.35,2982,3203
mesquita,MG,1,1.071e-05,1,1,77.57,5.03e-06,77.57,77.57,2982,3907
minduri,MG,1,1.071e-05,1,1,43.18,2.8e-06,43.18,43.18,2982,4181
miradouro,MG,1,1.071e-05,1,1,64.42,4.18e-06,64.42,64.42,2982,4037
miravania,MG,1,1.071e-05,1,1,50.1,3.25e-06,50.1,50.1,2982,4131
moeda,MG,1,1.071e-05,1,1,85.46,5.54e-06,85.46,85.46,2982,3857
moema,MG,1,1.071e-05,1,1,214.12,1.388e-05,214.12,214.12,2982,3018
monsenhor paulo,MG,1,1.071e-05,1,1,69.12,4.48e-06,69.12,69.12,2982,3992
morro da garca,MG,1,1.071e-05,1,1,227.14,1.473e-05,227.14,227.14,2982,2950
morro do ferro,MG,1,1.071e-05,1,1,154.38,1.001e-05,154.38,154.38,2982,3367
morro do pilar,MG,1,1.071e-05,1,1,87.64,5.68e-06,87.64,87.64,2982,3837
morro vermelho,MG,1,1.071e-05,1,1,40.99,2.66e-06,40.99,40.99,2982,4192
nacip raydan,MG,1,1.071e-05,1,1,92.16,5.98e-06,92.16,92.16,2982,3802
natercia,MG,1,1.071e-05,1,1,57.5,3.73e-06,57.5,57.5,2982,4084
nova resende,MG,1,1.071e-05,1,1,26.09,1.69e-06,26.09,26.09,2982,4262
olaria,MG,1,1.071e-05,1,1,96.22,6.24e-06,96.22,96.22,2982,3776
olhos d'agua,MG,1,1.071e-05,1,1,119.84,7.77e-06,119.84,119.84,2982,3599
orizania,MG,1,1.071e-05,1,1,190.09,1.233e-05,190.09,190.09,2982,3143
padre carvalho,MG,1,1.071e-05,1,1,582.94,3.78e-05,582.94,582.94,2982,1874
padre paraiso,MG,1,1.071e-05,1,1,77.57,5.03e-06,77.57,77.57,2982,3907
paineiras,MG,1,1.071e-05,1,1,81.98,5.32e-06,81.98,81.98,2982,3878
palmopolis,MG,1,1.071e-05,1,1,113.2,7.34e-06,113.2,113.2,2982,3650
passa tempo,MG,1,1.071e-05,1,1,146.46,9.5e-06,146.46,146.46,2982,3417
patis,MG,1,1.071e-05,1,1,65.0,4.21e-06,65.0,65.0,2982,4029
paula candido,MG,1,1.071e-05,1,1,168.19,1.091e-05,168.19,168.19,2982,3275
pavao,MG,1,1.071e-05,1,1,75.63,4.9e-06,75.63,75.63,2982,3930
pedra do indaia,MG,1,1.071e-05,1,1,96.08,6.23e-06,96.08,96.08,2982,3780
pedra menina,MG,1,1.071e-05,1,1,38.5,2.5e-06,38.5,38.5,2982,4210
pequi,MG,1,1.071e-05,1,1,197.5,1.281e-05,197.5,197.5,2982,3102
pescador,MG,1,1.071e-05,1,1,44.42,2.88e-06,44.42,44.42,2982,4173
pingo-d'agua,MG,1,1.071e-05,1,1,413.02,2.678e-05,413.02,413.02,2982,2268
pinhotiba,MG,1,1.071e-05,1,1,77.57,5.03e-06,77.57,77.57,2982,3907
piracema,MG,1,1.071e-05,1,1,166.59,1.08e-05,166.59,166.59,2982,3290
pirajuba,MG,1,1.071e-05,1,1,152.61,9.9e-06,152.61,152.61,2982,3382
pocoes de paineiras,MG,1,1.071e-05,1,1,145.95,9.46e-06,145.95,145.95,2982,3420
ponto do marambaia,MG,1,1.071e-05,1,1,28.8,1.87e-06,28.8,28.8,2982,4257
pratapolis,MG,1,1.071e-05,1,1,68.62,4.45e-06,68.62,68.62,2982,3997
prudente de morais,MG,1,1.071e-05,2,2,168.49,1.092e-05,168.49,84.245,2982,3271
quatituba,MG,1,1.071e-05,1,1,114.85,7.45e-06,114.85,114.85,2982,3639
queixada,MG,1,1.071e-05,1,1,77.29,5.01e-06,77.29,77.29,2982,3913
ravena,MG,1,1.071e-05,1,1,86.73,5.62e-06,86.73,86.73,2982,3844
ressaquinha,MG,1,1.071e-05,1,1,229.07,1.485e-05,229.07,229.07,2982,2939
ribeiro junqueira,MG,1,1.071e-05,1,1,200.33,1.299e-05,200.33,200.33,2982,3084
rio doce,MG,1,1.071e-05,1,1,96.2,6.24e-06,96.2,96.2,2982,3778
rio espera,MG,1,1.071e-05,1,1,176.45,1.144e-05,176.45,176.45,2982,3217
rubelita,MG,1,1.071e-05,1,1,80.88,5.24e-06,80.88,80.88,2982,3887
santa fe de minas,MG,1,1.071e-05,1,1,178.27,1.156e-05,178.27,178.27,2982,3209
santa maria do salto,MG,1,1.071e-05,1,1,50.48,3.27e-06,50.48,50.48,2982,4129
santa rita de jacutinga,MG,1,1.071e-05,1,1,45.09,2.92e-06,45.09,45.09,2982,4164
santa rita do itueto,MG,1,1.071e-05,1,1,77.57,5.03e-06,77.57,77.57,2982,3907
santana de pirapama,MG,1,1.071e-05,1,1,70.74,4.59e-06,70.74,70.74,2982,3981
santana do capivari,MG,1,1.071e-05,1,1,39.52,2.56e-06,39.52,39.52,2982,4205
santana do deserto,MG,1,1.071e-05,1,1,206.99,1.342e-05,206.99,206.99,2982,3057
santo antonio do aventureiro,MG,1,1.071e-05,1,1,88.92,5.77e-06,88.92,88.92,2982,3826
santo antonio do rio abaixo,MG,1,1.071e-05,1,1,24.23,1.57e-06,24.23,24.23,2982,4266
santo antonio dos campos,MG,1,1.071e-05,1,1,177.99,1.154e-05,177.99,177.99,2982,3212
santo hipolito,MG,1,1.071e-05,1,1,119.88,7.77e-06,119.88,119.88,2982,3598
sao benedito,MG,1,1.071e-05,1,1,67.76,4.39e-06,67.76,67.76,2982,4004
sao bento abade,MG,1,1.071e-05,1,1,31.1,2.02e-06,31.1,31.1,2982,4252
sao domingos,MG,1,1.071e-05,1,1,77.06,5e-06,77.06,77.06,2982,3915
sao domingos das dores,MG,1,1.071e-05,1,1,72.45,4.7e-06,72.45,72.45,2982,3960
sao felix de minas,MG,1,1.071e-05,1,1,409.5,2.655e-05,409.5,409.5,2982,2278
sao francisco do gloria,MG,1,1.071e-05,1,1,91.35,5.92e-06,91.35,91.35,2982,3806
sao geraldo da piedade,MG,1,1.071e-05,1,1,181.76,1.179e-05,181.76,181.76,2982,3183
sao geraldo do baguari,MG,1,1.071e-05,1,1,142.96,9.27e-06,142.96,142.96,2982,3445
sao goncalo do rio das pedras,MG,1,1.071e-05,1,1,196.5,1.274e-05,196.5,196.5,2982,3107
sao joao da ponte,MG,1,1.071e-05,1,1,496.76,3.221e-05,496.76,496.76,2982,2039
sao jose do divino,MG,1,1.071e-05,1,1,182.84,1.186e-05,182.84,182.84,2982,3175
sao mateus de minas,MG,1,1.071e-05,1,1,82.88,5.37e-06,82.88,82.88,2982,3869
sao miguel do anta,MG,1,1.071e-05,1,1,254.09,1.648e-05,254.09,254.09,2982,2825
sao sebastiao do rio verde,MG,1,1.071e-05,1,1,332.58,2.156e-05,332.58,332.58,2982,2524
sao vitor,MG,1,1.071e-05,1,1,121.09,7.85e-06,121.09,121.09,2982,3587
sapucaia,MG,1,1.071e-05,1,1,101.25,6.57e-06,101.25,101.25,2982,3738
sardoa,MG,1,1.071e-05,1,1,137.99,8.95e-06,137.99,137.99,2982,3487
senador amaral,MG,1,1.071e-05,2,2,228.0,1.478e-05,228.0,114.0,2982,2945
senador cortes,MG,1,1.071e-05,1,1,400.66,2.598e-05,400.66,400.66,2982,2296
senhora dos remedios,MG,1,1.071e-05,1,1,44.51,2.89e-06,44.51,44.51,2982,4172
serra bonita,MG,1,1.071e-05,1,1,232.82,1.51e-05,232.82,232.82,2982,2919
serra do salitre,MG,1,1.071e-05,1,1,72.05,4.67e-06,72.05,72.05,2982,3965
serranopolis de minas,MG,1,1.071e-05,1,1,136.5,8.85e-06,136.5,136.5,2982,3505
silvano,MG,1,1.071e-05,1,1,117.94,7.65e-06,117.94,117.94,2982,3607
silveira carvalho,MG,1,1.071e-05,1,1,42.27,2.74e-06,42.27,42.27,2982,4186
simao pereira,MG,1,1.071e-05,1,1,175.41,1.137e-05,175.41,175.41,2982,3227
sobralia,MG,1,1.071e-05,1,1,40.0,2.59e-06,40.0,40.0,2982,4200
taparuba,MG,1,1.071e-05,1,1,104.37,6.77e-06,104.37,104.37,2982,3718
tocos do moji,MG,1,1.071e-05,1,1,74.36,4.82e-06,74.36,74.36,2982,3937
tumiritinga,MG,1,1.071e-05,1,1,480.31,3.114e-05,480.31,480.31,2982,2076
tuparece,MG,1,1.071e-05,1,1,31.73,2.06e-06,31.73,31.73,2982,4244
ubai,MG,1,1.071e-05,1,1,61.73,4e-06,61.73,61.73,2982,4057
umburatiba,MG,1,1.071e-05,1,1,134.7,8.73e-06,134.7,134.7,2982,3512
uruana de minas,MG,1,1.071e-05,1,1,33.0,2.14e-06,33.0,33.0,2982,4236
urucania,MG,1,1.071e-05,1,1,200.33,1.299e-05,200.33,200.33,2982,3084
urucuia,MG,1,1.071e-05,1,1,168.29,1.091e-05,168.29,168.29,2982,3274
vargem alegre,MG,1,1.071e-05,1,1,94.71,6.14e-06,94.71,94.71,2982,3790
vargem grande do rio pardo,MG,1,1.071e-05,1,1,365.98,2.373e-05,365.98,365.98,2982,2409
vermelho,MG,1,1.071e-05,1,1,116.79,7.57e-06,116.79,116.79,2982,3618
vermelho novo,MG,1,1.071e-05,1,1,52.1,3.38e-06,52.1,52.1,2982,4116
vieiras,MG,1,1.071e-05,1,1,345.15,2.238e-05,345.15,345.15,2982,2477
vila pereira,MG,1,1.071e-05,1,1,109.21,7.08e-06,109.21,109.21,2982,3674
virginia,MG,1,1.071e-05,1,1,54.13,3.51e-06,54.13,54.13,2982,4104
vitorinos,MG,1,1.071e-05,1,1,105.37,6.83e-06,105.37,105.37,2982,3706
anaurilandia,MS,1,1.071e-05,1,1,86.24,5.59e-06,86.24,86.24,2982,3848
angelica,MS,1,1.071e-05,1,1,76.86,4.98e-06,76.86,76.86,2982,3917
anhandui,MS,1,1.071e-05,1,1,83.23,5.4e-06,83.23,83.23,2982,3865
bandeirantes,MS,1,1.071e-05,1,1,107.78,6.99e-06,107.78,107.78,2982,3686
bataipora,MS,1,1.071e-05,1,1,180.1,1.168e-05,180.1,180.1,2982,3199
bodoquena,MS,1,1.071e-05,2,2,495.53,3.213e-05,495.53,247.765,2982,2044
brasilandia,MS,1,1.071e-05,1,1,75.07,4.87e-06,75.07,75.07,2982,3934
caracol,MS,1,1.071e-05,1,1,111.1,7.2e-06,111.1,111.1,2982,3665
corguinho,MS,1,1.071e-05,2,2,262.67,1.703e-05,262.67,131.335,2982,2790
coronel sapucaia,MS,1,1.071e-05,1,1,106.23,6.89e-06,106.23,106.23,2982,3702
eldorado,MS,1,1.071e-05,1,1,44.13,2.86e-06,44.13,44.13,2982,4174
gloria de dourados,MS,1,1.071e-05,1,1,76.0,4.93e-06,76.0,76.0,2982,3925
guia lopes da laguna,MS,1,1.071e-05,1,1,48.22,3.13e-06,48.22,48.22,2982,4144
inocencia,MS,1,1.071e-05,1,1,54.82,3.55e-06,54.82,54.82,2982,4097
paraiso das aguas,MS,1,1.071e-05,1,1,53.34,3.46e-06,53.34,53.34,2982,4111
paranhos,MS,1,1.071e-05,1,1,309.99,2.01e-05,309.99,309.99,2982,2606
pedro gomes,MS,1,1.071e-05,1,1,132.38,8.58e-06,132.38,132.38,2982,3529
porto murtinho,MS,1,1.071e-05,1,1,71.15,4.61e-06,71.15,71.15,2982,3975
prudencio thomaz,MS,1,1.071e-05,1,1,49.04,3.18e-06,49.04,49.04,2982,4139
ribas do rio pardo,MS,1,1.071e-05,1,1,66.13,4.29e-06,66.13,66.13,2982,4013
sanga puita,MS,1,1.071e-05,1,1,53.69,3.48e-06,53.69,53.69,2982,4109
tacuru,MS,1,1.071e-05,1,1,170.71,1.107e-05,170.71,170.71,2982,3254
terenos,MS,1,1.071e-05,1,1,85.26,5.53e-06,85.26,85.26,2982,3858
vicentina,MS,1,1.071e-05,1,1,216.07,1.401e-05,216.07,216.07,2982,3005
bom jesus do araguaia,MT,1,1.071e-05,1,1,1247.29,8.087e-05,1247.29,1247.29,2982,1185
conquista d'oeste,MT,1,1.071e-05,1,1,154.04,9.99e-06,154.04,154.04,2982,3370
curvelandia,MT,1,1.071e-05,1,1,243.78,1.581e-05,243.78,243.78,2982,2877
feliz natal,MT,1,1.071e-05,1,1,279.38,1.812e-05,279.38,279.38,2982,2722
ipiranga do norte,MT,1,1.071e-05,1,1,114.83,7.45e-06,114.83,114.83,2982,3640
itanhanga,MT,1,1.071e-05,1,1,88.05,5.71e-06,88.05,88.05,2982,3829
itiquira,MT,1,1.071e-05,1,1,160.66,1.042e-05,160.66,160.66,2982,3327
nobres,MT,1,1.071e-05,1,1,59.91,3.88e-06,59.91,59.91,2982,4069
nortelandia,MT,1,1.071e-05,1,1,210.64,1.366e-05,210.64,210.64,2982,3036
nova guarita,MT,1,1.071e-05,1,1,41.79,2.71e-06,41.79,41.79,2982,4188
nova lacerda,MT,1,1.071e-05,1,1,380.75,2.469e-05,380.75,380.75,2982,2360
nova ubirata,MT,1,1.071e-05,1,1,123.75,8.02e-06,123.75,123.75,2982,3569
novo mundo,MT,1,1.071e-05,1,1,77.13,5e-06,77.13,77.13,2982,3914
porto alegre do norte,MT,1,1.071e-05,1,1,445.32,2.887e-05,445.32,445.32,2982,2172
porto estrela,MT,1,1.071e-05,1,1,156.72,1.016e-05,156.72,156.72,2982,3347
ribeirao cascalheira,MT,1,1.071e-05,1,1,67.39,4.37e-06,67.39,67.39,2982,4009
santo antonio do leste,MT,1,1.071e-05,1,1,237.55,1.54e-05,237.55,237.55,2982,2896
santo antonio do leverger,MT,1,1.071e-05,1,1,124.41,8.07e-06,124.41,124.41,2982,3565
sao felix do araguaia,MT,1,1.071e-05,1,1,134.64,8.73e-06,134.64,134.64,2982,3513
sao jose do xingu,MT,1,1.071e-05,1,1,72.52,4.7e-06,72.52,72.52,2982,3958
tapurah,MT,1,1.071e-05,1,1,145.11,9.41e-06,145.11,145.11,2982,3423
uniao do sul,MT,1,1.071e-05,1,1,249.2,1.616e-05,249.2,249.2,2982,2850
vila bela da santissima trindade,MT,1,1.071e-05,1,1,46.78,3.03e-06,46.78,46.78,2982,4153
aurora do para,PA,1,1.071e-05,1,1,115.46,7.49e-06,115.46,115.46,2982,3633
breves,PA,1,1.071e-05,1,1,710.19,4.605e-05,710.19,710.19,2982,1695
curralinho,PA,1,1.071e-05,1,1,355.29,2.304e-05,355.29,355.29,2982,2445
floresta do araguaia,PA,1,1.071e-05,1,1,186.79,1.211e-05,186.79,186.79,2982,3160
igarape-acu,PA,1,1.071e-05,1,1,94.76,6.14e-06,94.76,94.76,2982,3789
igarape-miri,PA,1,1.071e-05,1,1,65.03,4.22e-06,65.03,65.03,2982,4028
itupiranga,PA,1,1.071e-05,1,1,602.38,3.906e-05,602.38,602.38,2982,1847
jacareacanga,PA,1,1.071e-05,1,1,86.04,5.58e-06,86.04,86.04,2982,3852
juruti,PA,1,1.071e-05,1,1,75.53,4.9e-06,75.53,75.53,2982,3931
medicilandia,PA,1,1.071e-05,1,1,43.14,2.8e-06,43.14,43.14,2982,4182
mocajuba,PA,1,1.071e-05,1,1,85.6,5.55e-06,85.6,85.6,2982,3854
monte alegre,PA,1,1.071e-05,1,1,149.26,9.68e-06,149.26,149.26,2982,3393
morada nova,PA,1,1.071e-05,1,1,97.32,6.31e-06,97.32,97.32,2982,3770
murucupi,PA,1,1.071e-05,1,1,162.13,1.051e-05,162.13,162.13,2982,3314
nova esperanca do piria,PA,1,1.071e-05,1,1,2252.66,0.00014606,2252.66,2252.66,2982,748
nova ipixuna,PA,1,1.071e-05,1,1,517.03,3.352e-05,517.03,517.03,2982,1997
nova timboteua,PA,1,1.071e-05,1,1,133.05,8.63e-06,133.05,133.05,2982,3525
ourem,PA,1,1.071e-05,1,1,66.05,4.28e-06,66.05,66.05,2982,4016
pau d'arco,PA,1,1.071e-05,1,1,83.05,5.39e-06,83.05,83.05,2982,3868
picarra,PA,1,1.071e-05,1,1,1122.86,7.281e-05,1122.86,1122.86,2982,1270
rio maria,PA,1,1.071e-05,3,3,435.57,2.824e-05,435.57,145.19,2982,2199
santa barbara do para,PA,1,1.071e-05,1,1,245.45,1.592e-05,245.45,245.45,2982,2870
santo antonio do taua,PA,1,1.071e-05,1,1,57.74,3.74e-06,57.74,57.74,2982,4080
sao domingos do araguaia,PA,1,1.071e-05,1,1,270.65,1.755e-05,270.65,270.65,2982,2749
senador jose porfirio,PA,1,1.071e-05,1,1,31.63,2.05e-06,31.63,31.63,2982,4247
tome-acu,PA,1,1.071e-05,1,1,50.62,3.28e-06,50.62,50.62,2982,4128
tracuateua,PA,1,1.071e-05,1,1,39.61,2.57e-06,39.61,39.61,2982,4204
ulianopolis,PA,1,1.071e-05,1,1,64.4,4.18e-06,64.4,64.4,2982,4040
viseu,PA,1,1.071e-05,1,1,340.02,2.205e-05,340.02,340.02,2982,2497
alagoa grande,PB,1,1.071e-05,1,1,178.52,1.158e-05,178.52,178.52,2982,3207
alagoa nova,PB,1,1.071e-05,1,1,164.29,1.065e-05,164.29,164.29,2982,3304
arara,PB,1,1.071e-05,1,1,137.14,8.89e-06,137.14,137.14,2982,3496
araruna,PB,1,1.071e-05,1,1,159.85,1.036e-05,159.85,159.85,2982,3329
areial,PB,1,1.071e-05,1,1,194.82,1.263e-05,194.82,194.82,2982,3118
aroeiras,PB,1,1.071e-05,1,1,167.48,1.086e-05,167.48,167.48,2982,3283
assuncao,PB,1,1.071e-05,1,1,132.69,8.6e-06,132.69,132.69,2982,3527
barra de santa rosa,PB,1,1.071e-05,1,1,291.5,1.89e-05,291.5,291.5,2982,2678
belem,PB,1,1.071e-05,1,1,383.03,2.484e-05,383.03,383.03,2982,2353
bonito de santa fe,PB,1,1.071e-05,1,1,162.85,1.056e-05,162.85,162.85,2982,3311
brejo do cruz,PB,1,1.071e-05,1,1,1217.78,7.896e-05,1217.78,1217.78,2982,1207
brejo dos santos,PB,1,1.071e-05,1,1,125.94,8.17e-06,125.94,125.94,2982,3558
caldas brandao,PB,1,1.071e-05,1,1,192.32,1.247e-05,192.32,192.32,2982,3130
curral de cima,PB,1,1.071e-05,1,1,199.0,1.29e-05,199.0,199.0,2982,3092
desterro,PB,1,1.071e-05,1,1,639.98,4.15e-05,639.98,639.98,2982,1798
fagundes,PB,1,1.071e-05,1,1,220.74,1.431e-05,220.74,220.74,2982,2981
ibiara,PB,1,1.071e-05,1,1,321.98,2.088e-05,321.98,321.98,2982,2556
inga,PB,1,1.071e-05,1,1,169.99,1.102e-05,169.99,169.99,2982,3257
jerico,PB,1,1.071e-05,1,1,113.08,7.33e-06,113.08,113.08,2982,3652
juripiranga,PB,1,1.071e-05,1,1,157.99,1.024e-05,157.99,157.99,2982,3338
juru,PB,1,1.071e-05,1,1,919.38,5.961e-05,919.38,919.38,2982,1460
lagoa,PB,1,1.071e-05,1,1,180.76,1.172e-05,180.76,180.76,2982,3191
lucena,PB,1,1.071e-05,1,1,127.17,8.25e-06,127.17,127.17,2982,3555
mae d'agua,PB,1,1.071e-05,1,1,90.89,5.89e-06,90.89,90.89,2982,3811
manaira,PB,1,1.071e-05,1,1,147.4,9.56e-06,147.4,147.4,2982,3411
montadas,PB,1,1.071e-05,1,1,120.9,7.84e-06,120.9,120.9,2982,3589
nova floresta,PB,1,1.071e-05,1,1,155.0,1.005e-05,155.0,155.0,2982,3356
passagem,PB,1,1.071e-05,1,1,1265.83,8.208e-05,1265.83,1265.83,2982,1169
paulista,PB,1,1.071e-05,1,1,525.46,3.407e-05,525.46,525.46,2982,1971
pedra branca,PB,1,1.071e-05,1,1,95.84,6.21e-06,95.84,95.84,2982,3782
pedra lavrada,PB,1,1.071e-05,1,1,87.9,5.7e-06,87.9,87.9,2982,3831
pianco,PB,1,1.071e-05,1,1,2324.99,0.00015075,2324.99,2324.99,2982,729
pilar,PB,1,1.071e-05,1,1,96.95,6.29e-06,96.95,96.95,2982,3771
pirpirituba,PB,1,1.071e-05,1,1,1372.25,8.898e-05,1372.25,1372.25,2982,1101
pitanga de estrada,PB,1,1.071e-05,1,1,154.83,1.004e-05,154.83,154.83,2982,3361
pitimbu,PB,1,1.071e-05,1,1,455.11,2.951e-05,455.11,455.11,2982,2148
prata,PB,1,1.071e-05,1,1,75.73,4.91e-06,75.73,75.73,2982,3928
princesa isabel,PB,1,1.071e-05,1,1,344.62,2.235e-05,344.62,344.62,2982,2481
puxinana,PB,1,1.071e-05,1,1,271.03,1.757e-05,271.03,271.03,2982,2747
remigio,PB,1,1.071e-05,1,1,169.92,1.102e-05,169.92,169.92,2982,3260
riacho de santo antonio,PB,1,1.071e-05,1,1,159.6,1.035e-05,159.6,159.6,2982,3330
santa cecilia,PB,1,1.071e-05,1,1,166.71,1.081e-05,166.71,166.71,2982,3289
santo andre,PB,1,1.071e-05,1,1,90.9,5.89e-06,90.9,90.9,2982,3810
sao bentinho,PB,1,1.071e-05,1,1,69.15,4.48e-06,69.15,69.15,2982,3990
sao francisco,PB,1,1.071e-05,1,1,141.75,9.19e-06,141.75,141.75,2982,3459
sao jose dos cordeiros,PB,1,1.071e-05,1,1,258.03,1.673e-05,258.03,258.03,2982,2810
sao mamede,PB,1,1.071e-05,1,1,137.1,8.89e-06,137.1,137.1,2982,3497
serra branca,PB,1,1.071e-05,1,1,142.26,9.22e-06,142.26,142.26,2982,3454
solanea,PB,1,1.071e-05,1,1,519.29,3.367e-05,519.29,519.29,2982,1991
teixeira,PB,1,1.071e-05,1,1,69.05,4.48e-06,69.05,69.05,2982,3993
triunfo,PB,1,1.071e-05,1,1,198.57,1.288e-05,198.57,198.57,2982,3097
uirauna,PB,1,1.071e-05,1,1,285.36,1.85e-05,285.36,285.36,2982,2702
varzea,PB,1,1.071e-05,1,1,150.18,9.74e-06,150.18,150.18,2982,3388
agrestina,PE,1,1.071e-05,1,1,2066.34,0.00013398,2066.34,2066.34,2982,789
agua preta,PE,1,1.071e-05,1,1,147.34,9.55e-06,147.34,147.34,2982,3414
alianca,PE,1,1.071e-05,1,1,89.93,5.83e-06,89.93,89.93,2982,3818
altinho,PE,1,1.071e-05,1,1,50.94,3.3e-06,50.94,50.94,2982,4125
bom jardim,PE,1,1.071e-05,1,1,327.76,2.125e-05,327.76,327.76,2982,2542
buique,PE,1,1.071e-05,1,1,253.09,1.641e-05,253.09,253.09,2982,2828
caetes,PE,1,1.071e-05,1,1,166.04,1.077e-05,166.04,166.04,2982,3294
calcado,PE,1,1.071e-05,1,1,223.54,1.449e-05,223.54,223.54,2982,2963
capoeiras,PE,1,1.071e-05,1,1,190.53,1.235e-05,190.53,190.53,2982,3140
cha de alegria,PE,1,1.071e-05,1,1,108.95,7.06e-06,108.95,108.95,2982,3677
cha grande,PE,1,1.071e-05,1,1,186.49,1.209e-05,186.49,186.49,2982,3163
correntes,PE,1,1.071e-05,1,1,221.59,1.437e-05,221.59,221.59,2982,2977
cupira,PE,1,1.071e-05,1,1,65.53,4.25e-06,65.53,65.53,2982,4024
ferreiros,PE,1,1.071e-05,1,1,133.94,8.68e-06,133.94,133.94,2982,3522
flores,PE,1,1.071e-05,1,1,317.51,2.059e-05,317.51,317.51,2982,2577
jurema,PE,1,1.071e-05,1,1,54.34,3.52e-06,54.34,54.34,2982,4103
machados,PE,1,1.071e-05,1,1,142.66,9.25e-06,142.66,142.66,2982,3451
nazare da mata,PE,1,1.071e-05,1,1,114.56,7.43e-06,114.56,114.56,2982,3641
nossa senhora do o,PE,1,1.071e-05,1,1,61.61,3.99e-06,61.61,61.61,2982,4059
orobo,PE,1,1.071e-05,1,1,142.63,9.25e-06,142.63,142.63,2982,3452
passira,PE,1,1.071e-05,1,1,461.72,2.994e-05,461.72,461.72,2982,2131
pocao,PE,1,1.071e-05,1,1,318.53,2.065e-05,318.53,318.53,2982,2571
pombos,PE,1,1.071e-05,1,1,131.43,8.52e-06,131.43,131.43,2982,3537
quipapa,PE,1,1.071e-05,1,1,272.99,1.77e-05,272.99,272.99,2982,2742
quixada,PE,1,1.071e-05,1,1,173.89,1.128e-05,173.89,173.89,2982,3236
santa filomena,PE,1,1.071e-05,1,1,186.4,1.209e-05,186.4,186.4,2982,3164
santa terezinha,PE,1,1.071e-05,1,1,295.52,1.916e-05,295.52,295.52,2982,2660
santo antonio das queimadas,PE,1,1.071e-05,1,1,112.12,7.27e-06,112.12,112.12,2982,3659
sao benedito do sul,PE,1,1.071e-05,1,1,64.83,4.2e-06,64.83,64.83,2982,4033
sao domingos,PE,1,1.071e-05,1,1,170.01,1.102e-05,170.01,170.01,2982,3256
sao joao,PE,1,1.071e-05,1,1,476.52,3.09e-05,476.52,476.52,2982,2091
sao joaquim do monte,PE,1,1.071e-05,1,1,107.95,7e-06,107.95,107.95,2982,3684
sao vicente ferrer,PE,1,1.071e-05,1,1,214.28,1.389e-05,214.28,214.28,2982,3016
siriji,PE,1,1.071e-05,1,1,77.03,4.99e-06,77.03,77.03,2982,3916
tamandare,PE,1,1.071e-05,1,1,73.84,4.79e-06,73.84,73.84,2982,3946
terezinha,PE,1,1.071e-05,1,1,65.62,4.25e-06,65.62,65.62,2982,4022
terra nova,PE,1,1.071e-05,1,1,267.93,1.737e-05,267.93,267.93,2982,2765
tracunhaem,PE,1,1.071e-05,1,1,689.87,4.473e-05,689.87,689.87,2982,1732
triunfo,PE,1,1.071e-05,2,2,296.53,1.923e-05,296.53,148.265,2982,2656
vertentes,PE,1,1.071e-05,1,1,49.62,3.22e-06,49.62,49.62,2982,4133
xexeu,PE,1,1.071e-05,1,1,126.16,8.18e-06,126.16,126.16,2982,3556
alegrete do piaui,PI,1,1.071e-05,1,1,173.88,1.127e-05,173.88,173.88,2982,3238
alvorada do gurgueia,PI,1,1.071e-05,1,1,87.85,5.7e-06,87.85,87.85,2982,3832
amarante,PI,1,1.071e-05,1,1,953.84,6.185e-05,953.84,953.84,2982,1420
angical do piaui,PI,1,1.071e-05,1,1,80.92,5.25e-06,80.92,80.92,2982,3885
baixa grande do ribeiro,PI,1,1.071e-05,1,1,213.47,1.384e-05,213.47,213.47,2982,3024
bertolinia,PI,1,1.071e-05,1,1,483.87,3.137e-05,483.87,483.87,2982,2067
bocaina,PI,1,1.071e-05,1,1,198.62,1.288e-05,198.62,198.62,2982,3096
caldeirao grande do piaui,PI,1,1.071e-05,1,1,180.76,1.172e-05,180.76,180.76,2982,3191
campo alegre do fidalgo,PI,1,1.071e-05,1,1,263.94,1.711e-05,263.94,263.94,2982,2782
campo grande do piaui,PI,1,1.071e-05,1,1,190.88,1.238e-05,190.88,190.88,2982,3137
canto do buriti,PI,1,1.071e-05,1,1,674.83,4.376e-05,674.83,674.83,2982,1746
caxingo,PI,1,1.071e-05,1,1,53.84,3.49e-06,53.84,53.84,2982,4107
conceicao do caninde,PI,1,1.071e-05,1,1,181.81,1.179e-05,181.81,181.81,2982,3182
demerval lobao,PI,1,1.071e-05,1,1,40.38,2.62e-06,40.38,40.38,2982,4196
francisco santos,PI,1,1.071e-05,1,1,41.7,2.7e-06,41.7,41.7,2982,4189
gilbues,PI,1,1.071e-05,1,1,356.51,2.312e-05,356.51,356.51,2982,2440
ilha grande,PI,1,1.071e-05,1,1,174.68,1.133e-05,174.68,174.68,2982,3233
inhuma,PI,1,1.071e-05,1,1,112.35,7.28e-06,112.35,112.35,2982,3657
isaias coelho,PI,1,1.071e-05,1,1,209.46,1.358e-05,209.46,209.46,2982,3046
itaueira,PI,1,1.071e-05,2,2,173.62,1.126e-05,173.62,86.81,2982,3241
joaquim pires,PI,1,1.071e-05,1,1,37.81,2.45e-06,37.81,37.81,2982,4212
lagoa de sao francisco,PI,1,1.071e-05,1,1,107.02,6.94e-06,107.02,107.02,2982,3692
lagoa do piaui,PI,1,1.071e-05,1,1,106.38,6.9e-06,106.38,106.38,2982,3699
lagoinha do piaui,PI,1,1.071e-05,1,1,149.61,9.7e-06,149.61,149.61,2982,3390
luis correia,PI,1,1.071e-05,1,1,153.36,9.94e-06,153.36,153.36,2982,3373
marcos parente,PI,1,1.071e-05,1,1,64.5,4.18e-06,64.5,64.5,2982,4035
matias olimpio,PI,1,1.071e-05,1,1,841.4,5.456e-05,841.4,841.4,2982,1545
nova santa rita,PI,1,1.071e-05,1,1,38.82,2.52e-06,38.82,38.82,2982,4209
pedro ii,PI,1,1.071e-05,1,1,127.77,8.28e-06,127.77,127.77,2982,3552
pio ix,PI,1,1.071e-05,1,1,184.84,1.199e-05,184.84,184.84,2982,3172
redencao do gurgueia,PI,1,1.071e-05,1,1,257.56,1.67e-05,257.56,257.56,2982,2812
rio grande do piaui,PI,1,1.071e-05,1,1,45.7,2.96e-06,45.7,45.7,2982,4162
santa cruz do piaui,PI,1,1.071e-05,1,1,158.38,1.027e-05,158.38,158.38,2982,3337
sao jose do divino,PI,1,1.071e-05,1,1,643.33,4.171e-05,643.33,643.33,2982,1791
sao jose do piaui,PI,1,1.071e-05,1,1,173.88,1.127e-05,173.88,173.88,2982,3238
sao lourenco do piaui,PI,1,1.071e-05,1,1,191.11,1.239e-05,191.11,191.11,2982,3136
sebastiao leal,PI,1,1.071e-05,1,1,75.89,4.92e-06,75.89,75.89,2982,3926
simplicio mendes,PI,1,1.071e-05,1,1,50.75,3.29e-06,50.75,50.75,2982,4126
uniao,PI,1,1.071e-05,1,1,393.32,2.55e-05,393.32,393.32,2982,2327
varzea grande,PI,1,1.071e-05,1,1,46.65,3.02e-06,46.65,46.65,2982,4155
adhemar de barros,PR,1,1.071e-05,1,1,166.29,1.078e-05,166.29,166.29,2982,3292
adrianopolis,PR,1,1.071e-05,1,1,89.17,5.78e-06,89.17,89.17,2982,3823
alexandra,PR,1,1.071e-05,1,1,51.31,3.33e-06,51.31,51.31,2982,4121
alto alegre do iguacu,PR,1,1.071e-05,2,2,227.25,1.474e-05,227.25,113.625,2982,2947
alto paraiso,PR,1,1.071e-05,1,1,73.15,4.74e-06,73.15,73.15,2982,3955
alto piquiri,PR,1,1.071e-05,1,1,432.5,2.804e-05,432.5,432.5,2982,2212
alto sao joao,PR,1,1.071e-05,1,1,73.25,4.75e-06,73.25,73.25,2982,3953
balsa nova,PR,1,1.071e-05,1,1,33.97,2.2e-06,33.97,33.97,2982,4232
barra do jacare,PR,1,1.071e-05,1,1,71.43,4.63e-06,71.43,71.43,2982,3973
barracao,PR,1,1.071e-05,1,1,34.51,2.24e-06,34.51,34.51,2982,4229
boa esperanca,PR,1,1.071e-05,1,1,179.77,1.166e-05,179.77,179.77,2982,3201
boa esperanca do iguacu,PR,1,1.071e-05,1,1,51.0,3.31e-06,51.0,51.0,2982,4123
bom jesus do sul,PR,1,1.071e-05,1,1,245.1,1.589e-05,245.1,245.1,2982,2873
bom sucesso,PR,1,1.071e-05,1,1,107.78,6.99e-06,107.78,107.78,2982,3686
campo do tenente,PR,1,1.071e-05,1,1,71.04,4.61e-06,71.04,71.04,2982,3977
campo magro,PR,1,1.071e-05,1,1,64.76,4.2e-06,64.76,64.76,2982,4034
candoi,PR,1,1.071e-05,1,1,79.5,5.15e-06,79.5,79.5,2982,3892
conselheiro mairinck,PR,1,1.071e-05,1,1,81.55,5.29e-06,81.55,81.55,2982,3883
contenda,PR,1,1.071e-05,1,1,104.61,6.78e-06,104.61,104.61,2982,3715
coronel domingos soares,PR,1,1.071e-05,1,1,106.87,6.93e-06,106.87,106.87,2982,3694
corumbatai do sul,PR,1,1.071e-05,1,1,45.78,2.97e-06,45.78,45.78,2982,4161
cruzeiro do iguacu,PR,1,1.071e-05,1,1,148.15,9.61e-06,148.15,148.15,2982,3404
diamante d'oeste,PR,1,1.071e-05,1,1,307.69,1.995e-05,307.69,307.69,2982,2617
doce grande,PR,1,1.071e-05,1,1,67.72,4.39e-06,67.72,67.72,2982,4005
douradina,PR,1,1.071e-05,1,1,118.65,7.69e-06,118.65,118.65,2982,3602
doutor camargo,PR,1,1.071e-05,1,1,230.63,1.495e-05,230.63,230.63,2982,2925
doutor ulysses,PR,1,1.071e-05,1,1,158.61,1.028e-05,158.61,158.61,2982,3335
farol,PR,1,1.071e-05,1,1,152.72,9.9e-06,152.72,152.72,2982,3380
fenix,PR,1,1.071e-05,1,1,67.92,4.4e-06,67.92,67.92,2982,4002
florida,PR,1,1.071e-05,1,1,86.15,5.59e-06,86.15,86.15,2982,3849
formosa do oeste,PR,1,1.071e-05,1,1,86.15,5.59e-06,86.15,86.15,2982,3849
foz do jordao,PR,1,1.071e-05,1,1,64.1,4.16e-06,64.1,64.1,2982,4043
godoy moreira,PR,1,1.071e-05,1,1,1101.83,7.144e-05,1101.83,1101.83,2982,1283
guairaca,PR,1,1.071e-05,1,1,100.44,6.51e-06,100.44,100.44,2982,3744
guamiranga,PR,1,1.071e-05,1,1,284.89,1.847e-05,284.89,284.89,2982,2705
guapirama,PR,1,1.071e-05,1,1,107.78,6.99e-06,107.78,107.78,2982,3686
guaraquecaba,PR,1,1.071e-05,1,1,63.37,4.11e-06,63.37,63.37,2982,4049
ibema,PR,1,1.071e-05,1,1,173.89,1.128e-05,173.89,173.89,2982,3236
icaraima,PR,1,1.071e-05,1,1,43.95,2.85e-06,43.95,43.95,2982,4176
iguaracu,PR,1,1.071e-05,2,2,659.2,4.274e-05,659.2,329.6,2982,1765
iguatu,PR,1,1.071e-05,1,1,153.04,9.92e-06,153.04,153.04,2982,3377
ilha dos valadares,PR,1,1.071e-05,1,1,93.59,6.07e-06,93.59,93.59,2982,3794
iretama,PR,1,1.071e-05,1,1,139.59,9.05e-06,139.59,139.59,2982,3472
itambe,PR,1,1.071e-05,1,1,292.28,1.895e-05,292.28,292.28,2982,2673
jardim olinda,PR,1,1.071e-05,1,1,189.84,1.231e-05,189.84,189.84,2982,3144
jussara,PR,1,1.071e-05,1,1,44.59,2.89e-06,44.59,44.59,2982,4171
laranjal,PR,1,1.071e-05,1,1,43.09,2.79e-06,43.09,43.09,2982,4183
leopolis,PR,1,1.071e-05,1,1,31.38,2.03e-06,31.38,31.38,2982,4248
mandirituba,PR,1,1.071e-05,1,1,26.77,1.74e-06,26.77,26.77,2982,4261
manfrinopolis,PR,1,1.071e-05,1,1,138.08,8.95e-06,138.08,138.08,2982,3486
mariental,PR,1,1.071e-05,1,1,1867.85,0.00012111,1867.85,1867.85,2982,860
marilandia do sul,PR,1,1.071e-05,1,1,178.27,1.156e-05,178.27,178.27,2982,3209
marilena,PR,1,1.071e-05,1,1,107.87,6.99e-06,107.87,107.87,2982,3685
mariopolis,PR,1,1.071e-05,1,1,173.95,1.128e-05,173.95,173.95,2982,3235
mato rico,PR,1,1.071e-05,1,1,92.65,6.01e-06,92.65,92.65,2982,3801
nova america da colina,PR,1,1.071e-05,1,1,76.65,4.97e-06,76.65,76.65,2982,3919
nova esperanca do sudoeste,PR,1,1.071e-05,1,1,100.33,6.51e-06,100.33,100.33,2982,3745
nova laranjeiras,PR,1,1.071e-05,1,1,251.59,1.631e-05,251.59,251.59,2982,2837
nova santa barbara,PR,1,1.071e-05,1,1,130.53,8.46e-06,130.53,130.53,2982,3545
novo itacolomi,PR,1,1.071e-05,1,1,122.22,7.92e-06,122.22,122.22,2982,3580
ourizona,PR,1,1.071e-05,1,1,167.8,1.088e-05,167.8,167.8,2982,3280
ouro verde do oeste,PR,1,1.071e-05,1,1,27.38,1.78e-06,27.38,27.38,2982,4260
palmital,PR,1,1.071e-05,1,1,201.75,1.308e-05,201.75,201.75,2982,3078
paranapoema,PR,1,1.071e-05,1,1,140.49,9.11e-06,140.49,140.49,2982,3466
paula freitas,PR,1,1.071e-05,1,1,553.46,3.589e-05,553.46,553.46,2982,1925
perobal,PR,1,1.071e-05,1,1,95.31,6.18e-06,95.31,95.31,2982,3787
perola independente,PR,1,1.071e-05,1,1,104.46,6.77e-06,104.46,104.46,2982,3717
pirapo,PR,1,1.071e-05,1,1,96.29,6.24e-06,96.29,96.29,2982,3775
planaltina do parana,PR,1,1.071e-05,1,1,25.85,1.68e-06,25.85,25.85,2982,4263
porto rico,PR,1,1.071e-05,1,1,318.92,2.068e-05,318.92,318.92,2982,2568
pranchita,PR,1,1.071e-05,1,1,182.36,1.182e-05,182.36,182.36,2982,3178
quatro pontes,PR,1,1.071e-05,1,1,167.66,1.087e-05,167.66,167.66,2982,3281
querencia do norte,PR,1,1.071e-05,1,1,99.43,6.45e-06,99.43,99.43,2982,3752
rancho alegre,PR,1,1.071e-05,1,1,102.66,6.66e-06,102.66,102.66,2982,3730
rancho alegre d'oeste,PR,1,1.071e-05,1,1,149.29,9.68e-06,149.29,149.29,2982,3392
reserva do iguacu,PR,1,1.071e-05,1,1,28.52,1.85e-06,28.52,28.52,2982,4258
rio verde,PR,1,1.071e-05,1,1,178.27,1.156e-05,178.27,178.27,2982,3209
rosario do ivai,PR,1,1.071e-05,1,1,47.23,3.06e-06,47.23,47.23,2982,4151
sabaudia,PR,1,1.071e-05,1,1,20.42,1.32e-06,20.42,20.42,2982,4271
salto do itarare,PR,1,1.071e-05,1,1,276.47,1.793e-05,276.47,276.47,2982,2730
santa amelia,PR,1,1.071e-05,1,1,175.87,1.14e-05,175.87,175.87,2982,3223
santa cecilia do pavao,PR,1,1.071e-05,1,1,72.14,4.68e-06,72.14,72.14,2982,3964
santa lucia,PR,1,1.071e-05,1,1,68.49,4.44e-06,68.49,68.49,2982,3998
santa margarida,PR,1,1.071e-05,1,1,68.13,4.42e-06,68.13,68.13,2982,3999
santana,PR,1,1.071e-05,1,1,138.6,8.99e-06,138.6,138.6,2982,3481
santana do itarare,PR,1,1.071e-05,1,1,71.53,4.64e-06,71.53,71.53,2982,3971
santo antonio do caiua,PR,1,1.071e-05,1,1,302.55,1.962e-05,302.55,302.55,2982,2639
santo inacio,PR,1,1.071e-05,1,1,79.7,5.17e-06,79.7,79.7,2982,3891
sao carlos do ivai,PR,1,1.071e-05,1,1,119.95,7.78e-06,119.95,119.95,2982,3596
sao clemente,PR,1,1.071e-05,1,1,154.86,1.004e-05,154.86,154.86,2982,3360
sao jorge d'oeste,PR,1,1.071e-05,1,1,111.02,7.2e-06,111.02,111.02,2982,3666
sao jorge do ivai,PR,1,1.071e-05,1,1,395.96,2.567e-05,395.96,395.96,2982,2316
sao jorge do oeste,PR,1,1.071e-05,1,1,60.53,3.92e-06,60.53,60.53,2982,4064
sao jose da boa vista,PR,1,1.071e-05,1,1,137.07,8.89e-06,137.07,137.07,2982,3498
sao miguel do cambui,PR,1,1.071e-05,1,1,77.57,5.03e-06,77.57,77.57,2982,3906
sao pedro do iguacu,PR,1,1.071e-05,1,1,142.96,9.27e-06,142.96,142.96,2982,3445
sao sebastiao da amoreira,PR,1,1.071e-05,1,1,63.23,4.1e-06,63.23,63.23,2982,4050
sede alvorada,PR,1,1.071e-05,1,1,154.9,1.004e-05,154.9,154.9,2982,3358
serra dos dourados,PR,1,1.071e-05,1,1,83.33,5.4e-06,83.33,83.33,2982,3864
sulina,PR,1,1.071e-05,1,1,45.0,2.92e-06,45.0,45.0,2982,4167
tamboara,PR,1,1.071e-05,1,1,24.09,1.56e-06,24.09,24.09,2982,4268
teixeira soares,PR,1,1.071e-05,1,1,657.92,4.266e-05,657.92,657.92,2982,1769
tupassi,PR,1,1.071e-05,1,1,32.38,2.1e-06,32.38,32.38,2982,4239
vila reis,PR,1,1.071e-05,1,1,86.15,5.59e-06,86.15,86.15,2982,3849
vitoria,PR,1,1.071e-05,1,1,44.09,2.86e-06,44.09,44.09,2982,4175
vitorino,PR,1,1.071e-05,1,1,67.23,4.36e-06,67.23,67.23,2982,4010
xambre,PR,1,1.071e-05,2,2,547.74,3.552e-05,547.74,273.87,2982,1934
bacaxa,RJ,1,1.071e-05,1,1,72.51,4.7e-06,72.51,72.51,2982,3959
barao de juparana,RJ,1,1.071e-05,1,1,46.72,3.03e-06,46.72,46.72,2982,4154
bemposta,RJ,1,1.071e-05,1,1,48.11,3.12e-06,48.11,48.11,2982,4147
boa esperanca,RJ,1,1.071e-05,1,1,1527.51,9.904e-05,1527.51,1527.51,2982,1014
boa ventura,RJ,1,1.071e-05,1,1,31.69,2.05e-06,31.69,31.69,2982,4246
bom jesus do querendo,RJ,1,1.071e-05,1,1,188.55,1.223e-05,188.55,188.55,2982,3148
cambiasca,RJ,1,1.071e-05,1,1,38.09,2.47e-06,38.09,38.09,2982,4211
conrado,RJ,1,1.071e-05,1,1,126.12,8.18e-06,126.12,126.12,2982,3557
corrego do ouro,RJ,1,1.071e-05,1,1,45.01,2.92e-06,45.01,45.01,2982,4166
duas barras,RJ,1,1.071e-05,1,1,36.95,2.4e-06,36.95,36.95,2982,4216
ibitioca,RJ,1,1.071e-05,1,1,244.91,1.588e-05,244.91,244.91,2982,2874
jaguarembe,RJ,1,1.071e-05,1,1,53.31,3.46e-06,53.31,53.31,2982,4112
jamapara,RJ,1,1.071e-05,1,1,49.6,3.22e-06,49.6,49.6,2982,4134
laje do muriae,RJ,1,1.071e-05,1,1,235.28,1.526e-05,235.28,235.28,2982,2909
macuco,RJ,1,1.071e-05,1,1,90.88,5.89e-06,90.88,90.88,2982,3812
mussurepe,RJ,1,1.071e-05,1,1,117.94,7.65e-06,117.94,117.94,2982,3607
penedo,RJ,1,1.071e-05,1,1,105.28,6.83e-06,105.28,105.28,2982,3708
portela,RJ,1,1.071e-05,1,1,246.26,1.597e-05,246.26,246.26,2982,2866
pureza,RJ,1,1.071e-05,1,1,65.0,4.21e-06,65.0,65.0,2982,4029
purilandia,RJ,1,1.071e-05,1,1,194.48,1.261e-05,194.48,194.48,2982,3121
sacra familia do tingua,RJ,1,1.071e-05,1,1,149.04,9.66e-06,149.04,149.04,2982,3398
santa isabel do rio preto,RJ,1,1.071e-05,1,1,761.82,4.94e-05,761.82,761.82,2982,1630
santa maria,RJ,1,1.071e-05,1,1,24.11,1.56e-06,24.11,24.11,2982,4267
santa rita da floresta,RJ,1,1.071e-05,1,1,96.8,6.28e-06,96.8,96.8,2982,3772
sao joao do paraiso,RJ,1,1.071e-05,1,1,188.65,1.223e-05,188.65,188.65,2982,3147
sao jose do ribeirao,RJ,1,1.071e-05,1,1,115.84,7.51e-06,115.84,115.84,2982,3630
sao sebastiao de campos,RJ,1,1.071e-05,1,1,38.9,2.52e-06,38.9,38.9,2982,4208
sao sebastiao do paraiba,RJ,1,1.071e-05,1,1,571.16,3.703e-05,571.16,571.16,2982,1896
tres irmaos,RJ,1,1.071e-05,1,1,171.2,1.11e-05,171.2,171.2,2982,3251
valao do barro,RJ,1,1.071e-05,1,1,86.54,5.61e-06,86.54,86.54,2982,3846
acari,RN,1,1.071e-05,1,1,412.43,2.674e-05,412.43,412.43,2982,2269
agua nova,RN,1,1.071e-05,1,1,77.67,5.04e-06,77.67,77.67,2982,3904
almino afonso,RN,1,1.071e-05,1,1,470.01,3.048e-05,470.01,470.01,2982,2110
angicos,RN,1,1.071e-05,1,1,101.77,6.6e-06,101.77,101.77,2982,3734
antonio martins,RN,1,1.071e-05,1,1,97.67,6.33e-06,97.67,97.67,2982,3766
barauna,RN,1,1.071e-05,1,1,288.37,1.87e-05,288.37,288.37,2982,2691
bodo,RN,1,1.071e-05,1,1,84.57,5.48e-06,84.57,84.57,2982,3861
caicara do norte,RN,1,1.071e-05,1,1,1157.41,7.505e-05,1157.41,1157.41,2982,1240
carnauba dos dantas,RN,1,1.071e-05,1,1,168.45,1.092e-05,168.45,168.45,2982,3272
coronel joao pessoa,RN,1,1.071e-05,1,1,124.33,8.06e-06,124.33,124.33,2982,3566
felipe guerra,RN,1,1.071e-05,1,1,157.65,1.022e-05,157.65,157.65,2982,3341
florania,RN,1,1.071e-05,1,1,60.34,3.91e-06,60.34,60.34,2982,4065
francisco dantas,RN,1,1.071e-05,1,1,224.78,1.457e-05,224.78,224.78,2982,2958
frutuoso gomes,RN,1,1.071e-05,1,1,115.87,7.51e-06,115.87,115.87,2982,3629
galinhos,RN,1,1.071e-05,1,1,275.48,1.786e-05,275.48,275.48,2982,2733
governador dix-sept rosado,RN,1,1.071e-05,1,1,194.82,1.263e-05,194.82,194.82,2982,3118
ipueira,RN,1,1.071e-05,1,1,228.57,1.482e-05,228.57,228.57,2982,2942
jandaira,RN,1,1.071e-05,1,1,148.22,9.61e-06,148.22,148.22,2982,3403
janduis,RN,1,1.071e-05,1,1,119.38,7.74e-06,119.38,119.38,2982,3600
japi,RN,1,1.071e-05,1,1,294.19,1.908e-05,294.19,294.19,2982,2667
jardim de piranhas,RN,1,1.071e-05,1,1,48.74,3.16e-06,48.74,48.74,2982,4140
jose da penha,RN,1,1.071e-05,1,1,196.43,1.274e-05,196.43,196.43,2982,3108
lagoa d'anta,RN,1,1.071e-05,1,1,194.34,1.26e-05,194.34,194.34,2982,3123
lagoa de velhos,RN,1,1.071e-05,1,1,234.19,1.518e-05,234.19,234.19,2982,2913
lagoa salgada,RN,1,1.071e-05,1,1,82.72,5.36e-06,82.72,82.72,2982,3872
marcelino vieira,RN,1,1.071e-05,1,1,169.02,1.096e-05,169.02,169.02,2982,3269
messias targino,RN,1,1.071e-05,1,1,106.85,6.93e-06,106.85,106.85,2982,3697
montanhas,RN,1,1.071e-05,1,1,361.07,2.341e-05,361.07,361.07,2982,2421
monte alegre,RN,1,1.071e-05,1,1,41.14,2.67e-06,41.14,41.14,2982,4191
pedra preta,RN,1,1.071e-05,1,1,100.75,6.53e-06,100.75,100.75,2982,3741
pedro velho,RN,1,1.071e-05,1,1,99.11,6.43e-06,99.11,99.11,2982,3756
poco de pedra,RN,1,1.071e-05,1,1,190.66,1.236e-05,190.66,190.66,2982,3139
riacho da cruz,RN,1,1.071e-05,1,1,177.34,1.15e-05,177.34,177.34,2982,3214
santa maria,RN,1,1.071e-05,1,1,53.98,3.5e-06,53.98,53.98,2982,4106
santo antonio,RN,1,1.071e-05,1,1,507.98,3.294e-05,507.98,507.98,2982,2016
sao joao do sabugi,RN,1,1.071e-05,1,1,51.74,3.35e-06,51.74,51.74,2982,4119
sao jose do campestre,RN,1,1.071e-05,1,1,307.46,1.994e-05,307.46,307.46,2982,2620
sao jose do serido,RN,1,1.071e-05,1,1,203.31,1.318e-05,203.31,203.31,2982,3070
sao rafael,RN,1,1.071e-05,1,1,62.28,4.04e-06,62.28,62.28,2982,4052
sao tome,RN,1,1.071e-05,1,1,78.84,5.11e-06,78.84,78.84,2982,3896
severiano melo,RN,1,1.071e-05,1,1,190.83,1.237e-05,190.83,190.83,2982,3138
sitio novo,RN,1,1.071e-05,1,1,170.14,1.103e-05,170.14,170.14,2982,3255
tenente ananias,RN,1,1.071e-05,1,1,273.92,1.776e-05,273.92,273.92,2982,2738
tibau do sul,RN,1,1.071e-05,1,1,144.79,9.39e-06,144.79,144.79,2982,3428
vera cruz,RN,1,1.071e-05,1,1,74.14,4.81e-06,74.14,74.14,2982,3941
vicosa,RN,1,1.071e-05,1,1,86.58,5.61e-06,86.58,86.58,2982,3845
vila flor,RN,1,1.071e-05,1,1,137.98,8.95e-06,137.98,137.98,2982,3488
alto paraiso,RO,1,1.071e-05,1,1,1260.76,8.175e-05,1260.76,1260.76,2982,1173
alvorada d'oeste,RO,1,1.071e-05,1,1,430.1,2.789e-05,430.1,430.1,2982,2217
cabixi,RO,1,1.071e-05,1,1,234.5,1.521e-05,234.5,234.5,2982,2910
cacaulandia,RO,1,1.071e-05,1,1,108.73,7.05e-06,108.73,108.73,2982,3678
candeias do jamari,RO,1,1.071e-05,1,1,338.74,2.196e-05,338.74,338.74,2982,2501
castanheiras,RO,1,1.071e-05,1,1,80.8,5.24e-06,80.8,80.8,2982,3888
cerejeiras,RO,1,1.071e-05,1,1,161.23,1.045e-05,161.23,161.23,2982,3318
cujubim,RO,1,1.071e-05,1,1,132.94,8.62e-06,132.94,132.94,2982,3526
ministro andreazza,RO,1,1.071e-05,1,1,120.05,7.78e-06,120.05,120.05,2982,3595
mirante da serra,RO,1,1.071e-05,1,1,165.6,1.074e-05,165.6,165.6,2982,3297
mutum parana,RO,1,1.071e-05,1,1,72.27,4.69e-06,72.27,72.27,2982,3962
bonfim,RR,1,1.071e-05,1,1,171.69,1.113e-05,171.69,171.69,2982,3248
aguas claras,RS,1,1.071e-05,1,1,116.96,7.58e-06,116.96,116.96,2982,3616
agudo,RS,1,1.071e-05,1,1,32.1,2.08e-06,32.1,32.1,2982,4240
alegria,RS,1,1.071e-05,1,1,58.28,3.78e-06,58.28,58.28,2982,4076
almirante tamandare do sul,RS,1,1.071e-05,1,1,65.0,4.21e-06,65.0,65.0,2982,4029
alpestre,RS,1,1.071e-05,1,1,136.98,8.88e-06,136.98,136.98,2982,3501
alto alegre,RS,1,1.071e-05,1,1,165.72,1.075e-05,165.72,165.72,2982,3295
andre da rocha,RS,1,1.071e-05,1,1,146.13,9.48e-06,146.13,146.13,2982,3419
aratiba,RS,1,1.071e-05,1,1,106.49,6.9e-06,106.49,106.49,2982,3698
barao,RS,1,1.071e-05,1,1,57.53,3.73e-06,57.53,57.53,2982,4083
barao de cotegipe,RS,1,1.071e-05,2,2,154.71,1.003e-05,154.71,77.355,2982,3364
barao do triunfo,RS,1,1.071e-05,1,1,99.14,6.43e-06,99.14,99.14,2982,3755
barra do rio azul,RS,1,1.071e-05,1,1,148.71,9.64e-06,148.71,148.71,2982,3400
boa vista das missoes,RS,1,1.071e-05,1,1,367.56,2.383e-05,367.56,367.56,2982,2405
boa vista do burica,RS,1,1.071e-05,1,1,252.09,1.635e-05,252.09,252.09,2982,2834
boa vista do cadeado,RS,1,1.071e-05,1,1,464.98,3.015e-05,464.98,464.98,2982,2120
boa vista do sul,RS,1,1.071e-05,1,1,46.22,3e-06,46.22,46.22,2982,4160
bossoroca,RS,1,1.071e-05,1,1,213.34,1.383e-05,213.34,213.34,2982,3027
caibate,RS,1,1.071e-05,1,1,340.24,2.206e-05,340.24,340.24,2982,2493
cambara do sul,RS,1,1.071e-05,1,1,400.64,2.598e-05,400.64,400.64,2982,2297
candido godoi,RS,1,1.071e-05,1,1,1005.84,6.522e-05,1005.84,1005.84,2982,1371
capitao,RS,1,1.071e-05,1,1,146.5,9.5e-06,146.5,146.5,2982,3416
capivari do sul,RS,1,1.071e-05,1,1,197.95,1.284e-05,197.95,197.95,2982,3100
caseiros,RS,1,1.071e-05,1,1,152.66,9.9e-06,152.66,152.66,2982,3381
cerrito,RS,1,1.071e-05,1,1,77.57,5.03e-06,77.57,77.57,2982,3907
cerro grande,RS,1,1.071e-05,1,1,68.02,4.41e-06,68.02,68.02,2982,4001
charrua,RS,1,1.071e-05,1,1,141.63,9.18e-06,141.63,141.63,2982,3460
chiapetta,RS,1,1.071e-05,1,1,148.15,9.61e-06,148.15,148.15,2982,3404
ciriaco,RS,1,1.071e-05,1,1,252.74,1.639e-05,252.74,252.74,2982,2830
colinas,RS,1,1.071e-05,1,1,48.09,3.12e-06,48.09,48.09,2982,4148
constantina,RS,1,1.071e-05,1,1,348.77,2.261e-05,348.77,348.77,2982,2469
coqueiros do sul,RS,1,1.071e-05,1,1,49.06,3.18e-06,49.06,49.06,2982,4138
cotipora,RS,1,1.071e-05,1,1,127.53,8.27e-06,127.53,127.53,2982,3553
dezesseis de novembro,RS,1,1.071e-05,1,1,102.75,6.66e-06,102.75,102.75,2982,3727
erebango,RS,1,1.071e-05,1,1,139.42,9.04e-06,139.42,139.42,2982,3476
erval grande,RS,1,1.071e-05,2,2,432.74,2.806e-05,432.74,216.37,2982,2210
esmeralda,RS,1,1.071e-05,1,1,160.76,1.042e-05,160.76,160.76,2982,3325
estrela velha,RS,1,1.071e-05,1,1,30.0,1.95e-06,30.0,30.0,2982,4255
eugenio de castro,RS,1,1.071e-05,1,1,111.76,7.25e-06,111.76,111.76,2982,3662
faxinalzinho,RS,1,1.071e-05,1,1,35.95,2.33e-06,35.95,35.95,2982,4219
fontoura xavier,RS,1,1.071e-05,1,1,214.16,1.389e-05,214.16,214.16,2982,3017
fortaleza dos valos,RS,1,1.071e-05,1,1,119.95,7.78e-06,119.95,119.95,2982,3596
garruchos,RS,1,1.071e-05,1,1,79.04,5.12e-06,79.04,79.04,2982,3894
general camara,RS,1,1.071e-05,1,1,106.87,6.93e-06,106.87,106.87,2982,3694
gramado dos loureiros,RS,1,1.071e-05,1,1,237.54,1.54e-05,237.54,237.54,2982,2897
gramado xavier,RS,1,1.071e-05,1,1,68.97,4.47e-06,68.97,68.97,2982,3994
guabiju,RS,1,1.071e-05,1,1,51.83,3.36e-06,51.83,51.83,2982,4118
herval,RS,1,1.071e-05,1,1,192.56,1.249e-05,192.56,192.56,2982,3129
herveiras,RS,1,1.071e-05,1,1,125.52,8.14e-06,125.52,125.52,2982,3559
hulha negra,RS,1,1.071e-05,1,1,372.06,2.412e-05,372.06,372.06,2982,2390
ibarama,RS,1,1.071e-05,1,1,167.92,1.089e-05,167.92,167.92,2982,3278
ipiranga,RS,1,1.071e-05,1,1,95.74,6.21e-06,95.74,95.74,2982,3784
ipiranga do sul,RS,1,1.071e-05,1,1,133.25,8.64e-06,133.25,133.25,2982,3523
itaara,RS,1,1.071e-05,1,1,73.15,4.74e-06,73.15,73.15,2982,3955
itatiba do sul,RS,1,1.071e-05,1,1,55.95,3.63e-06,55.95,55.95,2982,4093
ivora,RS,1,1.071e-05,1,1,175.79,1.14e-05,175.79,175.79,2982,3224
jacuizinho,RS,1,1.071e-05,1,1,74.26,4.82e-06,74.26,74.26,2982,3940
jacutinga,RS,1,1.071e-05,1,1,65.5,4.25e-06,65.5,65.5,2982,4026
jaquirana,RS,1,1.071e-05,1,1,547.98,3.553e-05,547.98,547.98,2982,1932
lagoa dos tres cantos,RS,1,1.071e-05,1,1,91.18,5.91e-06,91.18,91.18,2982,3807
lagoao,RS,1,1.071e-05,1,1,175.43,1.137e-05,175.43,175.43,2982,3226
liberato salzano,RS,1,1.071e-05,1,1,31.22,2.02e-06,31.22,31.22,2982,4249
lindolfo collor,RS,1,1.071e-05,1,1,130.65,8.47e-06,130.65,130.65,2982,3541
machadinho,RS,1,1.071e-05,1,1,65.6,4.25e-06,65.6,65.6,2982,4023
mampituba,RS,1,1.071e-05,1,1,58.55,3.8e-06,58.55,58.55,2982,4075
maquine,RS,1,1.071e-05,1,1,207.4,1.345e-05,207.4,207.4,2982,3055
mariano moro,RS,1,1.071e-05,1,1,137.26,8.9e-06,137.26,137.26,2982,3494
marques de souza,RS,1,1.071e-05,1,1,45.0,2.92e-06,45.0,45.0,2982,4167
mata,RS,1,1.071e-05,1,1,418.35,2.713e-05,418.35,418.35,2982,2256
minas do leao,RS,1,1.071e-05,1,1,280.72,1.82e-05,280.72,280.72,2982,2716
miraguai,RS,1,1.071e-05,1,1,183.29,1.188e-05,183.29,183.29,2982,3174
monte alverne,RS,1,1.071e-05,1,1,282.01,1.829e-05,282.01,282.01,2982,2711
monte belo do sul,RS,1,1.071e-05,1,1,116.74,7.57e-06,116.74,116.74,2982,3619
monte bonito,RS,1,1.071e-05,1,1,50.34,3.26e-06,50.34,50.34,2982,4130
morro redondo,RS,1,1.071e-05,1,1,233.66,1.515e-05,233.66,233.66,2982,2914
nova araca,RS,1,1.071e-05,1,1,136.59,8.86e-06,136.59,136.59,2982,3504
nova boa vista,RS,1,1.071e-05,1,1,75.85,4.92e-06,75.85,75.85,2982,3927
nova padua,RS,1,1.071e-05,1,1,89.36,5.79e-06,89.36,89.36,2982,3820
nova roma do sul,RS,1,1.071e-05,1,1,1127.29,7.309e-05,1127.29,1127.29,2982,1264
novo cabrais,RS,1,1.071e-05,1,1,71.15,4.61e-06,71.15,71.15,2982,3975
novo machado,RS,1,1.071e-05,1,1,77.66,5.04e-06,77.66,77.66,2982,3905
osvaldo kroeff,RS,1,1.071e-05,1,1,262.16,1.7e-05,262.16,262.16,2982,2791
padre gonzales,RS,1,1.071e-05,1,1,69.54,4.51e-06,69.54,69.54,2982,3987
paraiso do sul,RS,1,1.071e-05,1,1,47.29,3.07e-06,47.29,47.29,2982,4150
pareci novo,RS,1,1.071e-05,1,1,37.1,2.41e-06,37.1,37.1,2982,4213
pedras altas,RS,1,1.071e-05,1,1,105.28,6.83e-06,105.28,105.28,2982,3708
picada cafe,RS,1,1.071e-05,1,1,49.6,3.22e-06,49.6,49.6,2982,4134
pinhal da serra,RS,1,1.071e-05,1,1,35.0,2.27e-06,35.0,35.0,2982,4222
piratini,RS,1,1.071e-05,1,1,87.64,5.68e-06,87.64,87.64,2982,3837
polo petroquimico de triunfo,RS,1,1.071e-05,1,1,20.7,1.34e-06,20.7,20.7,2982,4270
pontao,RS,1,1.071e-05,1,1,71.79,4.65e-06,71.79,71.79,2982,3970
porto lucena,RS,1,1.071e-05,1,1,77.56,5.03e-06,77.56,77.56,2982,3912
pouso novo,RS,1,1.071e-05,1,1,81.82,5.31e-06,81.82,81.82,2982,3879
presidente lucena,RS,1,1.071e-05,1,1,32.09,2.08e-06,32.09,32.09,2982,4241
progresso,RS,1,1.071e-05,1,1,242.59,1.573e-05,242.59,242.59,2982,2885
rainha do mar,RS,1,1.071e-05,1,1,82.03,5.32e-06,82.03,82.03,2982,3877
rio dos indios,RS,1,1.071e-05,1,1,102.75,6.66e-06,102.75,102.75,2982,3727
salvador do sul,RS,1,1.071e-05,1,1,206.99,1.342e-05,206.99,206.99,2982,3057
santa maria do herval,RS,1,1.071e-05,1,1,115.44,7.49e-06,115.44,115.44,2982,3634
santo antonio do planalto,RS,1,1.071e-05,1,1,221.07,1.433e-05,221.07,221.07,2982,2978
santo expedito do sul,RS,1,1.071e-05,1,1,237.54,1.54e-05,237.54,237.54,2982,2897
sao joao da urtiga,RS,1,1.071e-05,1,1,156.64,1.016e-05,156.64,156.64,2982,3350
sao jorge,RS,1,1.071e-05,1,1,87.02,5.64e-06,87.02,87.02,2982,3842
sao jose do inhacora,RS,1,1.071e-05,1,1,102.7,6.66e-06,102.7,102.7,2982,3729
sao martinho,RS,1,1.071e-05,1,1,448.32,2.907e-05,448.32,448.32,2982,2162
sao nicolau,RS,1,1.071e-05,1,1,138.6,8.99e-06,138.6,138.6,2982,3481
sao pedro do butia,RS,1,1.071e-05,1,1,116.19,7.53e-06,116.19,116.19,2982,3624
sao pedro do sul,RS,1,1.071e-05,1,1,121.97,7.91e-06,121.97,121.97,2982,3581
segredo,RS,1,1.071e-05,1,1,60.14,3.9e-06,60.14,60.14,2982,4066
selbach,RS,1,1.071e-05,1,1,68.13,4.42e-06,68.13,68.13,2982,3999
senador salgado filho,RS,1,1.071e-05,1,1,102.49,6.65e-06,102.49,102.49,2982,3731
serio,RS,1,1.071e-05,1,1,39.69,2.57e-06,39.69,39.69,2982,4203
sertao santana,RS,1,1.071e-05,1,1,39.13,2.54e-06,39.13,39.13,2982,4207
sete de setembro,RS,1,1.071e-05,1,1,75.73,4.91e-06,75.73,75.73,2982,3928
silveira martins,RS,1,1.071e-05,1,1,155.14,1.006e-05,155.14,155.14,2982,3355
tapera,RS,1,1.071e-05,1,1,79.07,5.13e-06,79.07,79.07,2982,3893
taquarucu do sul,RS,1,1.071e-05,1,1,93.29,6.05e-06,93.29,93.29,2982,3796
tavares,RS,1,1.071e-05,1,1,273.62,1.774e-05,273.62,273.62,2982,2740
tiradentes do sul,RS,1,1.071e-05,1,1,67.7,4.39e-06,67.7,67.7,2982,4006
travesseiro,RS,1,1.071e-05,1,1,32.71,2.12e-06,32.71,32.71,2982,4237
tres forquilhas,RS,1,1.071e-05,1,1,98.13,6.36e-06,98.13,98.13,2982,3765
uniao da serra,RS,1,1.071e-05,1,1,33.6,2.18e-06,33.6,33.6,2982,4233
unistalda,RS,1,1.071e-05,1,1,64.47,4.18e-06,64.47,64.47,2982,4036
vale do sol,RS,1,1.071e-05,1,1,37.09,2.4e-06,37.09,37.09,2982,4215
vanini,RS,1,1.071e-05,1,1,106.87,6.93e-06,106.87,106.87,2982,3694
vespasiano correa,RS,1,1.071e-05,1,1,163.25,1.059e-05,163.25,163.25,2982,3309
vicente dutra,RS,1,1.071e-05,1,1,31.22,2.02e-06,31.22,31.22,2982,4249
vila nova do sul,RS,1,1.071e-05,1,1,101.34,6.57e-06,101.34,101.34,2982,3737
vista alegre,RS,1,1.071e-05,1,1,37.1,2.41e-06,37.1,37.1,2982,4213
vitoria das missoes,RS,1,1.071e-05,1,1,64.0,4.15e-06,64.0,64.0,2982,4045
abdon batista,SC,1,1.071e-05,1,1,156.7,1.016e-05,156.7,156.7,2982,3348
agrolandia,SC,1,1.071e-05,1,1,60.91,3.95e-06,60.91,60.91,2982,4062
agua doce,SC,1,1.071e-05,1,1,336.05,2.179e-05,336.05,336.05,2982,2509
aguas frias,SC,1,1.071e-05,1,1,318.98,2.068e-05,318.98,318.98,2982,2567
aguas mornas,SC,1,1.071e-05,1,1,104.52,6.78e-06,104.52,104.52,2982,3716
angelina,SC,1,1.071e-05,1,1,142.05,9.21e-06,142.05,142.05,2982,3455
arroio trinta,SC,1,1.071e-05,1,1,185.84,1.205e-05,185.84,185.84,2982,3167
arvoredo,SC,1,1.071e-05,1,1,49.4,3.2e-06,49.4,49.4,2982,4136
atalanta,SC,1,1.071e-05,1,1,351.0,2.276e-05,351.0,351.0,2982,2462
belmonte,SC,1,1.071e-05,1,1,202.5,1.313e-05,202.5,202.5,2982,3074
bom retiro,SC,1,1.071e-05,1,1,88.37,5.73e-06,88.37,88.37,2982,3827
calmon,SC,1,1.071e-05,1,1,67.5,4.38e-06,67.5,67.5,2982,4008
caxambu do sul,SC,1,1.071e-05,1,1,34.6,2.24e-06,34.6,34.6,2982,4228
cerro negro,SC,1,1.071e-05,1,1,153.32,9.94e-06,153.32,153.32,2982,3375
chapadao do lageado,SC,1,1.071e-05,1,1,321.9,2.087e-05,321.9,321.9,2982,2557
coronel freitas,SC,1,1.071e-05,1,1,98.65,6.4e-06,98.65,98.65,2982,3759
coronel martins,SC,1,1.071e-05,2,2,152.14,9.86e-06,152.14,76.07,2982,3384
dona emma,SC,1,1.071e-05,1,1,47.81,3.1e-06,47.81,47.81,2982,4149
fragosos,SC,1,1.071e-05,1,1,115.9,7.52e-06,115.9,115.9,2982,3627
frei rogerio,SC,1,1.071e-05,1,1,121.09,7.85e-06,121.09,121.09,2982,3587
galvao,SC,1,1.071e-05,1,1,78.02,5.06e-06,78.02,78.02,2982,3901
guaraciaba,SC,1,1.071e-05,1,1,73.38,4.76e-06,73.38,73.38,2982,3950
iomere,SC,1,1.071e-05,1,1,63.79,4.14e-06,63.79,63.79,2982,4047
jose boiteux,SC,1,1.071e-05,1,1,165.0,1.07e-05,165.0,165.0,2982,3301
lajeado grande,SC,1,1.071e-05,1,1,145.08,9.41e-06,145.08,145.08,2982,3424
leoberto leal,SC,1,1.071e-05,1,1,40.09,2.6e-06,40.09,40.09,2982,4198
lindoia do sul,SC,1,1.071e-05,1,1,120.22,7.8e-06,120.22,120.22,2982,3592
macieira,SC,1,1.071e-05,1,1,55.56,3.6e-06,55.56,55.56,2982,4094
monte castelo,SC,1,1.071e-05,1,1,96.65,6.27e-06,96.65,96.65,2982,3774
morro grande,SC,1,1.071e-05,1,1,158.58,1.028e-05,158.58,158.58,2982,3336
nossa senhora de caravaggio,SC,1,1.071e-05,1,1,154.38,1.001e-05,154.38,154.38,2982,3367
novo horizonte,SC,1,1.071e-05,1,1,92.67,6.01e-06,92.67,92.67,2982,3800
ouro,SC,1,1.071e-05,1,1,310.25,2.012e-05,310.25,310.25,2982,2605
paial,SC,1,1.071e-05,1,1,165.71,1.074e-05,165.71,165.71,2982,3296
paraiso,SC,1,1.071e-05,1,1,99.65,6.46e-06,99.65,99.65,2982,3751
picarras,SC,1,1.071e-05,1,1,170.84,1.108e-05,170.84,170.84,2982,3253
ponte alta do norte,SC,1,1.071e-05,1,1,59.46,3.86e-06,59.46,59.46,2982,4071
presidente castello branco,SC,1,1.071e-05,1,1,35.0,2.27e-06,35.0,35.0,2982,4222
presidente nereu,SC,1,1.071e-05,1,1,70.61,4.58e-06,70.61,70.61,2982,3982
rio dos cedros,SC,1,1.071e-05,1,1,67.82,4.4e-06,67.82,67.82,2982,4003
rio rufino,SC,1,1.071e-05,1,1,76.66,4.97e-06,76.66,76.66,2982,3918
romelandia,SC,1,1.071e-05,1,1,176.87,1.147e-05,176.87,176.87,2982,3215
santa cruz do timbo,SC,1,1.071e-05,1,1,49.31,3.2e-06,49.31,49.31,2982,4137
santa rosa do sul,SC,1,1.071e-05,1,1,218.27,1.415e-05,218.27,218.27,2982,2995
santa terezinha,SC,1,1.071e-05,1,1,66.01,4.28e-06,66.01,66.01,2982,4017
sao bernardino,SC,1,1.071e-05,1,1,208.48,1.352e-05,208.48,208.48,2982,3052
sao bonifacio,SC,1,1.071e-05,1,1,116.46,7.55e-06,116.46,116.46,2982,3621
sao cristovao do sul,SC,1,1.071e-05,1,1,137.07,8.89e-06,137.07,137.07,2982,3498
tangara,SC,1,1.071e-05,1,1,373.82,2.424e-05,373.82,373.82,2982,2381
treviso,SC,1,1.071e-05,1,1,136.98,8.88e-06,136.98,136.98,2982,3501
tunapolis,SC,1,1.071e-05,1,1,343.68,2.228e-05,343.68,343.68,2982,2485
uniao do oeste,SC,1,1.071e-05,1,1,40.09,2.6e-06,40.09,40.09,2982,4198
vargeao,SC,1,1.071e-05,1,1,520.65,3.376e-05,520.65,520.65,2982,1984
aquidaba,SE,1,1.071e-05,1,1,113.55,7.36e-06,113.55,113.55,2982,3648
brejo grande,SE,1,1.071e-05,1,1,268.84,1.743e-05,268.84,268.84,2982,2760
campo do brito,SE,1,1.071e-05,1,1,114.89,7.45e-06,114.89,114.89,2982,3638
cristinapolis,SE,1,1.071e-05,1,1,145.37,9.43e-06,145.37,145.37,2982,3422
general maynard,SE,1,1.071e-05,1,1,217.85,1.413e-05,217.85,217.85,2982,2999
graccho cardoso,SE,1,1.071e-05,1,1,723.72,4.693e-05,723.72,723.72,2982,1679
indiaroba,SE,1,1.071e-05,1,1,68.8,4.46e-06,68.8,68.8,2982,3996
itabi,SE,1,1.071e-05,1,1,141.03,9.14e-06,141.03,141.03,2982,3462
itaporanga d'ajuda,SE,1,1.071e-05,1,1,263.24,1.707e-05,263.24,263.24,2982,2786
japaratuba,SE,1,1.071e-05,1,1,138.24,8.96e-06,138.24,138.24,2982,3483
japoata,SE,1,1.071e-05,1,1,220.6,1.43e-05,220.6,220.6,2982,2983
macambira,SE,1,1.071e-05,1,1,259.15,1.68e-05,259.15,259.15,2982,2806
malhador,SE,1,1.071e-05,1,1,58.14,3.77e-06,58.14,58.14,2982,4078
monte alegre de sergipe,SE,1,1.071e-05,1,1,128.0,8.3e-06,128.0,128.0,2982,3550
neopolis,SE,1,1.071e-05,1,1,257.1,1.667e-05,257.1,257.1,2982,2816
nossa senhora das dores,SE,1,1.071e-05,1,1,598.23,3.879e-05,598.23,598.23,2982,1854
nossa senhora de lourdes,SE,1,1.071e-05,1,1,118.1,7.66e-06,118.1,118.1,2982,3606
pinhao,SE,1,1.071e-05,1,1,469.47,3.044e-05,469.47,469.47,2982,2112
pirambu,SE,1,1.071e-05,1,1,305.77,1.983e-05,305.77,305.77,2982,2625
poco redondo,SE,1,1.071e-05,1,1,546.78,3.545e-05,546.78,546.78,2982,1936
riachuelo,SE,1,1.071e-05,1,1,90.97,5.9e-06,90.97,90.97,2982,3809
ribeiropolis,SE,1,1.071e-05,1,1,100.77,6.53e-06,100.77,100.77,2982,3740
santo amaro das brotas,SE,1,1.071e-05,1,1,62.28,4.04e-06,62.28,62.28,2982,4052
sao miguel do aleixo,SE,1,1.071e-05,1,1,70.86,4.59e-06,70.86,70.86,2982,3980
telha,SE,1,1.071e-05,1,1,229.65,1.489e-05,229.65,229.65,2982,2933
agisse,SP,1,1.071e-05,1,1,56.37,3.66e-06,56.37,56.37,2982,4091
ajapi,SP,1,1.071e-05,1,1,121.34,7.87e-06,121.34,121.34,2982,3584
alfredo marcondes,SP,1,1.071e-05,1,1,169.23,1.097e-05,169.23,169.23,2982,3267
americo de campos,SP,1,1.071e-05,1,1,293.36,1.902e-05,293.36,293.36,2982,2670
anhembi,SP,1,1.071e-05,1,1,120.09,7.79e-06,120.09,120.09,2982,3594
anhumas,SP,1,1.071e-05,1,1,72.42,4.7e-06,72.42,72.42,2982,3961
aparecida d'oeste,SP,1,1.071e-05,1,1,31.75,2.06e-06,31.75,31.75,2982,4243
aparecida de monte alto,SP,1,1.071e-05,1,1,199.26,1.292e-05,199.26,199.26,2982,3091
aramina,SP,1,1.071e-05,1,1,111.61,7.24e-06,111.61,111.61,2982,3663
balbinos,SP,1,1.071e-05,1,1,69.29,4.49e-06,69.29,69.29,2982,3989
bandeirantes d'oeste,SP,1,1.071e-05,1,1,65.09,4.22e-06,65.09,65.09,2982,4027
barao ataliba nogueira,SP,1,1.071e-05,1,1,1351.51,8.763e-05,1351.51,1351.51,2982,1116
bora,SP,1,1.071e-05,1,1,139.71,9.06e-06,139.71,139.71,2982,3470
boraceia,SP,1,1.071e-05,1,1,39.96,2.59e-06,39.96,39.96,2982,4202
botelho,SP,1,1.071e-05,1,1,265.04,1.719e-05,265.04,265.04,2982,2773
cassia dos coqueiros,SP,1,1.071e-05,1,1,90.17,5.85e-06,90.17,90.17,2982,3817
cipo-guacu,SP,1,1.071e-05,1,1,78.71,5.1e-06,78.71,78.71,2982,3897
elisiario,SP,1,1.071e-05,1,1,64.1,4.16e-06,64.1,64.1,2982,4043
embauba,SP,1,1.071e-05,1,1,414.81,2.69e-05,414.81,414.81,2982,2263
emilianopolis,SP,1,1.071e-05,2,2,198.49,1.287e-05,198.49,99.245,2982,3098
engenheiro balduino,SP,1,1.071e-05,1,1,205.54,1.333e-05,205.54,205.54,2982,3061
estrela d oeste,SP,1,1.071e-05,1,1,156.33,1.014e-05,156.33,156.33,2982,3351
estrela d'oeste,SP,1,1.071e-05,1,1,257.45,1.669e-05,257.45,257.45,2982,2813
euclides da cunha paulista,SP,1,1.071e-05,2,2,186.39,1.209e-05,186.39,93.195,2982,3165
fernao,SP,1,1.071e-05,1,1,40.85,2.65e-06,40.85,40.85,2982,4193
flora rica,SP,1,1.071e-05,1,1,237.26,1.538e-05,237.26,237.26,2982,2899
florinia,SP,1,1.071e-05,1,1,57.61,3.74e-06,57.61,57.61,2982,4082
gabriel monteiro,SP,1,1.071e-05,1,1,48.72,3.16e-06,48.72,48.72,2982,4141
galia,SP,1,1.071e-05,1,1,217.64,1.411e-05,217.64,217.64,2982,3002
guarapua,SP,1,1.071e-05,1,1,75.17,4.87e-06,75.17,75.17,2982,3932
guatapara,SP,1,1.071e-05,1,1,87.97,5.7e-06,87.97,87.97,2982,3830
guzolandia,SP,1,1.071e-05,1,1,143.31,9.29e-06,143.31,143.31,2982,3444
iaras,SP,1,1.071e-05,1,1,93.57,6.07e-06,93.57,93.57,2982,3795
ibitiuva,SP,1,1.071e-05,1,1,27.69,1.8e-06,27.69,27.69,2982,4259
ipigua,SP,1,1.071e-05,1,1,74.28,4.82e-06,74.28,74.28,2982,3939
irape,SP,1,1.071e-05,2,2,429.3,2.784e-05,429.3,214.65,2982,2224
itaoca,SP,1,1.071e-05,1,1,78.01,5.06e-06,78.01,78.01,2982,3902
jamaica,SP,1,1.071e-05,1,1,71.85,4.66e-06,71.85,71.85,2982,3967
jeriquara,SP,1,1.071e-05,1,1,144.65,9.38e-06,144.65,144.65,2982,3430
lavrinhas,SP,1,1.071e-05,1,1,621.35,4.029e-05,621.35,621.35,2982,1821
lutecia,SP,1,1.071e-05,1,1,908.84,5.893e-05,908.84,908.84,2982,1473
macaubal,SP,1,1.071e-05,1,1,121.91,7.9e-06,121.91,121.91,2982,3582
meridiano,SP,1,1.071e-05,1,1,140.47,9.11e-06,140.47,140.47,2982,3467
mira estrela,SP,1,1.071e-05,1,1,213.56,1.385e-05,213.56,213.56,2982,3023
monte castelo,SP,1,1.071e-05,1,1,106.89,6.93e-06,106.89,106.89,2982,3693
nantes,SP,1,1.071e-05,1,1,91.05,5.9e-06,91.05,91.05,2982,3808
natividade da serra,SP,1,1.071e-05,1,1,138.89,9.01e-06,138.89,138.89,2982,3480
nova guataporanga,SP,1,1.071e-05,1,1,117.76,7.64e-06,117.76,117.76,2982,3610
nova independencia,SP,1,1.071e-05,1,1,34.86,2.26e-06,34.86,34.86,2982,4224
nova luzitania,SP,1,1.071e-05,1,1,34.75,2.25e-06,34.75,34.75,2982,4227
novais,SP,1,1.071e-05,1,1,111.99,7.26e-06,111.99,111.99,2982,3661
oleo,SP,1,1.071e-05,1,1,73.34,4.76e-06,73.34,73.34,2982,3951
onda verde,SP,1,1.071e-05,1,1,89.49,5.8e-06,89.49,89.49,2982,3819
palmares paulista,SP,1,1.071e-05,1,1,70.93,4.6e-06,70.93,70.93,2982,3979
palmeira d oeste,SP,1,1.071e-05,1,1,64.42,4.18e-06,64.42,64.42,2982,4037
pardinho,SP,1,1.071e-05,1,1,355.06,2.302e-05,355.06,355.06,2982,2446
parisi,SP,1,1.071e-05,1,1,46.34,3e-06,46.34,46.34,2982,4156
paulistania,SP,1,1.071e-05,1,1,116.94,7.58e-06,116.94,116.94,2982,3617
pedranopolis,SP,1,1.071e-05,1,1,74.41,4.82e-06,74.41,74.41,2982,3936
pedregulho,SP,1,1.071e-05,1,1,488.68,3.169e-05,488.68,488.68,2982,2057
pereiras,SP,1,1.071e-05,1,1,69.69,4.52e-06,69.69,69.69,2982,3986
piacatu,SP,1,1.071e-05,1,1,74.13,4.81e-06,74.13,74.13,2982,3942
pinheiros,SP,1,1.071e-05,1,1,213.83,1.386e-05,213.83,213.83,2982,3020
piquerobi,SP,1,1.071e-05,1,1,112.45,7.29e-06,112.45,112.45,2982,3656
planalto,SP,1,1.071e-05,1,1,83.06,5.39e-06,83.06,83.06,2982,3867
pontes gestal,SP,1,1.071e-05,1,1,135.08,8.76e-06,135.08,135.08,2982,3509
populina,SP,1,1.071e-05,1,1,71.3,4.62e-06,71.3,71.3,2982,3974
queiroz,SP,1,1.071e-05,1,1,58.9,3.82e-06,58.9,58.9,2982,4073
redencao da serra,SP,1,1.071e-05,1,1,106.23,6.89e-06,106.23,106.23,2982,3702
rincao,SP,1,1.071e-05,1,1,97.63,6.33e-06,97.63,97.63,2982,3767
riversul,SP,1,1.071e-05,1,1,102.03,6.62e-06,102.03,102.03,2982,3733
rubineia,SP,1,1.071e-05,1,1,112.2,7.28e-06,112.2,112.2,2982,3658
salto grande,SP,1,1.071e-05,1,1,674.34,4.372e-05,674.34,674.34,2982,1747
santa clara d'oeste,SP,1,1.071e-05,1,1,115.44,7.49e-06,115.44,115.44,2982,3634
santa salete,SP,1,1.071e-05,1,1,95.0,6.16e-06,95.0,95.0,2982,3788
santo antonio do aracangua,SP,1,1.071e-05,1,1,1117.99,7.249e-05,1117.99,1117.99,2982,1273
santo expedito,SP,1,1.071e-05,1,1,293.46,1.903e-05,293.46,293.46,2982,2669
sao sebastiao da serra,SP,1,1.071e-05,1,1,171.35,1.111e-05,171.35,171.35,2982,3250
sarutaia,SP,1,1.071e-05,1,1,71.82,4.66e-06,71.82,71.82,2982,3968
serra azul,SP,1,1.071e-05,1,1,108.52,7.04e-06,108.52,108.52,2982,3681
suzanapolis,SP,1,1.071e-05,1,1,88.94,5.77e-06,88.94,88.94,2982,3825
taiacu,SP,1,1.071e-05,1,1,70.51,4.57e-06,70.51,70.51,2982,3983
tapinas,SP,1,1.071e-05,1,1,135.08,8.76e-06,135.08,135.08,2982,3509
tecainda,SP,1,1.071e-05,1,1,165.13,1.071e-05,165.13,165.13,2982,3299
termas de ibira,SP,1,1.071e-05,1,1,87.15,5.65e-06,87.15,87.15,2982,3841
trabiju,SP,1,1.071e-05,1,1,279.91,1.815e-05,279.91,279.91,2982,2719
tuiuti,SP,1,1.071e-05,1,1,60.85,3.95e-06,60.85,60.85,2982,4063
turmalina,SP,1,1.071e-05,1,1,46.23,3e-06,46.23,46.23,2982,4159
ubirajara,SP,1,1.071e-05,1,1,96.09,6.23e-06,96.09,96.09,2982,3779
venda branca,SP,1,1.071e-05,1,1,134.83,8.74e-06,134.83,134.83,2982,3511
almas,TO,1,1.071e-05,1,1,113.56,7.36e-06,113.56,113.56,2982,3647
ananas,TO,1,1.071e-05,1,1,122.76,7.96e-06,122.76,122.76,2982,3577
aparecida do rio negro,TO,1,1.071e-05,1,1,172.58,1.119e-05,172.58,172.58,2982,3246
araguacu,TO,1,1.071e-05,1,1,162.86,1.056e-05,162.86,162.86,2982,3310
arapoema,TO,1,1.071e-05,1,1,98.57,6.39e-06,98.57,98.57,2982,3760
augustinopolis,TO,1,1.071e-05,1,1,144.89,9.39e-06,144.89,144.89,2982,3426
buriti do tocantins,TO,1,1.071e-05,1,1,86.79,5.63e-06,86.79,86.79,2982,3843
carmolandia,TO,1,1.071e-05,1,1,167.45,1.086e-05,167.45,167.45,2982,3284
centenario,TO,1,1.071e-05,1,1,162.47,1.053e-05,162.47,162.47,2982,3313
combinado,TO,1,1.071e-05,1,1,54.63,3.54e-06,54.63,54.63,2982,4101
divinopolis do tocantins,TO,1,1.071e-05,1,1,139.27,9.03e-06,139.27,139.27,2982,3477
duere,TO,1,1.071e-05,1,1,158.77,1.029e-05,158.77,158.77,2982,3332
esperantina,TO,1,1.071e-05,1,1,122.58,7.95e-06,122.58,122.58,2982,3578
fatima,TO,1,1.071e-05,1,1,95.64,6.2e-06,95.64,95.64,2982,3786
lajeado,TO,1,1.071e-05,1,1,175.1,1.135e-05,175.1,175.1,2982,3231
natividade,TO,1,1.071e-05,1,1,435.27,2.822e-05,435.27,435.27,2982,2200
nova olinda,TO,1,1.071e-05,1,1,56.79,3.68e-06,56.79,56.79,2982,4087
novo alegre,TO,1,1.071e-05,1,1,319.09,2.069e-05,319.09,319.09,2982,2565
novo jardim,TO,1,1.071e-05,1,1,60.98,3.95e-06,60.98,60.98,2982,4061
peixe,TO,1,1.071e-05,1,1,117.16,7.6e-06,117.16,117.16,2982,3614
pequizeiro,TO,1,1.071e-05,1,1,253.98,1.647e-05,253.98,253.98,2982,2826
pium,TO,1,1.071e-05,1,1,45.63,2.96e-06,45.63,45.63,2982,4163
praia norte,TO,1,1.071e-05,1,1,113.35,7.35e-06,113.35,113.35,2982,3649
pugmil,TO,1,1.071e-05,1,1,148.15,9.61e-06,148.15,148.15,2982,3404
sandolandia,TO,1,1.071e-05,1,1,841.28,5.455e-05,841.28,841.28,2982,1546
silvanopolis,TO,1,1.071e-05,1,1,273.88,1.776e-05,273.88,273.88,2982,2739
sitio novo do tocantins,TO,1,1.071e-05,2,2,476.27,3.088e-05,476.27,238.135,2982,2092
