profile_state,profile_city,all_users,all_user_gmv,high_value_users,high_value_gmv,high_value_churn_users,all_user_share,high_value_user_share,high_value_penetration,all_gmv_share,high_value_gmv_share,user_share_gap
SP,praia grande,256,38738.87,1,1172.66,1,0.0029353085513793655,0.25,0.00390625,0.002683295876586467,0.3115478828261574,0.24706469144862064
PE,recife,534,99162.6,1,1122.72,0,0.006122870181392895,0.25,0.0018726591760299626,0.006868620475806165,0.29828001211483585,0.2438771298186071
SP,santos,611,100635.63,1,758.83,0,0.0070057559566124705,0.25,0.0016366612111292963,0.0069706517256874385,0.2016030903458573,0.24299424404338754
SP,sao paulo,13288,1932108.23,1,709.77,0,0.1523608594950352,0.25,7.525586995785671e-05,0.13382987285581063,0.18856901471314935,0.0976391405049648
RJ,rio de janeiro,5922,1040699.9,0,0.0,0,0.06790194234870549,0.0,0.0,0.07208536930565988,0.0,-0.06790194234870549
MG,belo horizonte,2413,375101.87,0,0.0,0,0.027667576306556287,0.0,0.0,0.025981896247125248,0.0,-0.027667576306556287
DF,brasilia,1868,320850.09,0,0.0,0,0.02141857958584631,0.0,0.0,0.02222407941944091,0.0,-0.02141857958584631
PR,curitiba,1331,223557.99,0,0.0,0,0.015261311257366936,0.0,0.0,0.015485021446029751,0.0,-0.015261311257366936
SP,campinas,1262,192060.29,0,0.0,0,0.014470153874377967,0.0,0.0,0.013303294190382968,0.0,-0.014470153874377967
RS,porto alegre,1213,195548.91,0,0.0,0,0.01390831747196551,0.0,0.0,0.013544937781457695,0.0,-0.01390831747196551
BA,salvador,1093,199901.54,0,0.0,0,0.012532391588506433,0.0,0.0,0.013846428096774239,0.0,-0.012532391588506433
SP,guarulhos,1016,145172.56,0,0.0,0,0.011649505813286857,0.0,0.0,0.010055557419240711,0.0,-0.011649505813286857
SP,sao bernardo do campo,811,107446.79,0,0.0,0,0.0092989657623776,0.0,0.0,0.00744243517065552,0.0,-0.0092989657623776
RJ,niteroi,736,129491.61,0,0.0,0,0.008439012085215676,0.0,0.0,0.008969396969130563,0.0,-0.008439012085215676
SP,santo andre,695,93123.94,0,0.0,0,0.007968904075033825,0.0,0.0,0.006450345201434258,0.0,-0.007968904075033825
SP,osasco,634,85074.27,0,0.0,0,0.00726947508427546,0.0,0.0,0.005892774825249259,0.0,-0.00726947508427546
GO,goiania,598,106516.35,0,0.0,0,0.006856697319237737,0.0,0.0,0.007377987090073637,0.0,-0.006856697319237737
SP,sao jose dos campos,594,79373.11,0,0.0,0,0.006810833123122435,0.0,0.0,0.005497876906963059,0.0,-0.006810833123122435
CE,fortaleza,584,108224.78,0,0.0,0,0.006696172632834178,0.0,0.0,0.007496323612910689,0.0,-0.006696172632834178
SP,sorocaba,539,78887.62,0,0.0,0,0.006180200426537024,0.0,0.0,0.005464248839982169,0.0,-0.006180200426537024
SC,florianopolis,504,90349.45,0,0.0,0,0.005778888710528126,0.0,0.0,0.006258166710512081,0.0,-0.005778888710528126
SP,jundiai,485,82543.51,0,0.0,0,0.005561033778980439,0.0,0.0,0.0057174785950641765,0.0,-0.005561033778980439
SP,ribeirao preto,446,69157.75,0,0.0,0,0.005113857866856239,0.0,0.0,0.004790297326922487,0.0,-0.005113857866856239
PA,belem,396,87169.69,0,0.0,0,0.004540555415414957,0.0,0.0,0.006037916690402187,0.0,-0.004540555415414957
RJ,nova iguacu,394,66052.2,0,0.0,0,0.004517623317357305,0.0,0.0,0.004575187554501838,0.0,-0.004517623317357305
MG,juiz de fora,384,68682.41,0,0.0,0,0.0044029628270690485,0.0,0.0,0.004757372312280175,0.0,-0.0044029628270690485
MG,contagem,378,53533.79,0,0.0,0,0.004334166532896095,0.0,0.0,0.0037080843598444103,0.0,-0.004334166532896095
SP,barueri,373,54185.02,0,0.0,0,0.004276836287751966,0.0,0.0,0.0037531926134849888,0.0,-0.004276836287751966
RJ,sao goncalo,360,56262.33,0,0.0,0,0.004127777650377233,0.0,0.0,0.003897080067026918,0.0,-0.004127777650377233
ES,vitoria,342,59124.69,0,0.0,0,0.003921388767858371,0.0,0.0,0.004095344982480209,0.0,-0.003921388767858371
MG,uberlandia,338,50611.26,0,0.0,0,0.0038755245717430687,0.0,0.0,0.0035056516947150392,0.0,-0.0038755245717430687
SP,mogi das cruzes,332,53872.27,0,0.0,0,0.003806728277570115,0.0,0.0,0.0037315295968455664,0.0,-0.003806728277570115
SP,piracicaba,322,50207.28,0,0.0,0,0.0036920677872818585,0.0,0.0,0.003477669518977249,0.0,-0.0036920677872818585
MA,sao luis,313,60919.75,0,0.0,0,0.0035888733460224275,0.0,0.0,0.004219682039710461,0.0,-0.0035888733460224275
ES,vila velha,304,52938.55,0,0.0,0,0.0034856789047629966,0.0,0.0,0.0036668543229956504,0.0,-0.0034856789047629966
SP,sao jose do rio preto,302,51007.71,0,0.0,0,0.0034627468067053454,0.0,0.0,0.0035331122956637167,0.0,-0.0034627468067053454
SP,carapicuiba,289,33282.23,0,0.0,0,0.003313688169330612,0.0,0.0,0.002305334939367163,0.0,-0.003313688169330612
MS,campo grande,286,60538.89,0,0.0,0,0.003279290022244135,0.0,0.0,0.004193301299447343,0.0,-0.003279290022244135
SP,maua,277,44327.9,0,0.0,0,0.0031760955809847042,0.0,0.0,0.003070426971352991,0.0,-0.0031760955809847042
PR,londrina,272,49953.6,0,0.0,0,0.003118765335840576,0.0,0.0,0.0034600980591496275,0.0,-0.003118765335840576
ES,serra,256,38235.5,0,0.0,0,0.0029353085513793655,0.0,0.0,0.002648429329229837,0.0,-0.0029353085513793655
PI,teresina,251,56944.08,0,0.0,0,0.0028779783062352375,0.0,0.0,0.003944302326320048,0.0,-0.0028779783062352375
SP,taboao da serra,249,34848.46,0,0.0,0,0.0028550462081775863,0.0,0.0,0.002413821802840104,0.0,-0.0028550462081775863
SC,joinville,245,39091.68,0,0.0,0,0.0028091820120622834,0.0,0.0,0.002707733698810462,0.0,-0.0028091820120622834
SP,sao caetano do sul,244,34363.09,0,0.0,0,0.0027977159630334578,0.0,0.0,0.002380202047808045,0.0,-0.0027977159630334578
SP,diadema,240,30814.09,0,0.0,0,0.0027518517669181553,0.0,0.0,0.002134376161146783,0.0,-0.0027518517669181553
SP,taubate,240,31930.61,0,0.0,0,0.0027518517669181553,0.0,0.0,0.0022117133037151213,0.0,-0.0027518517669181553
SP,bauru,238,42099.58,0,0.0,0,0.002728919668860504,0.0,0.0,0.0029160796228703133,0.0,-0.002728919668860504
PR,maringa,237,41080.17,0,0.0,0,0.0027174536198316785,0.0,0.0,0.0028454689248930357,0.0,-0.0027174536198316785
RJ,duque de caxias,237,37653.77,0,0.0,0,0.0027174536198316785,0.0,0.0,0.0026081350792869075,0.0,-0.0027174536198316785
SP,indaiatuba,237,37129.83,0,0.0,0,0.0027174536198316785,0.0,0.0,0.002571843725368254,0.0,-0.0027174536198316785
AL,maceio,228,50943.27,0,0.0,0,0.0026142591785722476,0.0,0.0,0.003528648779141752,0.0,-0.0026142591785722476
PB,joao pessoa,228,60024.52,0,0.0,0,0.0026142591785722476,0.0,0.0,0.0041576728234479195,0.0,-0.0026142591785722476
MT,cuiaba,225,44126.76,0,0.0,0,0.0025798610314857707,0.0,0.0,0.003056494759788312,0.0,-0.0025798610314857707
RJ,campos dos goytacazes,221,36837.77,0,0.0,0,0.002533996835370468,0.0,0.0,0.0025516138272396855,0.0,-0.002533996835370468
SP,cotia,218,31381.97,0,0.0,0,0.002499598688283991,0.0,0.0,0.0021737110736621953,0.0,-0.002499598688283991
RJ,volta redonda,212,35541.409999999996,0,0.0,0,0.0024308023941110373,0.0,0.0,0.0024618198440240773,0.0,-0.0024308023941110373
RJ,macae,211,34575.8,0,0.0,0,0.0024193363450822117,0.0,0.0,0.0023949356697724627,0.0,-0.0024193363450822117
SP,sao carlos,206,32180.49,0,0.0,0,0.0023620060999380832,0.0,0.0,0.002229021551829778,0.0,-0.0023620060999380832
RJ,petropolis,201,36604.659999999996,0,0.0,0,0.002304675854793955,0.0,0.0,0.0025354671739740878,0.0,-0.002304675854793955
SP,suzano,201,25947.66,0,0.0,0,0.002304675854793955,0.0,0.0,0.0017972968515877618,0.0,-0.002304675854793955
RS,caxias do sul,199,37203.33,0,0.0,0,0.002281743756736304,0.0,0.0,0.002576934794026919,0.0,-0.002281743756736304
MG,montes claros,198,30198.79,0,0.0,0,0.0022702777077074784,0.0,0.0,0.0020917566435185286,0.0,-0.0022702777077074784
SE,aracaju,198,39317.85,0,0.0,0,0.0022702777077074784,0.0,0.0,0.0027233996443686978,0.0,-0.0022702777077074784
SP,guaruja,193,31099.54,0,0.0,0,0.00221294746256335,0.0,0.0,0.0021541482094272727,0.0,-0.00221294746256335
RS,canoas,192,30708.2,0,0.0,0,0.0022014814135345243,0.0,0.0,0.0021270415589662926,0.0,-0.0022014814135345243
RN,natal,191,41662.47,0,0.0,0,0.0021900153645056986,0.0,0.0,0.0028858026565929096,0.0,-0.0021900153645056986
SP,americana,191,25821.97,0,0.0,0,0.0021900153645056986,0.0,0.0,0.0017885907778502433,0.0,-0.0021900153645056986
MG,betim,177,29475.54,0,0.0,0,0.0020294906781021397,0.0,0.0,0.002041659835254861,0.0,-0.0020294906781021397
SP,marilia,177,35905.2,0,0.0,0,0.0020294906781021397,0.0,0.0,0.0024870182095660612,0.0,-0.0020294906781021397
RS,santa maria,174,35323.68,0,0.0,0,0.001995092531015663,0.0,0.0,0.0024467385055335854,0.0,-0.001995092531015663
SP,jacarei,172,19936.39,0,0.0,0,0.001972160432958011,0.0,0.0,0.0013809187795364105,0.0,-0.001972160432958011
RS,pelotas,170,25538.27,0,0.0,0,0.00194922833490036,0.0,0.0,0.001768939945490198,0.0,-0.00194922833490036
BA,feira de santana,165,29836.88,0,0.0,0,0.0018918980897562319,0.0,0.0,0.0020666884985082222,0.0,-0.0018918980897562319
MG,uberaba,164,29123.88,0,0.0,0,0.001880432040727406,0.0,0.0,0.002017301669207157,0.0,-0.001880432040727406
SC,blumenau,164,26970.71,0,0.0,0,0.001880432040727406,0.0,0.0,0.0018681596786795636,0.0,-0.001880432040727406
SP,valinhos,163,22734.26,0,0.0,0,0.0018689659916985805,0.0,0.0,0.0015747167151557244,0.0,-0.0018689659916985805
SP,limeira,160,22334.6,0,0.0,0,0.0018345678446121036,0.0,0.0,0.0015470337695758316,0.0,-0.0018345678446121036
MG,ipatinga,157,24370.05,0,0.0,0,0.0018001696975256266,0.0,0.0,0.0016880217383007305,0.0,-0.0018001696975256266
SP,itapevi,155,18760.9,0,0.0,0,0.0017772375994679753,0.0,0.0,0.0012994970067802972,0.0,-0.0017772375994679753
SP,sumare,155,21661.19,0,0.0,0,0.0017772375994679753,0.0,0.0,0.0015003891907264203,0.0,-0.0017772375994679753
SC,sao jose,153,22717.59,0,0.0,0,0.0017543055014103241,0.0,0.0,0.0015735620469306915,0.0,-0.0017543055014103241
SP,itaquaquecetuba,150,17956.44,0,0.0,0,0.001719907354323847,0.0,0.0,0.0012437750871456058,0.0,-0.001719907354323847
SP,santana de parnaiba,148,22384.99,0,0.0,0,0.0016969752562661959,0.0,0.0,0.0015505240954222282,0.0,-0.0016969752562661959
SP,embu das artes,145,21052.32,0,0.0,0,0.0016625771091797188,0.0,0.0,0.001458215055022999,0.0,-0.0016625771091797188
SP,presidente prudente,145,27987.31,0,0.0,0,0.0016625771091797188,0.0,0.0,0.0019385757385217274,0.0,-0.0016625771091797188
SP,franca,144,24614.11,0,0.0,0,0.0016511110601508932,0.0,0.0,0.0017049268568971093,0.0,-0.0016511110601508932
SP,sao vicente,142,19113.26,0,0.0,0,0.001628178962093242,0.0,0.0,0.001323903659196178,0.0,-0.001628178962093242
SP,atibaia,140,22134.34,0,0.0,0,0.0016052468640355905,0.0,0.0,0.001533162512302576,0.0,-0.0016052468640355905
SP,rio claro,134,20767.76,0,0.0,0,0.0015364505698626366,0.0,0.0,0.0014385046536963353,0.0,-0.0015364505698626366
SP,araraquara,132,20925.95,0,0.0,0,0.0015135184718049854,0.0,0.0,0.0014494618802421077,0.0,-0.0015135184718049854
SP,hortolandia,130,17571.97,0,0.0,0,0.0014905863737473342,0.0,0.0,0.0012171442957551704,0.0,-0.0014905863737473342
AM,manaus,129,25190.21,0,0.0,0,0.0014791203247185086,0.0,0.0,0.0017448311379074087,0.0,-0.0014791203247185086
RJ,nova friburgo,129,30108.97,0,0.0,0,0.0014791203247185086,0.0,0.0,0.0020855351498189193,0.0,-0.0014791203247185086
SP,aracatuba,129,18866.4,0,0.0,0,0.0014791203247185086,0.0,0.0,0.0013068045951270886,0.0,-0.0014791203247185086
MG,divinopolis,128,37423.71,0,0.0,0,0.0014676542756896828,0.0,0.0,0.002592199688054084,0.0,-0.0014676542756896828
PR,cascavel,126,23477.33,0,0.0,0,0.0014447221776320315,0.0,0.0,0.001626186380301226,0.0,-0.0014447221776320315
SP,braganca paulista,126,21107.65,0,0.0,0,0.0014447221776320315,0.0,0.0,0.0014620475560962502,0.0,-0.0014447221776320315
MG,governador valadares,125,20916.17,0,0.0,0,0.001433256128603206,0.0,0.0,0.0014487844564124237,0.0,-0.001433256128603206
PR,ponta grossa,125,20583.89,0,0.0,0,0.001433256128603206,0.0,0.0,0.001425768670100842,0.0,-0.001433256128603206
RJ,marica,125,17450.25,0,0.0,0,0.001433256128603206,0.0,0.0,0.0012087132089914597,0.0,-0.001433256128603206
RJ,rio das ostras,124,21804.76,0,0.0,0,0.0014217900795743803,0.0,0.0,0.0015103337448396797,0.0,-0.0014217900795743803
PE,jaboatao dos guararapes,123,23870.01,0,0.0,0,0.0014103240305455547,0.0,0.0,0.0016533858475241462,0.0,-0.0014103240305455547
ES,cariacica,122,17794.01,0,0.0,0,0.0013988579815167289,0.0,0.0,0.001232524171741157,0.0,-0.0013988579815167289
MG,pouso alegre,118,23545.08,0,0.0,0,0.0013529937854014264,0.0,0.0,0.0016308791680784312,0.0,-0.0013529937854014264
PR,sao jose dos pinhais,118,16719.79,0,0.0,0,0.0013529937854014264,0.0,0.0,0.0011581169911355608,0.0,-0.0013529937854014264
RJ,sao joao de meriti,115,19551.87,0,0.0,0,0.0013185956383149494,0.0,0.0,0.0013542845248339624,0.0,-0.0013185956383149494
SP,itu,115,13433.03,0,0.0,0,0.0013185956383149494,0.0,0.0,0.000930455483318494,0.0,-0.0013185956383149494
MG,sete lagoas,113,18087.21,0,0.0,0,0.0012956635402572982,0.0,0.0,0.0012528330333836145,0.0,-0.0012956635402572982
RJ,barra mansa,113,21260.94,0,0.0,0,0.0012956635402572982,0.0,0.0,0.0014726653780647776,0.0,-0.0012956635402572982
SP,santa barbara d'oeste,112,14266.35,0,0.0,0,0.0012841974912284726,0.0,0.0,0.000988176426646914,0.0,-0.0012841974912284726
RS,novo hamburgo,111,19359.07,0,0.0,0,0.001272731442199647,0.0,0.0,0.0013409299937130012,0.0,-0.001272731442199647
SP,paulinia,111,16986.24,0,0.0,0,0.001272731442199647,0.0,0.0,0.0011765729808512254,0.0,-0.001272731442199647
ES,cachoeiro de itapemirim,110,17328.49,0,0.0,0,0.0012612653931708211,0.0,0.0,0.001200279351578139,0.0,-0.0012612653931708211
RS,rio grande,110,17921.43,0,0.0,0,0.0012612653931708211,0.0,0.0,0.001241350076074315,0.0,-0.0012612653931708211
RJ,resende,109,15711.74,0,0.0,0,0.0012497993441419955,0.0,0.0,0.0010882931576475683,0.0,-0.0012497993441419955
SC,itajai,109,19724.8,0,0.0,0,0.0012497993441419955,0.0,0.0,0.0013662627357610775,0.0,-0.0012497993441419955
RJ,cabo frio,108,18383.24,0,0.0,0,0.00123833329511317,0.0,0.0,0.001273337918485991,0.0,-0.00123833329511317
RJ,teresopolis,106,18139.15,0,0.0,0,0.0012154011970555187,0.0,0.0,0.0012564307219024048,0.0,-0.0012154011970555187
RS,passo fundo,106,17119.67,0,0.0,0,0.0012154011970555187,0.0,0.0,0.0011858151752883095,0.0,-0.0012154011970555187
RS,gravatai,104,20907.59,0,0.0,0,0.0011924690989978672,0.0,0.0,0.001448190152071045,0.0,-0.0011924690989978672
RJ,nilopolis,100,15235.54,0,0.0,0,0.0011466049028825648,0.0,0.0,0.0010553085740386383,0.0,-0.0011466049028825648
GO,anapolis,99,18793.57,0,0.0,0,0.0011351388538537392,0.0,0.0,0.0013017599348493934,0.0,-0.0011351388538537392
MG,pocos de caldas,99,16867.0,0,0.0,0,0.0011351388538537392,0.0,0.0,0.0011683136743633445,0.0,-0.0011351388538537392
RJ,belford roxo,97,13923.949999999999,0,0.0,0,0.0011122067557960877,0.0,0.0,0.0009644596659839621,0.0,-0.0011122067557960877
SP,ribeirao pires,96,11153.65,0,0.0,0,0.0011007407067672621,0.0,0.0,0.0007725714006084494,0.0,-0.0011007407067672621
RO,porto velho,95,24021.53,0,0.0,0,0.0010892746577384365,0.0,0.0,0.0016638810682474245,0.0,-0.0010892746577384365
RS,sao leopoldo,95,12307.48,0,0.0,0,0.0010892746577384365,0.0,0.0,0.0008524928666006625,0.0,-0.0010892746577384365
SP,franco da rocha,93,10638.65,0,0.0,0,0.0010663425596807853,0.0,0.0,0.0007368992868776661,0.0,-0.0010663425596807853
MG,patos de minas,92,18896.24,0,0.0,0,0.0010548765106519595,0.0,0.0,0.0013088714997362666,0.0,-0.0010548765106519595
SP,ferraz de vasconcelos,91,14206.06,0,0.0,0,0.0010434104616231339,0.0,0.0,0.0009840003650220036,0.0,-0.0010434104616231339
SP,pindamonhangaba,91,13629.06,0,0.0,0,0.0010434104616231339,0.0,0.0,0.0009440337443954753,0.0,-0.0010434104616231339
GO,aparecida de goiania,90,15865.18,0,0.0,0,0.0010319444125943082,0.0,0.0,0.001098921369552134,0.0,-0.0010319444125943082
RJ,mage,90,13610.94,0,0.0,0,0.0010319444125943082,0.0,0.0,0.0009427786401220739,0.0,-0.0010319444125943082
SP,botucatu,90,18210.87,0,0.0,0,0.0010319444125943082,0.0,0.0,0.0012613984966534178,0.0,-0.0010319444125943082
SC,balneario camboriu,89,18102.46,0,0.0,0,0.0010204783635654826,0.0,0.0,0.0012538893435474873,0.0,-0.0010204783635654826
SP,cajamar,89,11530.47,0,0.0,0,0.0010204783635654826,0.0,0.0,0.0007986723052609422,0.0,-0.0010204783635654826
SP,guaratingueta,89,15102.38,0,0.0,0,0.0010204783635654826,0.0,0.0,0.0010460850814864224,0.0,-0.0010204783635654826
SC,criciuma,88,15060.77,0,0.0,0,0.001009012314536657,0.0,0.0,0.0010432029132294556,0.0,-0.001009012314536657
MG,nova lima,87,22807.28,0,0.0,0,0.0009975462655078314,0.0,0.0,0.0015797745360190678,0.0,-0.0009975462655078314
MG,ribeirao das neves,87,13899.61,0,0.0,0,0.0009975462655078314,0.0,0.0,0.0009627737256961811,0.0,-0.0009975462655078314
PE,olinda,87,15003.8,0,0.0,0,0.0009975462655078314,0.0,0.0,0.001039256815522188,0.0,-0.0009975462655078314
SP,caieiras,87,13257.84,0,0.0,0,0.0009975462655078314,0.0,0.0,0.0009183207306884048,0.0,-0.0009975462655078314
SP,itatiba,86,12849.11,0,0.0,0,0.0009860802164790056,0.0,0.0,0.0008900095403094085,0.0,-0.0009860802164790056
SC,chapeco,85,14743.699999999999,0,0.0,0,0.00097461416745018,0.0,0.0,0.0010212406664321361,0.0,-0.00097461416745018
MG,santa luzia,84,13081.03,0,0.0,0,0.0009631481184213544,0.0,0.0,0.0009060737667491042,0.0,-0.0009631481184213544
MG,itajuba,83,14828.34,0,0.0,0,0.0009516820693925288,0.0,0.0,0.0010271033610072305,0.0,-0.0009516820693925288
SP,itapecerica da serra,83,8857.81,0,0.0,0,0.0009516820693925288,0.0,0.0,0.000613547195583825,0.0,-0.0009516820693925288
SP,vinhedo,83,9686.86,0,0.0,0,0.0009516820693925288,0.0,0.0,0.0006709723720663608,0.0,-0.0009516820693925288
BA,vitoria da conquista,82,17288.14,0,0.0,0,0.000940216020363703,0.0,0.0,0.0011974844587838921,0.0,-0.000940216020363703
SC,palhoca,82,12073.28,0,0.0,0,0.000940216020363703,0.0,0.0,0.0008362707131331879,0.0,-0.000940216020363703
TO,palmas,82,19491.63,0,0.0,0,0.000940216020363703,0.0,0.0,0.0013501119265210647,0.0,-0.000940216020363703
SC,jaragua do sul,81,15057.31,0,0.0,0,0.0009287499713348774,0.0,0.0,0.0010429632520381768,0.0,-0.0009287499713348774
SP,salto,81,11112.07,0,0.0,0,0.0009287499713348774,0.0,0.0,0.0007696913103386903,0.0,-0.0009287499713348774
MG,varginha,78,14779.24,0,0.0,0,0.0008943518242484005,0.0,0.0,0.0010237023886107614,0.0,-0.0008943518242484005
MG,vicosa,78,17343.73,0,0.0,0,0.0008943518242484005,0.0,0.0,0.0012013349690796092,0.0,-0.0008943518242484005
PR,foz do iguacu,78,12222.34,0,0.0,0,0.0008943518242484005,0.0,0.0,0.0008465955389054414,0.0,-0.0008943518242484005
SP,francisco morato,78,8305.67,0,0.0,0,0.0008943518242484005,0.0,0.0,0.00057530253369001,0.0,-0.0008943518242484005
SP,poa,78,10343.76,0,0.0,0,0.0008943518242484005,0.0,0.0,0.0007164733652891794,0.0,-0.0008943518242484005
PA,ananindeua,77,19654.8,0,0.0,0,0.0008828857752195749,0.0,0.0,0.0013614140989433013,0.0,-0.0008828857752195749
RJ,angra dos reis,77,21005.02,0,0.0,0,0.0008828857752195749,0.0,0.0,0.0014549387618589874,0.0,-0.0008828857752195749
SP,araras,77,13585.64,0,0.0,0,0.0008828857752195749,0.0,0.0,0.000941026204243649,0.0,-0.0008828857752195749
SP,caraguatatuba,76,12180.54,0,0.0,0,0.0008714197261907491,0.0,0.0,0.0008437002100628264,0.0,-0.0008714197261907491
MG,itabira,75,11905.72,0,0.0,0,0.0008599536771619235,0.0,0.0,0.0008246644619162363,0.0,-0.0008599536771619235
MG,lavras,75,14188.18,0,0.0,0,0.0008599536771619235,0.0,0.0,0.000982761884646263,0.0,-0.0008599536771619235
SC,lages,75,11924.99,0,0.0,0,0.0008599536771619235,0.0,0.0,0.0008259992223659298,0.0,-0.0008599536771619235
SP,ourinhos,75,14007.45,0,0.0,0,0.0008599536771619235,0.0,0.0,0.0009702433970451669,0.0,-0.0008599536771619235
SP,votorantim,75,10156.25,0,0.0,0,0.0008599536771619235,0.0,0.0,0.0007034852525791615,0.0,-0.0008599536771619235
MG,conselheiro lafaiete,74,9960.63,0,0.0,0,0.0008484876281330979,0.0,0.0,0.0006899353906606842,0.0,-0.0008484876281330979
SP,assis,74,13227.11,0,0.0,0,0.0008484876281330979,0.0,0.0,0.000916192179125401,0.0,-0.0008484876281330979
SP,lorena,74,8382.3,0,0.0,0,0.0008484876281330979,0.0,0.0,0.00058061040568067,0.0,-0.0008484876281330979
SP,sao joao da boa vista,73,13352.23,0,0.0,0,0.0008370215791042722,0.0,0.0,0.0009248587711059749,0.0,-0.0008370215791042722
MG,araxa,72,14820.42,0,0.0,0,0.0008255555300754466,0.0,0.0,0.001026554772384419,0.0,-0.0008255555300754466
SP,itapetininga,72,13753.21,0,0.0,0,0.0008255555300754466,0.0,0.0,0.000952633148123003,0.0,-0.0008255555300754466
SP,birigui,71,12942.880000000001,0,0.0,0,0.000814089481046621,0.0,0.0,0.0008965046356580213,0.0,-0.000814089481046621
SP,mogi-guacu,71,11531.92,0,0.0,0,0.000814089481046621,0.0,0.0,0.0007987727413093105,0.0,-0.000814089481046621
SP,sao roque,71,10441.210000000001,0,0.0,0,0.000814089481046621,0.0,0.0,0.0007232233604019267,0.0,-0.000814089481046621
RJ,araruama,70,18214.6,0,0.0,0,0.0008026234320177953,0.0,0.0,0.001261656859729565,0.0,-0.0008026234320177953
SP,cubatao,70,7609.02,0,0.0,0,0.0008026234320177953,0.0,0.0,0.0005270482074170971,0.0,-0.0008026234320177953
MG,barbacena,69,13659.18,0,0.0,0,0.0007911573829889697,0.0,0.0,0.0009461200435519244,0.0,-0.0007911573829889697
PR,toledo,69,11688.66,0,0.0,0,0.0007911573829889697,0.0,0.0,0.0008096295318067143,0.0,-0.0007911573829889697
SP,itanhaem,69,11009.869999999999,0,0.0,0,0.0007911573829889697,0.0,0.0,0.0007626123005847368,0.0,-0.0007911573829889697
BA,lauro de freitas,68,10218.71,0,0.0,0,0.000779691333960144,0.0,0.0,0.000707811621945423,0.0,-0.000779691333960144
RS,viamao,68,7987.71,0,0.0,0,0.000779691333960144,0.0,0.0,0.0005532786399388646,0.0,-0.000779691333960144
BA,ilheus,67,10340.43,0,0.0,0,0.0007682252849313183,0.0,0.0,0.0007162427087091338,0.0,-0.0007682252849313183
MG,teofilo otoni,67,8586.8,0,0.0,0,0.0007682252849313183,0.0,0.0,0.0005947753518126025,0.0,-0.0007682252849313183
SP,mairipora,67,8991.69,0,0.0,0,0.0007682252849313183,0.0,0.0,0.0006228205598290236,0.0,-0.0007682252849313183
SP,tatui,67,11663.95,0,0.0,0,0.0007682252849313183,0.0,0.0,0.0008079179630100392,0.0,-0.0007682252849313183
SP,varzea paulista,67,11172.89,0,0.0,0,0.0007682252849313183,0.0,0.0,0.0007739040830709354,0.0,-0.0007682252849313183
RJ,mesquita,66,9974.83,0,0.0,0,0.0007567592359024927,0.0,0.0,0.0006909189712722902,0.0,-0.0007567592359024927
RS,cachoeirinha,66,11401.08,0,0.0,0,0.0007567592359024927,0.0,0.0,0.0007897099464344838,0.0,-0.0007567592359024927
SP,jau,66,9631.47,0,0.0,0,0.0007567592359024927,0.0,0.0,0.0006671357150186946,0.0,-0.0007567592359024927
SP,ubatuba,66,8850.71,0,0.0,0,0.0007567592359024927,0.0,0.0,0.0006130554052780219,0.0,-0.0007567592359024927
SP,cacapava,65,11022.2,0,0.0,0,0.0007452931868736671,0.0,0.0,0.000763466353327068,0.0,-0.0007452931868736671
SP,jandira,65,8433.39,0,0.0,0,0.0007452931868736671,0.0,0.0,0.0005841492178952442,0.0,-0.0007452931868736671
SP,mogi mirim,65,9390.53,0,0.0,0,0.0007452931868736671,0.0,0.0,0.0006504467070919083,0.0,-0.0007452931868736671
SP,barretos,64,9812.04,0,0.0,0,0.0007338271378448414,0.0,0.0,0.00067964312002135,0.0,-0.0007338271378448414
SP,catanduva,64,10299.4,0,0.0,0,0.0007338271378448414,0.0,0.0,0.0007134007148715142,0.0,-0.0007338271378448414
SP,pirassununga,64,9443.15,0,0.0,0,0.0007338271378448414,0.0,0.0,0.000654091496654071,0.0,-0.0007338271378448414
SP,aruja,63,7982.84,0,0.0,0,0.0007223610888160158,0.0,0.0,0.0005529413133488279,0.0,-0.0007223610888160158
AC,rio branco,62,16229.58,0,0.0,0,0.0007108950397871902,0.0,0.0,0.0011241619875006729,0.0,-0.0007108950397871902
PR,pinhais,62,9372.23,0,0.0,0,0.0007108950397871902,0.0,0.0,0.000649179134895261,0.0,-0.0007108950397871902
ES,guarapari,61,11740.58,0,0.0,0,0.0006994289907583644,0.0,0.0,0.0008132258350006993,0.0,-0.0006994289907583644
MG,manhuacu,61,9680.33,0,0.0,0,0.0006994289907583644,0.0,0.0,0.0006705200635175025,0.0,-0.0006994289907583644
PB,campina grande,61,19070.43,0,0.0,0,0.0006994289907583644,0.0,0.0,0.0013209369861261016,0.0,-0.0006994289907583644
MG,sao joao del rei,60,9144.7,0,0.0,0,0.0006879629417295388,0.0,0.0,0.0006334189872502803,0.0,-0.0006879629417295388
GO,rio verde,59,10817.64,0,0.0,0,0.0006764968927007132,0.0,0.0,0.0007492972512207203,0.0,-0.0006764968927007132
MG,caratinga,59,10959.01,0,0.0,0,0.0006764968927007132,0.0,0.0,0.000759089419605421,0.0,-0.0006764968927007132
MG,muriae,59,12110.54,0,0.0,0,0.0006764968927007132,0.0,0.0,0.00083885157324505,0.0,-0.0006764968927007132
PE,caruaru,59,11165.37,0,0.0,0,0.0006764968927007132,0.0,0.0,0.0007733832009442258,0.0,-0.0006764968927007132
RS,santa cruz do sul,59,11837.61,0,0.0,0,0.0006764968927007132,0.0,0.0,0.00081994673829254,0.0,-0.0006764968927007132
SP,jaguariuna,59,9626.06,0,0.0,0,0.0006764968927007132,0.0,0.0,0.0006667609846589207,0.0,-0.0006764968927007132
PE,petrolina,58,15593.08,0,0.0,0,0.0006650308436718875,0.0,0.0,0.0010800740255790349,0.0,-0.0006650308436718875
RS,bage,58,10076.16,0,0.0,0,0.0006650308436718875,0.0,0.0,0.0006979377193972228,0.0,-0.0006650308436718875
SP,avare,58,9281.1,0,0.0,0,0.0006650308436718875,0.0,0.0,0.0006428669024209188,0.0,-0.0006650308436718875
SP,sertaozinho,58,7691.65,0,0.0,0,0.0006650308436718875,0.0,0.0,0.0005327716768492808,0.0,-0.0006650308436718875
ES,colatina,57,7507.85,0,0.0,0,0.0006535647946430619,0.0,0.0,0.0005200405418906051,0.0,-0.0006535647946430619
ES,linhares,57,11763.25,0,0.0,0,0.0006535647946430619,0.0,0.0,0.0008147961006672563,0.0,-0.0006535647946430619
MS,dourados,57,10310.18,0,0.0,0,0.0006535647946430619,0.0,0.0,0.0007141474049414518,0.0,-0.0006535647946430619
PR,guarapuava,57,9444.38,0,0.0,0,0.0006535647946430619,0.0,0.0,0.0006541766941295834,0.0,-0.0006535647946430619
SP,votuporanga,57,9516.05,0,0.0,0,0.0006535647946430619,0.0,0.0,0.0006591410055685838,0.0,-0.0006535647946430619
BA,camacari,56,8391.94,0,0.0,0,0.0006420987456142363,0.0,0.0,0.0005812781322367182,0.0,-0.0006420987456142363
PR,colombo,56,8937.56,0,0.0,0,0.0006420987456142363,0.0,0.0,0.0006190711782440774,0.0,-0.0006420987456142363
BA,itabuna,55,9130.130000000001,0,0.0,0,0.0006306326965854106,0.0,0.0,0.0006324097781297802,0.0,-0.0006306326965854106
MG,paracatu,54,9622.36,0,0.0,0,0.000619166647556585,0.0,0.0,0.0006665046995699811,0.0,-0.000619166647556585
MT,rondonopolis,54,11787.1,0,0.0,0,0.000619166647556585,0.0,0.0,0.0008164481004973129,0.0,-0.000619166647556585
SC,brusque,54,8706.7,0,0.0,0,0.000619166647556585,0.0,0.0,0.000603080374019051,0.0,-0.000619166647556585
GO,jatai,53,11289.72,0,0.0,0,0.0006077005985277593,0.0,0.0,0.0007819964579198042,0.0,-0.0006077005985277593
MG,ouro preto,53,8101.61,0,0.0,0,0.0006077005985277593,0.0,0.0,0.0005611680647037893,0.0,-0.0006077005985277593
RN,parnamirim,53,7127.27,0,0.0,0,0.0006077005985277593,0.0,0.0,0.0004936791961747576,0.0,-0.0006077005985277593
SC,tubarao,53,11563.39,0,0.0,0,0.0006077005985277593,0.0,0.0,0.0008009525498901022,0.0,-0.0006077005985277593
SP,sao sebastiao,53,8606.2,0,0.0,0,0.0006077005985277593,0.0,0.0,0.0005961191168735292,0.0,-0.0006077005985277593
MG,lagoa santa,52,9315.52,0,0.0,0,0.0005962345494989336,0.0,0.0,0.0006452510464104597,0.0,-0.0005962345494989336
PR,campo mourao,52,8393.02,0,0.0,0,0.0005962345494989336,0.0,0.0,0.0005813529397761925,0.0,-0.0005962345494989336
SP,amparo,52,11575.199999999999,0,0.0,0,0.0005962345494989336,0.0,0.0,0.0008017705841875013,0.0,-0.0005962345494989336
SP,cruzeiro,52,7270.09,0,0.0,0,0.0005962345494989336,0.0,0.0,0.0005035718006078263,0.0,-0.0005962345494989336
MG,araguari,51,11855.05,0,0.0,0,0.000584768500470108,0.0,0.0,0.0008211547415225687,0.0,-0.000584768500470108
RJ,itaborai,51,7504.06,0,0.0,0,0.000584768500470108,0.0,0.0,0.0005197780228400426,0.0,-0.000584768500470108
RS,erechim,51,7612.99,0,0.0,0,0.000584768500470108,0.0,0.0,0.0005273231943909052,0.0,-0.000584768500470108
AP,macapa,50,13287.64,0,0.0,0,0.0005733024514412824,0.0,0.0,0.0009203848646479724,0.0,-0.0005733024514412824
PR,paranagua,50,8136.21,0,0.0,0,0.0005733024514412824,0.0,0.0,0.0005635646766165759,0.0,-0.0005733024514412824
RJ,queimados,50,6737.81,0,0.0,0,0.0005733024514412824,0.0,0.0,0.00046670276624545483,0.0,-0.0005733024514412824
BA,barreiras,49,12001.539999999999,0,0.0,0,0.0005618364024124567,0.0,0.0,0.0008313015530573695,0.0,-0.0005618364024124567
MG,uba,49,7179.2,0,0.0,0,0.0005618364024124567,0.0,0.0,0.000497276192031145,0.0,-0.0005618364024124567
MG,unai,49,7078.13,0,0.0,0,0.0005618364024124567,0.0,0.0,0.0004902754531286784,0.0,-0.0005618364024124567
SP,fernandopolis,49,8158.74,0,0.0,0,0.0005618364024124567,0.0,0.0,0.0005651252450094974,0.0,-0.0005618364024124567
SP,lins,49,9093.91,0,0.0,0,0.0005618364024124567,0.0,0.0,0.0006299009549077822,0.0,-0.0005618364024124567
MG,itauna,48,8420.539999999999,0,0.0,0,0.0005503703533836311,0.0,0.0,0.000583259146707981,0.0,-0.0005503703533836311
SP,bebedouro,48,5929.64,0,0.0,0,0.0005503703533836311,0.0,0.0,0.00041072386885942147,0.0,-0.0005503703533836311
SP,itapira,48,7794.91,0,0.0,0,0.0005503703533836311,0.0,0.0,0.0005399241088179035,0.0,-0.0005503703533836311
MG,nova serrana,47,8077.42,0,0.0,0,0.0005389043043548055,0.0,0.0,0.0005594925143520464,0.0,-0.0005389043043548055
RS,bento goncalves,47,7534.9,0,0.0,0,0.0005389043043548055,0.0,0.0,0.0005219141936894743,0.0,-0.0005389043043548055
RS,ijui,47,6524.75,0,0.0,0,0.0005389043043548055,0.0,0.0,0.0004519449010969486,0.0,-0.0005389043043548055
SP,cosmopolis,47,7469.37,0,0.0,0,0.0005389043043548055,0.0,0.0,0.0005173751769656332,0.0,-0.0005389043043548055
SP,itapeva,47,7088.04,0,0.0,0,0.0005389043043548055,0.0,0.0,0.000490961881569595,0.0,-0.0005389043043548055
MG,timoteo,46,8632.68,0,0.0,0,0.0005274382553259797,0.0,0.0,0.0005979532869154537,0.0,-0.0005274382553259797
RS,alvorada,46,6823.8,0,0.0,0,0.0005274382553259797,0.0,0.0,0.0004726589702448918,0.0,-0.0005274382553259797
SP,jaboticabal,46,6245.38,0,0.0,0,0.0005274382553259797,0.0,0.0,0.0004325939915572031,0.0,-0.0005274382553259797
SP,matao,46,7142.22,0,0.0,0,0.0005274382553259797,0.0,0.0,0.0004947147264665541,0.0,-0.0005274382553259797
SP,tupa,46,6687.02,0,0.0,0,0.0005274382553259797,0.0,0.0,0.0004631847339029568,0.0,-0.0005274382553259797
PR,apucarana,45,7749.78,0,0.0,0,0.0005159722062971541,0.0,0.0,0.0005367981233952427,0.0,-0.0005159722062971541
PR,francisco beltrao,45,8173.53,0,0.0,0,0.0005159722062971541,0.0,0.0,0.0005661496927028533,0.0,-0.0005159722062971541
RJ,barra do pirai,45,5957.54,0,0.0,0,0.0005159722062971541,0.0,0.0,0.0004126563969625066,0.0,-0.0005159722062971541
RS,lajeado,45,9271.4,0,0.0,0,0.0005159722062971541,0.0,0.0,0.0006421950198904554,0.0,-0.0005159722062971541
SC,concordia,45,6799.42,0,0.0,0,0.0005159722062971541,0.0,0.0,0.0004709702593075006,0.0,-0.0005159722062971541
MG,joao monlevade,44,7282.31,0,0.0,0,0.0005045061572683285,0.0,0.0,0.0005044182340637296,0.0,-0.0005045061572683285
PR,pato branco,44,9328.56,0,0.0,0,0.0005045061572683285,0.0,0.0,0.0006461542781833711,0.0,-0.0005045061572683285
SP,bertioga,44,10363.71,0,0.0,0,0.0005045061572683285,0.0,0.0,0.0007178552267822455,0.0,-0.0005045061572683285
SP,campo limpo paulista,44,5471.06,0,0.0,0,0.0005045061572683285,0.0,0.0,0.0003789597564037659,0.0,-0.0005045061572683285
SP,leme,44,8342.86,0,0.0,0,0.0005045061572683285,0.0,0.0,0.0005778785451650544,0.0,-0.0005045061572683285
PR,araucaria,43,5337.58,0,0.0,0,0.0004930401082395028,0.0,0.0,0.0003697140986546689,0.0,-0.0004930401082395028
RJ,itaguai,43,6890.83,0,0.0,0,0.0004930401082395028,0.0,0.0,0.00047730188632911396,0.0,-0.0004930401082395028
RS,uruguaiana,43,4702.8,0,0.0,0,0.0004930401082395028,0.0,0.0,0.00032574527466626765,0.0,-0.0004930401082395028
SC,sao bento do sul,43,5973.99,0,0.0,0,0.0004930401082395028,0.0,0.0,0.00041379582661468404,0.0,-0.0004930401082395028
SC,videira,43,9117.17,0,0.0,0,0.0004930401082395028,0.0,0.0,0.000631512087656089,0.0,-0.0004930401082395028
SP,boituva,43,7459.44,0,0.0,0,0.0004930401082395028,0.0,0.0,0.0005166873631999114,0.0,-0.0004930401082395028
SP,registro,43,6611.66,0,0.0,0,0.0004930401082395028,0.0,0.0,0.0004579648300374192,0.0,-0.0004930401082395028
MG,ituiutaba,42,6262.29,0,0.0,0,0.0004815740592106772,0.0,0.0,0.00043376528367989735,0.0,-0.0004815740592106772
PR,paranavai,42,7736.63,0,0.0,0,0.0004815740592106772,0.0,0.0,0.0005358872723359034,0.0,-0.0004815740592106772
RJ,sao pedro da aldeia,42,5488.7,0,0.0,0,0.0004815740592106772,0.0,0.0,0.00038018161288184553,0.0,-0.0004815740592106772
SP,embu-guacu,42,6493.3099999999995,0,0.0,0,0.0004815740592106772,0.0,0.0,0.0004497671705033644,0.0,-0.0004815740592106772
SP,louveira,42,5615.73,0,0.0,0,0.0004815740592106772,0.0,0.0,0.00038898050338130455,0.0,-0.0004815740592106772
SP,sao jose do rio pardo,42,5971.05,0,0.0,0,0.0004815740592106772,0.0,0.0,0.0004135921838683375,0.0,-0.0004815740592106772
BA,juazeiro,41,8491.02,0,0.0,0,0.0004701080101818515,0.0,0.0,0.0005881410313210793,0.0,-0.0004701080101818515
ES,sao mateus,41,6616.32,0,0.0,0,0.0004701080101818515,0.0,0.0,0.0004582876107170026,0.0,-0.0004701080101818515
PA,santarem,41,7068.57,0,0.0,0,0.0004701080101818515,0.0,0.0,0.0004896132678718506,0.0,-0.0004701080101818515
RS,santo angelo,41,6244.72,0,0.0,0,0.0004701080101818515,0.0,0.0,0.0004325482758386355,0.0,-0.0004701080101818515
SP,itupeva,41,5813.35,0,0.0,0,0.0004701080101818515,0.0,0.0,0.00040266889778028985,0.0,-0.0004701080101818515
MG,alfenas,40,6348.13,0,0.0,0,0.0004586419611530259,0.0,0.0,0.0004397110977432963,0.0,-0.0004586419611530259
MG,curvelo,40,6406.88,0,0.0,0,0.0004586419611530259,0.0,0.0,0.00044378048935821574,0.0,-0.0004586419611530259
MG,passos,40,4838.07,0,0.0,0,0.0004586419611530259,0.0,0.0,0.0003351149189854192,0.0,-0.0004586419611530259
MG,patrocinio,40,7593.88,0,0.0,0,0.0004586419611530259,0.0,0.0,0.0005259995165396523,0.0,-0.0004586419611530259
MS,tres lagoas,40,8323.34,0,0.0,0,0.0004586419611530259,0.0,0.0,0.0005765264681552974,0.0,-0.0004586419611530259
RJ,itaperuna,40,6134.48,0,0.0,0,0.0004586419611530259,0.0,0.0,0.0004249123655130402,0.0,-0.0004586419611530259
SP,lencois paulista,40,6792.6,0,0.0,0,0.0004586419611530259,0.0,0.0,0.00047049786354896867,0.0,-0.0004586419611530259
MA,imperatriz,39,9144.78,0,0.0,0,0.00044717591212420024,0.0,0.0,0.0006334245285495006,0.0,-0.00044717591212420024
MG,ibirite,39,7717.82,0,0.0,0,0.00044717591212420024,0.0,0.0,0.0005345843743567266,0.0,-0.00044717591212420024
MG,pedro leopoldo,39,5804.56,0,0.0,0,0.00044717591212420024,0.0,0.0,0.00040206004752845766,0.0,-0.00044717591212420024
PE,paulista,39,6922.0,0,0.0,0,0.00044717591212420024,0.0,0.0,0.0004794609150378295,0.0,-0.00044717591212420024
RR,boa vista,39,8867.83,0,0.0,0,0.00044717591212420024,0.0,0.0,0.0006142412433111696,0.0,-0.00044717591212420024
SC,cacador,39,5406.54,0,0.0,0,0.00044717591212420024,0.0,0.0,0.00037449069858258116,0.0,-0.00044717591212420024
SC,itapema,39,6125.62,0,0.0,0,0.00044717591212420024,0.0,0.0,0.0004242986666243902,0.0,-0.00044717591212420024
SP,ilhabela,39,3506.58,0,0.0,0,0.00044717591212420024,0.0,0.0,0.0002428876127496897,0.0,-0.00044717591212420024
MG,ponte nova,38,7823.69,0,0.0,0,0.0004357098630953746,0.0,0.0,0.0005419175912124121,0.0,-0.0004357098630953746
MG,sabara,38,4984.98,0,0.0,0,0.0004357098630953746,0.0,0.0,0.0003452908223411267,0.0,-0.0004357098630953746
MG,tres coracoes,38,5234.23,0,0.0,0,0.0004357098630953746,0.0,0.0,0.0003625554327244233,0.0,-0.0004357098630953746
MG,vespasiano,38,4788.26,0,0.0,0,0.0004357098630953746,0.0,0.0,0.00033166476755837007,0.0,-0.0004357098630953746
MT,sinop,38,7055.08,0,0.0,0,0.0004357098630953746,0.0,0.0,0.000488678866290825,0.0,-0.0004357098630953746
SP,mongagua,38,5910.99,0,0.0,0,0.0004357098630953746,0.0,0.0,0.00040943205347868534,0.0,-0.0004357098630953746
SP,peruibe,38,7164.8,0,0.0,0,0.0004357098630953746,0.0,0.0,0.0004962787581714881,0.0,-0.0004357098630953746
BA,paulo afonso,37,7440.58,0,0.0,0,0.00042424381406654896,0.0,0.0,0.000515381001908722,0.0,-0.00042424381406654896
MG,bom despacho,37,5447.87,0,0.0,0,0.00042424381406654896,0.0,0.0,0.0003773534722922768,0.0,-0.00042424381406654896
MG,coronel fabriciano,37,4676.24,0,0.0,0,0.00042424381406654896,0.0,0.0,0.00032390556332512275,0.0,-0.00042424381406654896
RJ,saquarema,37,5311.64,0,0.0,0,0.00042424381406654896,0.0,0.0,0.0003679173323824815,0.0,-0.00042424381406654896
RS,capao da canoa,37,5420.62,0,0.0,0,0.00042424381406654896,0.0,0.0,0.00037546596724535674,0.0,-0.00042424381406654896
RS,esteio,37,6819.26,0,0.0,0,0.00042424381406654896,0.0,0.0,0.0004723445015141389,0.0,-0.00042424381406654896
SP,vargem grande paulista,37,4955.96,0,0.0,0,0.00042424381406654896,0.0,0.0,0.00034328071604895717,0.0,-0.00042424381406654896
ES,aracruz,36,4884.88,0,0.0,0,0.0004127777650377233,0.0,0.0,0.0003383572716917065,0.0,-0.0004127777650377233
GO,caldas novas,36,6204.57,0,0.0,0,0.0004127777650377233,0.0,0.0,0.00042976723629243945,0.0,-0.0004127777650377233
MG,pirapora,36,7139.07,0,0.0,0,0.0004127777650377233,0.0,0.0,0.0004944965378097541,0.0,-0.0004127777650377233
PR,umuarama,36,6301.29,0,0.0,0,0.0004127777650377233,0.0,0.0,0.00043646666704980135,0.0,-0.0004127777650377233
RJ,tres rios,36,8014.46,0,0.0,0,0.0004127777650377233,0.0,0.0,0.0005551315118656578,0.0,-0.0004127777650377233
RS,sapucaia do sul,36,5964.19,0,0.0,0,0.0004127777650377233,0.0,0.0,0.00041311701746019535,0.0,-0.0004127777650377233
BA,porto seguro,35,11614.94,0,0.0,0,0.00040131171600889763,0.0,0.0,0.0008045232245751933,0.0,-0.00040131171600889763
MG,ouro branco,35,5041.12,0,0.0,0,0.00040131171600889763,0.0,0.0,0.0003491794290689834,0.0,-0.00040131171600889763
MT,varzea grande,35,7566.23,0,0.0,0,0.00040131171600889763,0.0,0.0,0.0005240843049966306,0.0,-0.00040131171600889763
PR,cianorte,35,5415.75,0,0.0,0,0.00040131171600889763,0.0,0.0,0.00037512864065532004,0.0,-0.00040131171600889763
SC,sao miguel do oeste,35,6398.42,0,0.0,0,0.00040131171600889763,0.0,0.0,0.0004431944969656673,0.0,-0.00040131171600889763
SP,andradina,35,6659.0,0,0.0,0,0.00040131171600889763,0.0,0.0,0.00046124389385104116,0.0,-0.00040131171600889763
TO,araguaina,35,8819.47,0,0.0,0,0.00040131171600889763,0.0,0.0,0.0006108915279324885,0.0,-0.00040131171600889763
BA,guanambi,34,4295.07,0,0.0,0,0.000389845666980072,0.0,0.0,0.0002975033505275253,0.0,-0.000389845666980072
BA,luis eduardo magalhaes,34,9346.8,0,0.0,0,0.000389845666980072,0.0,0.0,0.0006474176944056031,0.0,-0.000389845666980072
GO,itumbiara,34,6412.56,0,0.0,0,0.000389845666980072,0.0,0.0,0.0004441739216028582,0.0,-0.000389845666980072
MG,extrema,34,4816.43,0,0.0,0,0.000389845666980072,0.0,0.0,0.0003336159975463238,0.0,-0.000389845666980072
RJ,japeri,34,5682.83,0,0.0,0,0.000389845666980072,0.0,0.0,0.0003936282681023445,0.0,-0.000389845666980072
SP,artur nogueira,34,5883.79,0,0.0,0,0.000389845666980072,0.0,0.0,0.00040754801174377797,0.0,-0.000389845666980072
SP,nova odessa,34,4486.84,0,0.0,0,0.000389845666980072,0.0,0.0,0.000310786537421025,0.0,-0.000389845666980072
SP,olimpia,34,6161.05,0,0.0,0,0.000389845666980072,0.0,0.0,0.0004267527695165876,0.0,-0.000389845666980072
SP,penapolis,34,5258.3,0,0.0,0,0.000389845666980072,0.0,0.0,0.00036422267112733587,0.0,-0.000389845666980072
SP,tiete,34,4572.14,0,0.0,0,0.000389845666980072,0.0,0.0,0.0003166949477146868,0.0,-0.000389845666980072
SP,tremembe,34,5214.31,0,0.0,0,0.000389845666980072,0.0,0.0,0.00036117564921856474,0.0,-0.000389845666980072
BA,eunapolis,33,7551.26,0,0.0,0,0.00037837961795124636,0.0,0.0,0.000523047389380029,0.0,-0.00037837961795124636
BA,jequie,33,5610.43,0,0.0,0,0.00037837961795124636,0.0,0.0,0.0003886133923079587,0.0,-0.00037837961795124636
GO,valparaiso de goias,33,6009.29,0,0.0,0,0.00037837961795124636,0.0,0.0,0.0004162409248956484,0.0,-0.00037837961795124636
MG,para de minas,33,7793.34,0,0.0,0,0.00037837961795124636,0.0,0.0,0.0005398153608207047,0.0,-0.00037837961795124636
MG,sao sebastiao do paraiso,33,5364.36,0,0.0,0,0.00037837961795124636,0.0,0.0,0.00037156904856866963,0.0,-0.00037837961795124636
PR,almirante tamandare,33,4822.16,0,0.0,0,0.00037837961795124636,0.0,0.0,0.0003340128931029789,0.0,-0.00037837961795124636
RJ,paracambi,33,7254.91,0,0.0,0,0.00037837961795124636,0.0,0.0,0.0005025203390807714,0.0,-0.00037837961795124636
RS,alegrete,33,5200.65,0,0.0,0,0.00037837961795124636,0.0,0.0,0.00036022947237669575,0.0,-0.00037837961795124636
RS,campo bom,33,4712.17,0,0.0,0,0.00037837961795124636,0.0,0.0,0.00032639429933744717,0.0,-0.00037837961795124636
SP,monte mor,33,4406.75,0,0.0,0,0.00037837961795124636,0.0,0.0,0.0003052390042390863,0.0,-0.00037837961795124636
SP,pedreira,33,3351.03,0,0.0,0,0.00037837961795124636,0.0,0.0,0.00023211324907818808,0.0,-0.00037837961795124636
BA,alagoinhas,32,6241.54,0,0.0,0,0.0003669135689224207,0.0,0.0,0.0004323280091946279,0.0,-0.0003669135689224207
CE,caucaia,32,6535.04,0,0.0,0,0.0003669135689224207,0.0,0.0,0.0004526576507091617,0.0,-0.0003669135689224207
CE,sobral,32,12312.73,0,0.0,0,0.0003669135689224207,0.0,0.0,0.0008528565143619957,0.0,-0.0003669135689224207
GO,formosa,32,5919.61,0,0.0,0,0.0003669135689224207,0.0,0.0,0.00041002912846967437,0.0,-0.0003669135689224207
PR,campo largo,32,4161.73,0,0.0,0,0.0003669135689224207,0.0,0.0,0.00028826739005206387,0.0,-0.0003669135689224207
RJ,seropedica,32,5256.35,0,0.0,0,0.0003669135689224207,0.0,0.0,0.0003640876019588407,0.0,-0.0003669135689224207
RN,mossoro,32,5981.55,0,0.0,0,0.0003669135689224207,0.0,0.0,0.00041431947939100396,0.0,-0.0003669135689224207
SP,adamantina,32,5876.84,0,0.0,0,0.0003669135689224207,0.0,0.0,0.00040706661137401303,0.0,-0.0003669135689224207
CE,juazeiro do norte,31,8138.34,0,0.0,0,0.0003554475198935951,0.0,0.0,0.0005637122137083168,0.0,-0.0003554475198935951
MG,mariana,31,5070.88,0,0.0,0,0.0003554475198935951,0.0,0.0,0.0003512407923789409,0.0,-0.0003554475198935951
MG,santa rita do sapucai,31,4360.35,0,0.0,0,0.0003554475198935951,0.0,0.0,0.00030202505069130313,0.0,-0.0003554475198935951
RJ,vassouras,31,4977.99,0,0.0,0,0.0003554475198935951,0.0,0.0,0.00034480665132175165,0.0,-0.0003554475198935951
RS,osorio,31,6281.97,0,0.0,0,0.0003554475198935951,0.0,0.0,0.00043512844328809505,0.0,-0.0003554475198935951
SC,imbituba,31,3671.93,0,0.0,0,0.0003554475198935951,0.0,0.0,0.00025434078557568006,0.0,-0.0003554475198935951
SC,rio do sul,31,5351.16,0,0.0,0,0.0003554475198935951,0.0,0.0,0.0003706547341973175,0.0,-0.0003554475198935951
SP,capivari,31,5311.5,0,0.0,0,0.0003554475198935951,0.0,0.0,0.00036790763510884594,0.0,-0.0003554475198935951
SP,santa cruz do rio pardo,31,2676.05,0,0.0,0,0.0003554475198935951,0.0,0.0,0.00018535992223157812,0.0,-0.0003554475198935951
SP,taquaritinga,31,5177.41,0,0.0,0,0.0003554475198935951,0.0,0.0,0.000358619724953194,0.0,-0.0003554475198935951
BA,valenca,30,7210.81,0,0.0,0,0.0003439814708647694,0.0,0.0,0.0004994656978855723,0.0,-0.0003439814708647694
MG,formiga,30,4891.83,0,0.0,0,0.0003439814708647694,0.0,0.0,0.00033883867206147147,0.0,-0.0003439814708647694
PE,camaragibe,30,3360.73,0,0.0,0,0.0003439814708647694,0.0,0.0,0.00023278513160865136,0.0,-0.0003439814708647694
PR,arapongas,30,7009.39,0,0.0,0,0.0003439814708647694,0.0,0.0,0.00048551409177362205,0.0,-0.0003439814708647694
PR,telemaco borba,30,5082.67,0,0.0,0,0.0003439814708647694,0.0,0.0,0.000352057441351535,0.0,-0.0003439814708647694
RS,montenegro,30,5529.96,0,0.0,0,0.0003439814708647694,0.0,0.0,0.00038303953795472347,0.0,-0.0003439814708647694
SP,guaira,30,4028.3199999999997,0,0.0,0,0.0003439814708647694,0.0,0.0,0.00027902658093978465,0.0,-0.0003439814708647694
SP,monte alto,30,2773.52,0,0.0,0,0.0003439814708647694,0.0,0.0,0.00019211130266913044,0.0,-0.0003439814708647694
SP,santa fe do sul,30,4350.76,0,0.0,0,0.0003439814708647694,0.0,0.0,0.00030136078744726774,0.0,-0.0003439814708647694
GO,luziania,29,3954.05,0,0.0,0,0.00033251542183594375,0.0,0.0,0.00027388217727612393,0.0,-0.00033251542183594375
MG,cataguases,29,4709.95,0,0.0,0,0.00033251542183594375,0.0,0.0,0.00032624052828408336,0.0,-0.00033251542183594375
MG,guaxupe,29,5235.5,0,0.0,0,0.00033251542183594375,0.0,0.0,0.00036264340084954583,0.0,-0.00033251542183594375
MG,sao lourenco,29,4904.63,0,0.0,0,0.00033251542183594375,0.0,0.0,0.000339725279936722,0.0,-0.00033251542183594375
RS,cachoeira do sul,29,5179.4400000000005,0,0.0,0,0.00033251542183594375,0.0,0.0,0.00035876033542090954,0.0,-0.00033251542183594375
SP,mirassol,29,6383.33,0,0.0,0,0.00033251542183594375,0.0,0.0,0.0004421492694002352,0.0,-0.00033251542183594375
SP,mococa,29,6342.93,0,0.0,0,0.00033251542183594375,0.0,0.0,0.00043935091329397574,0.0,-0.00033251542183594375
SP,promissao,29,4658.56,0,0.0,0,0.00033251542183594375,0.0,0.0,0.000322680936197433,0.0,-0.00033251542183594375
SP,sao joaquim da barra,29,4537.22,0,0.0,0,0.00033251542183594375,0.0,0.0,0.00031427617060501893,0.0,-0.00033251542183594375
MG,piumhii,28,4454.11,0,0.0,0,0.00032104937280711814,0.0,0.0,0.00030851945337751326,0.0,-0.00032104937280711814
RS,gramado,28,3627.31,0,0.0,0,0.00032104937280711814,0.0,0.0,0.0002512501259355489,0.0,-0.00032104937280711814
SC,navegantes,28,7344.22,0,0.0,0,0.00032104937280711814,0.0,0.0,0.0005087065069978515,0.0,-0.00032104937280711814
AL,arapiraca,27,9739.12,0,0.0,0,0.0003095833237782925,0.0,0.0,0.0006745922257820322,0.0,-0.0003095833237782925
BA,teixeira de freitas,27,4143.1,0,0.0,0,0.0003095833237782925,0.0,0.0,0.00028697695999613287,0.0,-0.0003095833237782925
GO,catalao,27,6069.400000000001,0,0.0,0,0.0003095833237782925,0.0,0.0,0.0004204045185973133,0.0,-0.0003095833237782925
MG,alem paraiba,27,3456.63,0,0.0,0,0.0003095833237782925,0.0,0.0,0.000239427764049005,0.0,-0.0003095833237782925
MG,congonhas,27,3506.2599999999998,0,0.0,0,0.0003095833237782925,0.0,0.0,0.00024286544755280844,0.0,-0.0003095833237782925
MG,diamantina,27,2907.93,0,0.0,0,0.0003095833237782925,0.0,0.0,0.0002014213780216636,0.0,-0.0003095833237782925
MT,primavera do leste,27,7092.91,0,0.0,0,0.0003095833237782925,0.0,0.0,0.0004912992081596318,0.0,-0.0003095833237782925
PR,fazenda rio grande,27,5053.91,0,0.0,0,0.0003095833237782925,0.0,0.0,0.0003500653442818314,0.0,-0.0003095833237782925
RJ,miguel pereira,27,4342.29,0,0.0,0,0.0003095833237782925,0.0,0.0,0.00030077410239231676,0.0,-0.0003095833237782925
RJ,santo antonio de padua,27,5365.71,0,0.0,0,0.0003095833237782925,0.0,0.0,0.00037166255799301245,0.0,-0.0003095833237782925
RS,cruz alta,27,3376.7,0,0.0,0,0.0003095833237782925,0.0,0.0,0.0002338913134655069,0.0,-0.0003095833237782925
RS,santa rosa,27,3258.84,0,0.0,0,0.0003095833237782925,0.0,0.0,0.0002257275943891766,0.0,-0.0003095833237782925
SC,canoinhas,27,5291.02,0,0.0,0,0.0003095833237782925,0.0,0.0,0.0003664890625084451,0.0,-0.0003095833237782925
SC,tijucas,27,4144.17,0,0.0,0,0.0003095833237782925,0.0,0.0,0.00028705107487320456,0.0,-0.0003095833237782925
SP,cerquilho,27,3675.61,0,0.0,0,0.0003095833237782925,0.0,0.0,0.0002545956853398146,0.0,-0.0003095833237782925
SP,garca,27,3468.68,0,0.0,0,0.0003095833237782925,0.0,0.0,0.00024026242224406508,0.0,-0.0003095833237782925
SP,ibiuna,27,3877.67,0,0.0,0,0.0003095833237782925,0.0,0.0,0.00026859162184552737,0.0,-0.0003095833237782925
SP,itapolis,27,3932.29,0,0.0,0,0.0003095833237782925,0.0,0.0,0.000272374943888198,0.0,-0.0003095833237782925
BA,santo antonio de jesus,26,4845.3099999999995,0,0.0,0,0.0002981172747494668,0.0,0.0,0.0003356164065648578,0.0,-0.0002981172747494668
CE,maracanau,26,5636.71,0,0.0,0,0.0002981172747494668,0.0,0.0,0.0003904337091018324,0.0,-0.0002981172747494668
MG,itabirito,26,4385.54,0,0.0,0,0.0002981172747494668,0.0,0.0,0.00030376986728330004,0.0,-0.0002981172747494668
MS,corumba,26,5191.85,0,0.0,0,0.0002981172747494668,0.0,0.0,0.00035961992946246103,0.0,-0.0002981172747494668
PR,uniao da vitoria,26,5924.32,0,0.0,0,0.0002981172747494668,0.0,0.0,0.00041035537246127043,0.0,-0.0002981172747494668
RJ,rio bonito,26,4946.29,0,0.0,0,0.0002981172747494668,0.0,0.0,0.0003426109115057015,0.0,-0.0002981172747494668
RJ,valenca,26,4445.96,0,0.0,0,0.0002981172747494668,0.0,0.0,0.0003079549335194436,0.0,-0.0002981172747494668
SC,joacaba,26,5233.09,0,0.0,0,0.0002981172747494668,0.0,0.0,0.00036247646921053385,0.0,-0.0002981172747494668
SC,xanxere,26,4827.74,0,0.0,0,0.0002981172747494668,0.0,0.0,0.0003343993987235959,0.0,-0.0002981172747494668
SP,dracena,26,5090.21,0,0.0,0,0.0002981172747494668,0.0,0.0,0.00035257970880304973,0.0,-0.0002981172747494668
MG,brumadinho,25,2681.38,0,0.0,0,0.0002866512257206412,0.0,0.0,0.00018572911129213166,0.0,-0.0002866512257206412
PR,cambe,25,4454.04,0,0.0,0,0.0002866512257206412,0.0,0.0,0.0003085146047406955,0.0,-0.0002866512257206412
PR,dois vizinhos,25,2881.38,0,0.0,0,0.0002866512257206412,0.0,0.0,0.0001995823593429213,0.0,-0.0002866512257206412
RJ,armacao dos buzios,25,5326.34,0,0.0,0,0.0002866512257206412,0.0,0.0,0.00036893554611421454,0.0,-0.0002866512257206412
RS,guaiba,25,5148.18,0,0.0,0,0.0002866512257206412,0.0,0.0,0.0003565950727505711,0.0,-0.0002866512257206412
RS,santiago,25,2874.03,0,0.0,0,0.0002866512257206412,0.0,0.0,0.0001990732524770548,0.0,-0.0002866512257206412
SC,camboriu,25,3564.14,0,0.0,0,0.0002866512257206412,0.0,0.0,0.00024687457753870697,0.0,-0.0002866512257206412
SC,indaial,25,3957.34,0,0.0,0,0.0002866512257206412,0.0,0.0,0.00027411006320655944,0.0,-0.0002866512257206412
SP,ituverava,25,3889.8,0,0.0,0,0.0002866512257206412,0.0,0.0,0.0002694318213398078,0.0,-0.0002866512257206412
SP,porto ferreira,25,2130.07,0,0.0,0,0.0002866512257206412,0.0,0.0,0.00014754194037772749,0.0,-0.0002866512257206412
SP,santa isabel,25,3129.48,0,0.0,0,0.0002866512257206412,0.0,0.0,0.00021676731354992586,0.0,-0.0002866512257206412
MG,arcos,24,5989.36,0,0.0,0,0.00027518517669181553,0.0,0.0,0.00041486044872738725,0.0,-0.00027518517669181553
MT,barra do garcas,24,4924.29,0,0.0,0,0.00027518517669181553,0.0,0.0,0.0003410870542201146,0.0,-0.00027518517669181553
PA,altamira,24,5985.36,0,0.0,0,0.00027518517669181553,0.0,0.0,0.00041458338376637144,0.0,-0.00027518517669181553
PA,parauapebas,24,5634.15,0,0.0,0,0.00027518517669181553,0.0,0.0,0.00039025638752678227,0.0,-0.00027518517669181553
PR,marechal candido rondon,24,3587.62,0,0.0,0,0.00027518517669181553,0.0,0.0,0.00024850094885986966,0.0,-0.00027518517669181553
RJ,arraial do cabo,24,6329.66,0,0.0,0,0.00027518517669181553,0.0,0.0,0.00043843175028580585,0.0,-0.00027518517669181553
RS,farroupilha,24,3446.44,0,0.0,0,0.00027518517669181553,0.0,0.0,0.00023872194106081728,0.0,-0.00027518517669181553
RS,tramandai,24,3119.64,0,0.0,0,0.00027518517669181553,0.0,0.0,0.00021608573374582698,0.0,-0.00027518517669181553
SC,gaspar,24,10882.94,0,0.0,0,0.00027518517669181553,0.0,0.0,0.0007538203367093032,0.0,-0.00027518517669181553
SC,mafra,24,2241.66,0,0.0,0,0.00027518517669181553,0.0,0.0,0.00015527136012766555,0.0,-0.00027518517669181553
SP,barra bonita,24,4173.11,0,0.0,0,0.00027518517669181553,0.0,0.0,0.0002890556398661538,0.0,-0.00027518517669181553
SP,orlandia,24,3944.52,0,0.0,0,0.00027518517669181553,0.0,0.0,0.0002732220700065038,0.0,-0.00027518517669181553
GO,trindade,23,3962.22,0,0.0,0,0.00026371912766298987,0.0,0.0,0.00027444808245899867,0.0,-0.00026371912766298987
MG,nanuque,23,2776.93,0,0.0,0,0.00026371912766298987,0.0,0.0,0.0001923475005483964,0.0,-0.00026371912766298987
MT,caceres,23,5086.86,0,0.0,0,0.00026371912766298987,0.0,0.0,0.00035234766689819897,0.0,-0.00026371912766298987
MT,lucas do rio verde,23,6463.96,0,0.0,0,0.00026371912766298987,0.0,0.0,0.00044773420635191107,0.0,-0.00026371912766298987
PR,cornelio procopio,23,2634.57,0,0.0,0,0.00026371912766298987,0.0,0.0,0.00018248675858584436,0.0,-0.00026371912766298987
PR,matinhos,23,3054.42,0,0.0,0,0.00026371912766298987,0.0,0.0,0.0002115681895564645,0.0,-0.00026371912766298987
PR,rolandia,23,5525.99,0,0.0,0,0.00026371912766298987,0.0,0.0,0.00038276455098091525,0.0,-0.00026371912766298987
RS,carazinho,23,2466.74,0,0.0,0,0.00026371912766298987,0.0,0.0,0.0001708618054840242,0.0,-0.00026371912766298987
SP,cachoeira paulista,23,3498.1,0,0.0,0,0.00026371912766298987,0.0,0.0,0.00024230023503233624,0.0,-0.00026371912766298987
SP,campos do jordao,23,3913.12,0,0.0,0,0.00026371912766298987,0.0,0.0,0.0002710471100625298,0.0,-0.00026371912766298987
SP,capao bonito,23,3622.16,0,0.0,0,0.00026371912766298987,0.0,0.0,0.00025089340479824107,0.0,-0.00026371912766298987
SP,itarare,23,3851.74,0,0.0,0,0.00026371912766298987,0.0,0.0,0.00026679554823574246,0.0,-0.00026371912766298987
SP,jales,23,3209.44,0,0.0,0,0.00026371912766298987,0.0,0.0,0.00022230584212063156,0.0,-0.00026371912766298987
BA,dias d'avila,22,3044.98,0,0.0,0,0.00025225307863416426,0.0,0.0,0.00021091431624846723,0.0,-0.00025225307863416426
GO,mineiros,22,4045.89,0,0.0,0,0.00025225307863416426,0.0,0.0,0.0002802435887810465,0.0,-0.00025225307863416426
MG,salinas,22,5787.96,0,0.0,0,0.00025225307863416426,0.0,0.0,0.0004009102279402421,0.0,-0.00025225307863416426
MT,tangara da serra,22,4648.42,0,0.0,0,0.00025225307863416426,0.0,0.0,0.0003219785765212579,0.0,-0.00025225307863416426
PE,garanhuns,22,4553.85,0,0.0,0,0.00025225307863416426,0.0,0.0,0.00031542806818044206,0.0,-0.00025225307863416426
PI,parnaiba,22,5085.78,0,0.0,0,0.00025225307863416426,0.0,0.0,0.00035227285935872474,0.0,-0.00025225307863416426
RS,sao gabriel,22,2829.8199999999997,0,0.0,0,0.00025225307863416426,0.0,0.0,0.0001960109919954277,0.0,-0.00025225307863416426
RS,sapiranga,22,3966.72,0,0.0,0,0.00025225307863416426,0.0,0.0,0.00027475978054014143,0.0,-0.00025225307863416426
SP,aguas de lindoia,22,3758.3599999999997,0,0.0,0,0.00025225307863416426,0.0,0.0,0.0002603274667208288,0.0,-0.00025225307863416426
SP,aparecida,22,4050.84,0,0.0,0,0.00025225307863416426,0.0,0.0,0.00028058645667030356,0.0,-0.00025225307863416426
SP,piedade,22,2919.16,0,0.0,0,0.00025225307863416426,0.0,0.0,0.00020219923789971544,0.0,-0.00025225307863416426
SP,rio grande da serra,22,2556.36,0,0.0,0,0.00025225307863416426,0.0,0.0,0.00017706944593558305,0.0,-0.00025225307863416426
TO,gurupi,22,6080.62,0,0.0,0,0.00025225307863416426,0.0,0.0,0.0004211816858129626,0.0,-0.00025225307863416426
BA,jacobina,21,7556.41,0,0.0,0,0.0002407870296053386,0.0,0.0,0.0005234041105173368,0.0,-0.0002407870296053386
BA,simoes filho,21,5295.9,0,0.0,0,0.0002407870296053386,0.0,0.0,0.0003668270817608843,0.0,-0.0002407870296053386
CE,aracati,21,3677.54,0,0.0,0,0.0002407870296053386,0.0,0.0,0.0002547293691835047,0.0,-0.0002407870296053386
GO,aguas lindas de goias,21,2378.53,0,0.0,0,0.0002407870296053386,0.0,0.0,0.00016475183043122344,0.0,-0.0002407870296053386
MG,caete,21,2703.57,0,0.0,0,0.0002407870296053386,0.0,0.0,0.00018726612916336678,0.0,-0.0002407870296053386
MG,carangola,21,4427.67,0,0.0,0,0.0002407870296053386,0.0,0.0,0.00030668805398519885,0.0,-0.0002407870296053386
MG,coromandel,21,2846.89,0,0.0,0,0.0002407870296053386,0.0,0.0,0.0001971933667165626,0.0,-0.0002407870296053386
MG,januaria,21,4050.95,0,0.0,0,0.0002407870296053386,0.0,0.0,0.00028059407595673147,0.0,-0.0002407870296053386
MG,monte carmelo,21,3204.41,0,0.0,0,0.0002407870296053386,0.0,0.0,0.00022195743293215419,0.0,-0.0002407870296053386
MG,santa barbara,21,5008.71,0,0.0,0,0.0002407870296053386,0.0,0.0,0.00034693451022235294,0.0,-0.0002407870296053386
PA,maraba,21,4498.76,0,0.0,0,0.0002407870296053386,0.0,0.0,0.0003116121910048521,0.0,-0.0002407870296053386
RJ,cordeiro,21,2622.55,0,0.0,0,0.0002407870296053386,0.0,0.0,0.00018165417837799188,0.0,-0.0002407870296053386
RJ,sao fidelis,21,2436.9,0,0.0,0,0.0002407870296053386,0.0,0.0,0.0001687949008748464,0.0,-0.0002407870296053386
RS,venancio aires,21,3006.06,0,0.0,0,0.0002407870296053386,0.0,0.0,0.00020821847417778355,0.0,-0.0002407870296053386
SC,biguacu,21,3580.15,0,0.0,0,0.0002407870296053386,0.0,0.0,0.0002479835300451727,0.0,-0.0002407870296053386
SP,batatais,21,5687.81,0,0.0,0,0.0002407870296053386,0.0,0.0,0.0003939732139788092,0.0,-0.0002407870296053386
SP,cravinhos,21,2752.69,0,0.0,0,0.0002407870296053386,0.0,0.0,0.00019066848688464072,0.0,-0.0002407870296053386
SP,holambra,21,2400.35,0,0.0,0,0.0002407870296053386,0.0,0.0,0.00016626321979356458,0.0,-0.0002407870296053386
SP,ibitinga,21,3321.16,0,0.0,0,0.0002407870296053386,0.0,0.0,0.00023004426648180263,0.0,-0.0002407870296053386
SP,mairinque,21,2774.63,0,0.0,0,0.0002407870296053386,0.0,0.0,0.00019218818819581232,0.0,-0.0002407870296053386
BA,brumado,20,3330.52,0,0.0,0,0.00022932098057651295,0.0,0.0,0.00023069259849057958,0.0,-0.00022932098057651295
ES,viana,20,3804.74,0,0.0,0,0.00022932098057651295,0.0,0.0,0.0002635400349438069,0.0,-0.00022932098057651295
MG,cambui,20,3660.81,0,0.0,0,0.00022932098057651295,0.0,0.0,0.00025357054498405615,0.0,-0.00022932098057651295
MG,frutal,20,2889.3,0,0.0,0,0.00022932098057651295,0.0,0.0,0.00020013094796573257,0.0,-0.00022932098057651295
MG,machado,20,3104.29,0,0.0,0,0.00022932098057651295,0.0,0.0,0.0002150224969579289,0.0,-0.00022932098057651295
RJ,guapimirim,20,3201.8,0,0.0,0,0.00022932098057651295,0.0,0.0,0.00022177664804509138,0.0,-0.00022932098057651295
SC,curitibanos,20,3469.7999999999997,0,0.0,0,0.00022932098057651295,0.0,0.0,0.0002403400004331495,0.0,-0.00022932098057651295
SC,garopaba,20,3288.64,0,0.0,0,0.00022932098057651295,0.0,0.0,0.00022779172834874425,0.0,-0.00022932098057651295
SC,icara,20,2666.22,0,0.0,0,0.00022932098057651295,0.0,0.0,0.00018467903508988178,0.0,-0.00022932098057651295
SP,ilha solteira,20,2251.63,0,0.0,0,0.00022932098057651295,0.0,0.0,0.00015596194454299743,0.0,-0.00022932098057651295
SP,porto feliz,20,3170.87,0,0.0,0,0.00022932098057651295,0.0,0.0,0.00021963424323403674,0.0,-0.00022932098057651295
SP,presidente venceslau,20,3320.7,0,0.0,0,0.00022932098057651295,0.0,0.0,0.0002300124040112858,0.0,-0.00022932098057651295
SP,rancharia,20,3006.84,0,0.0,0,0.00022932098057651295,0.0,0.0,0.00020827250184518164,0.0,-0.00022932098057651295
MG,campo belo,19,2102.66,0,0.0,0,0.0002178549315476873,0.0,0.0,0.00014564335273236674,0.0,-0.0002178549315476873
MG,capelinha,19,2968.12,0,0.0,0,0.0002178549315476873,0.0,0.0,0.00020559051302254875,0.0,-0.0002178549315476873
MG,monte siao,19,2866.44,0,0.0,0,0.0002178549315476873,0.0,0.0,0.00019854752171352731,0.0,-0.0002178549315476873
MG,santos dumont,19,2349.81,0,0.0,0,0.0002178549315476873,0.0,0.0,0.00016276250401113003,0.0,-0.0002178549315476873
MG,sao gotardo,19,2965.26,0,0.0,0,0.0002178549315476873,0.0,0.0,0.0002053924115754225,0.0,-0.0002178549315476873
PA,castanhal,19,4040.61,0,0.0,0,0.0002178549315476873,0.0,0.0,0.0002798778630325057,0.0,-0.0002178549315476873
PR,castro,19,3822.34,0,0.0,0,0.0002178549315476873,0.0,0.0,0.0002647591207722764,0.0,-0.0002178549315476873
PR,medianeira,19,3207.81,0,0.0,0,0.0002178549315476873,0.0,0.0,0.0002221929381490176,0.0,-0.0002178549315476873
RJ,bom jesus do itabapoana,19,3670.46,0,0.0,0,0.0002178549315476873,0.0,0.0,0.00025423896420250674,0.0,-0.0002178549315476873
RJ,casimiro de abreu,19,3963.31,0,0.0,0,0.0002178549315476873,0.0,0.0,0.0002745235826608755,0.0,-0.0002178549315476873
RS,estancia velha,19,3563.85,0,0.0,0,0.0002178549315476873,0.0,0.0,0.0002468544903290333,0.0,-0.0002178549315476873
RS,marau,19,2243.9900000000002,0,0.0,0,0.0002178549315476873,0.0,0.0,0.00015543275046745727,0.0,-0.0002178549315476873
RS,taquara,19,4831.8,0,0.0,0,0.0002178549315476873,0.0,0.0,0.00033468061965902696,0.0,-0.0002178549315476873
SP,juquitiba,19,3107.5,0,0.0,0,0.0002178549315476873,0.0,0.0,0.00021524484158914406,0.0,-0.0002178549315476873
SP,presidente epitacio,19,2852.41,0,0.0,0,0.0002178549315476873,0.0,0.0,0.0001975757163627644,0.0,-0.0002178549315476873
SP,santo antonio de posse,19,5393.22,0,0.0,0,0.0002178549315476873,0.0,0.0,0.0003735680722623986,0.0,-0.0002178549315476873
MG,espera feliz,18,3751.42,0,0.0,0,0.00020638888251886165,0.0,0.0,0.0002598467590134664,0.0,-0.00020638888251886165
MG,pitangui,18,2501.61,0,0.0,0,0.00020638888251886165,0.0,0.0,0.0001732771192816794,0.0,-0.00020638888251886165
MG,tres pontas,18,2499.73,0,0.0,0,0.00020638888251886165,0.0,0.0,0.00017314689875000196,0.0,-0.00020638888251886165
PE,cabo de santo agostinho,18,3212.64,0,0.0,0,0.00020638888251886165,0.0,0.0,0.00022252749408944417,0.0,-0.00020638888251886165
PR,palmas,18,2359.92,0,0.0,0,0.00020638888251886165,0.0,0.0,0.00016346278570009747,0.0,-0.00020638888251886165
PR,quatro barras,18,2079.83,0,0.0,0,0.00020638888251886165,0.0,0.0,0.0001440620044673691,0.0,-0.00020638888251886165
RJ,iguaba grande,18,2829.65,0,0.0,0,0.00020638888251886165,0.0,0.0,0.00019599921673458455,0.0,-0.00020638888251886165
RS,carlos barbosa,18,2931.08,0,0.0,0,0.00020638888251886165,0.0,0.0,0.00020302489148354253,0.0,-0.00020638888251886165
RS,santana do livramento,18,4760.91,0,0.0,0,0.00020638888251886165,0.0,0.0,0.00032977033588742455,0.0,-0.00020638888251886165
SC,braco do norte,18,2940.19,0,0.0,0,0.00020638888251886165,0.0,0.0,0.000203655906932256,0.0,-0.00020638888251886165
SP,nova granada,18,2122.45,0,0.0,0,0.00020638888251886165,0.0,0.0,0.00014701413162699237,0.0,-0.00020638888251886165
SP,paraguacu paulista,18,2995.24,0,0.0,0,0.00020638888251886165,0.0,0.0,0.00020746901345823583,0.0,-0.00020638888251886165
SP,pederneiras,18,2666.15,0,0.0,0,0.00020638888251886165,0.0,0.0,0.00018467418645306402,0.0,-0.00020638888251886165
SP,piracaia,18,2744.9,0,0.0,0,0.00020638888251886165,0.0,0.0,0.00019012890287306244,0.0,-0.00020638888251886165
BA,itapetinga,17,3169.5,0,0.0,0,0.000194922833490036,0.0,0.0,0.00021953934848488885,0.0,-0.000194922833490036
CE,crato,17,3371.0,0,0.0,0,0.000194922833490036,0.0,0.0,0.0002334964958960594,0.0,-0.000194922833490036
ES,alegre,17,3265.0099999999998,0,0.0,0,0.000194922833490036,0.0,0.0,0.00022615496709154343,0.0,-0.000194922833490036
GO,goianesia,17,2516.58,0,0.0,0,0.000194922833490036,0.0,0.0,0.00017431403489828097,0.0,-0.000194922833490036
MG,guanhaes,17,2253.7,0,0.0,0,0.000194922833490036,0.0,0.0,0.00015610532566032306,0.0,-0.000194922833490036
MG,leopoldina,17,2038.21,0,0.0,0,0.000194922833490036,0.0,0.0,0.00014117914354799978,0.0,-0.000194922833490036
MG,oliveira,17,1499.81,0,0.0,0,0.000194922833490036,0.0,0.0,0.00010388619979527406,0.0,-0.000194922833490036
MG,sarzedo,17,1249.15,0,0.0,0,0.000194922833490036,0.0,0.0,8.652392401321941e-05,0.0,-0.000194922833490036
PI,picos,17,4255.89,0,0.0,0,0.000194922833490036,0.0,0.0,0.0002947894992343757,0.0,-0.000194922833490036
PR,irati,17,2075.55,0,0.0,0,0.000194922833490036,0.0,0.0,0.00014376554495908222,0.0,-0.000194922833490036
RJ,cachoeiras de macacu,17,2087.27,0,0.0,0,0.000194922833490036,0.0,0.0,0.00014457734529485847,0.0,-0.000194922833490036
RJ,miracema,17,1891.44,0,0.0,0,0.000194922833490036,0.0,0.0,0.00013101293746592781,0.0,-0.000194922833490036
RJ,paraty,17,3208.9,0,0.0,0,0.000194922833490036,0.0,0.0,0.00022226843835089442,0.0,-0.000194922833490036
RS,guapore,17,3861.16,0,0.0,0,0.000194922833490036,0.0,0.0,0.0002674480362189347,0.0,-0.000194922833490036
RS,panambi,17,4059.1499999999996,0,0.0,0,0.000194922833490036,0.0,0.0,0.00028116205912681385,0.0,-0.000194922833490036
RS,vacaria,17,2328.4700000000003,0,0.0,0,0.000194922833490036,0.0,0.0,0.0001612843624441108,0.0,-0.000194922833490036
RS,veranopolis,17,2344.63,0,0.0,0,0.000194922833490036,0.0,0.0,0.0001624037048866146,0.0,-0.000194922833490036
SP,conchal,17,2428.05,0,0.0,0,0.000194922833490036,0.0,0.0,0.00016818189464859896,0.0,-0.000194922833490036
SP,iracemapolis,17,1532.5,0,0.0,0,0.000194922833490036,0.0,0.0,0.00010615051318917564,0.0,-0.000194922833490036
SP,laranjal paulista,17,2583.82,0,0.0,0,0.000194922833490036,0.0,0.0,0.0001789714968929565,0.0,-0.000194922833490036
SP,monte azul paulista,17,3126.51,0,0.0,0,0.000194922833490036,0.0,0.0,0.00021656159281637164,0.0,-0.000194922833490036
SP,palmital,17,2122.03,0,0.0,0,0.000194922833490036,0.0,0.0,0.00014698503980608573,0.0,-0.000194922833490036
SP,pereira barreto,17,4266.27,0,0.0,0,0.000194922833490036,0.0,0.0,0.00029550848280821164,0.0,-0.000194922833490036
SP,sao manuel,17,3265.69,0,0.0,0,0.000194922833490036,0.0,0.0,0.00022620206813491614,0.0,-0.000194922833490036
SP,tambau,17,1698.66,0,0.0,0,0.000194922833490036,0.0,0.0,0.00011765979166977167,0.0,-0.000194922833490036
ES,castelo,16,1850.01,0,0.0,0,0.00018345678446121035,0.0,0.0,0.00012814323713220672,0.0,-0.00018345678446121035
ES,marataizes,16,3274.31,0,0.0,0,0.00018345678446121035,0.0,0.0,0.00022679914312590517,0.0,-0.00018345678446121035
ES,nova venecia,16,2819.62,0,0.0,0,0.00018345678446121035,0.0,0.0,0.00019530447634483745,0.0,-0.00018345678446121035
ES,piuma,16,2549.01,0,0.0,0,0.00018345678446121035,0.0,0.0,0.00017656033906971654,0.0,-0.00018345678446121035
MA,balsas,16,6607.7300000000005,0,0.0,0,0.00018345678446121035,0.0,0.0,0.00045769261371322124,0.0,-0.00018345678446121035
MA,caxias,16,2604.15,0,0.0,0,0.00018345678446121035,0.0,0.0,0.00018037967955731923,0.0,-0.00018345678446121035
MG,bambui,16,2360.88,0,0.0,0,0.00018345678446121035,0.0,0.0,0.00016352928129074125,0.0,-0.00018345678446121035
MG,carmo do paranaiba,16,4652.95,0,0.0,0,0.00018345678446121035,0.0,0.0,0.0003222923525896083,0.0,-0.00018345678446121035
MG,jacutinga,16,3136.24,0,0.0,0,0.00018345678446121035,0.0,0.0,0.00021723555333404252,0.0,-0.00018345678446121035
MG,ouro fino,16,2978.2200000000003,0,0.0,0,0.00018345678446121035,0.0,0.0,0.00020629010204911366,0.0,-0.00018345678446121035
MG,santa vitoria,16,4546.18,0,0.0,0,0.00018345678446121035,0.0,0.0,0.0003148967961176943,0.0,-0.00018345678446121035
MG,santana do paraiso,16,3077.73,0,0.0,0,0.00018345678446121035,0.0,0.0,0.00021318278561678402,0.0,-0.00018345678446121035
MG,visconde do rio branco,16,1872.3200000000002,0,0.0,0,0.00018345678446121035,0.0,0.0,0.00012968856695227233,0.0,-0.00018345678446121035
MS,ponta pora,16,4652.16,0,0.0,0,0.00018345678446121035,0.0,0.0,0.0003222376322598077,0.0,-0.00018345678446121035
MT,agua boa,16,3358.86,0,0.0,0,0.00018345678446121035,0.0,0.0,0.0002326556037393765,0.0,-0.00018345678446121035
MT,juina,16,5365.0,0,0.0,0,0.00018345678446121035,0.0,0.0,0.00037161337896243215,0.0,-0.00018345678446121035
MT,sorriso,16,3515.49,0,0.0,0,0.00018345678446121035,0.0,0.0,0.0002435047749503524,0.0,-0.00018345678446121035
PA,paragominas,16,2723.72,0,0.0,0,0.00018345678446121035,0.0,0.0,0.0001886618439044838,0.0,-0.00018345678446121035
PA,tucurui,16,5756.650000000001,0,0.0,0,0.00018345678446121035,0.0,0.0,0.00039874150195789103,0.0,-0.00018345678446121035
PI,floriano,16,2913.63,0,0.0,0,0.00018345678446121035,0.0,0.0,0.00020181619559111113,0.0,-0.00018345678446121035
PR,jaguariaiva,16,2078.8,0,0.0,0,0.00018345678446121035,0.0,0.0,0.00014399066023990754,0.0,-0.00018345678446121035
PR,laranjeiras do sul,16,2154.6,0,0.0,0,0.00018345678446121035,0.0,0.0,0.0001492410412511568,0.0,-0.00018345678446121035
PR,mandaguari,16,5493.85,0,0.0,0,0.00018345678446121035,0.0,0.0,0.0003805383340191534,0.0,-0.00018345678446121035
RJ,itatiaia,16,1731.59,0,0.0,0,0.00018345678446121035,0.0,0.0,0.00011994072896133417,0.0,-0.00018345678446121035
RJ,paraiba do sul,16,3311.41,0,0.0,0,0.00018345678446121035,0.0,0.0,0.00022936892063932663,0.0,-0.00018345678446121035
RO,ji-parana,16,4435.13,0,0.0,0,0.00018345678446121035,0.0,0.0,0.00030720478013749334,0.0,-0.00018345678446121035
RS,canela,16,2702.96,0,0.0,0,0.00018345678446121035,0.0,0.0,0.00018722387675681185,0.0,-0.00018345678446121035
RS,charqueadas,16,2125.02,0,0.0,0,0.00018345678446121035,0.0,0.0,0.00014719214586444502,0.0,-0.00018345678446121035
RS,ibiruba,16,3216.25,0,0.0,0,0.00018345678446121035,0.0,0.0,0.00022277754521676094,0.0,-0.00018345678446121035
RS,torres,16,1833.3200000000002,0,0.0,0,0.00018345678446121035,0.0,0.0,0.00012698718358236834,0.0,-0.00018345678446121035
SC,ararangua,16,2164.46,0,0.0,0,0.00018345678446121035,0.0,0.0,0.00014992400638006074,0.0,-0.00018345678446121035
SC,timbo,16,3358.05,0,0.0,0,0.00018345678446121035,0.0,0.0,0.0002325994980847708,0.0,-0.00018345678446121035
SP,bonfim paulista,16,2473.08,0,0.0,0,0.00018345678446121035,0.0,0.0,0.00017130095344723424,0.0,-0.00018345678446121035
SP,cajati,16,2100.69,0,0.0,0,0.00018345678446121035,0.0,0.0,0.00014550689823906646,0.0,-0.00018345678446121035
SP,guararapes,16,1488.07,0,0.0,0,0.00018345678446121035,0.0,0.0,0.0001030730141346927,0.0,-0.00018345678446121035
SP,jarinu,16,1635.55,0,0.0,0,0.00018345678446121035,0.0,0.0,0.000113288399247345,0.0,-0.00018345678446121035
SP,socorro,16,2310.2400000000002,0,0.0,0,0.00018345678446121035,0.0,0.0,0.00016002163888428133,0.0,-0.00018345678446121035
BA,cruz das almas,15,2184.81,0,0.0,0,0.0001719907354323847,0.0,0.0,0.00015133357436922858,0.0,-0.0001719907354323847
BA,senhor do bonfim,15,2880.59,0,0.0,0,0.0001719907354323847,0.0,0.0,0.0001995276390131207,0.0,-0.0001719907354323847
ES,venda nova do imigrante,15,3171.23,0,0.0,0,0.0001719907354323847,0.0,0.0,0.0002196591790805282,0.0,-0.0001719907354323847
GO,inhumas,15,2692.33,0,0.0,0,0.0001719907354323847,0.0,0.0,0.0001864875766229124,0.0,-0.0001719907354323847
MG,barao de cocais,15,1867.29,0,0.0,0,0.0001719907354323847,0.0,0.0,0.00012934015776379495,0.0,-0.0001719907354323847
MG,caxambu,15,2084.64,0,0.0,0,0.0001719907354323847,0.0,0.0,0.0001443951750829906,0.0,-0.0001719907354323847
MG,joao pinheiro,15,2524.14,0,0.0,0,0.0001719907354323847,0.0,0.0,0.00017483768767460084,0.0,-0.0001719907354323847
MG,manhumirim,15,2625.5,0,0.0,0,0.0001719907354323847,0.0,0.0,0.00018185851378674104,0.0,-0.0001719907354323847
MG,paraisopolis,15,2453.22,0,0.0,0,0.0001719907354323847,0.0,0.0,0.00016992532591579083,0.0,-0.0001719907354323847
MT,campo novo do parecis,15,5838.68,0,0.0,0,0.0001719907354323847,0.0,0.0,0.0004044234116459224,0.0,-0.0001719907354323847
PB,patos,15,4698.33,0,0.0,0,0.0001719907354323847,0.0,0.0,0.0003254356545723325,0.0,-0.0001719907354323847
PE,salgueiro,15,2839.67,0,0.0,0,0.0001719907354323847,0.0,0.0,0.00019669326446192912,0.0,-0.0001719907354323847
PE,vitoria de santo antao,15,2988.4700000000003,0,0.0,0,0.0001719907354323847,0.0,0.0,0.00020700008101171664,0.0,-0.0001719907354323847
PR,rio negro,15,2472.91,0,0.0,0,0.0001719907354323847,0.0,0.0,0.00017128917818639105,0.0,-0.0001719907354323847
PR,sarandi,15,1850.6,0,0.0,0,0.0001719907354323847,0.0,0.0,0.00012818410421395655,0.0,-0.0001719907354323847
RJ,cantagalo,15,2289.85,0,0.0,0,0.0001719907354323847,0.0,0.0,0.0001586093002455033,0.0,-0.0001719907354323847
RJ,itaocara,15,1975.3600000000001,0,0.0,0,0.0001719907354323847,0.0,0.0,0.00013682576034803915,0.0,-0.0001719907354323847
RO,vilhena,15,2546.92,0,0.0,0,0.0001719907354323847,0.0,0.0,0.00017641557262758578,0.0,-0.0001719907354323847
RS,dois irmaos,15,3616.21,0,0.0,0,0.0001719907354323847,0.0,0.0,0.00025048127066873004,0.0,-0.0001719907354323847
RS,igrejinha,15,1341.71,0,0.0,0,0.0001719907354323847,0.0,0.0,9.293520721112486e-05,0.0,-0.0001719907354323847
RS,nova prata,15,1541.25,0,0.0,0,0.0001719907354323847,0.0,0.0,0.00010675659279139768,0.0,-0.0001719907354323847
SC,sao francisco do sul,15,1890.5,0,0.0,0,0.0001719907354323847,0.0,0.0,0.0001309478272000891,0.0,-0.0001719907354323847
SP,agudos,15,1386.9,0,0.0,0,0.0001719907354323847,0.0,0.0,9.606534860820077e-05,0.0,-0.0001719907354323847
SP,americo brasiliense,15,2688.89,0,0.0,0,0.0001719907354323847,0.0,0.0,0.0001862493007564388,0.0,-0.0001719907354323847
SP,bariri,15,3075.22,0,0.0,0,0.0001719907354323847,0.0,0.0,0.0002130089273537466,0.0,-0.0001719907354323847
SP,bastos,15,1673.94,0,0.0,0,0.0001719907354323847,0.0,0.0,0.00011594753021069407,0.0,-0.0001719907354323847
SP,candido mota,15,1732.89,0,0.0,0,0.0001719907354323847,0.0,0.0,0.00012003077507366432,0.0,-0.0001719907354323847
SP,cerqueira cesar,15,3708.96,0,0.0,0,0.0001719907354323847,0.0,0.0,0.0002569057144522838,0.0,-0.0001719907354323847
SP,espirito santo do pinhal,15,2223.87,0,0.0,0,0.0001719907354323847,0.0,0.0,0.0001540391137135478,0.0,-0.0001719907354323847
SP,ipero,15,2935.31,0,0.0,0,0.0001719907354323847,0.0,0.0,0.00020331788767981673,0.0,-0.0001719907354323847
SP,novo horizonte,15,3088.17,0,0.0,0,0.0001719907354323847,0.0,0.0,0.00021390592516503526,0.0,-0.0001719907354323847
SP,piraju,15,4999.18,0,0.0,0,0.0001719907354323847,0.0,0.0,0.00034627440295273285,0.0,-0.0001719907354323847
SP,pitangueiras,15,1576.67,0,0.0,0,0.0001719907354323847,0.0,0.0,0.00010921000302119253,0.0,-0.0001719907354323847
SP,pompeia,15,2142.13,0,0.0,0,0.0001719907354323847,0.0,0.0,0.0001483772912351901,0.0,-0.0001719907354323847
SP,santa adelia,15,1861.06,0,0.0,0,0.0001719907354323847,0.0,0.0,0.00012890862908701285,0.0,-0.0001719907354323847
SP,santa rita do passa quatro,15,2436.27,0,0.0,0,0.0001719907354323847,0.0,0.0,0.0001687512631434864,0.0,-0.0001719907354323847
SP,taquarituba,15,2799.35,0,0.0,0,0.0001719907354323847,0.0,0.0,0.00019390044965488993,0.0,-0.0001719907354323847
SP,viradouro,15,2176.75,0,0.0,0,0.0001719907354323847,0.0,0.0,0.00015077528847278176,0.0,-0.0001719907354323847
ES,guacui,14,4187.88,0,0.0,0,0.00016052468640355907,0.0,0.0,0.00029007870223470467,0.0,-0.00016052468640355907
GO,posse,14,1824.92,0,0.0,0,0.00016052468640355907,0.0,0.0,0.00012640534716423516,0.0,-0.00016052468640355907
GO,quirinopolis,14,1789.8,0,0.0,0,0.00016052468640355907,0.0,0.0,0.0001239727168065165,0.0,-0.00016052468640355907
GO,senador canedo,14,1640.6000000000001,0,0.0,0,0.00016052468640355907,0.0,0.0,0.00011363819376062744,0.0,-0.00016052468640355907
GO,uruacu,14,1988.69,0,0.0,0,0.00016052468640355907,0.0,0.0,0.00013774907933062426,0.0,-0.00016052468640355907
MG,claudio,14,2486.26,0,0.0,0,0.00016052468640355907,0.0,0.0,0.00017221388249378128,0.0,-0.00016052468640355907
MG,janauba,14,3425.63,0,0.0,0,0.00016052468640355907,0.0,0.0,0.00023728051060113261,0.0,-0.00016052468640355907
MG,santo antonio do monte,14,2247.31,0,0.0,0,0.00016052468640355907,0.0,0.0,0.00015566271438510035,0.0,-0.00016052468640355907
MS,chapadao do sul,14,1913.4099999999999,0,0.0,0,0.00016052468640355907,0.0,0.0,0.00013253471676430705,0.0,-0.00016052468640355907
PE,ipojuca,14,1825.56,0,0.0,0,0.00016052468640355907,0.0,0.0,0.00012644967755799769,0.0,-0.00016052468640355907
PR,marialva,14,2910.66,0,0.0,0,0.00016052468640355907,0.0,0.0,0.00020161047485755688,0.0,-0.00016052468640355907
PR,sao mateus do sul,14,2221.84,0,0.0,0,0.00016052468640355907,0.0,0.0,0.0001538985032458323,0.0,-0.00016052468640355907
RJ,bom jardim,14,2474.68,0,0.0,0,0.00016052468640355907,0.0,0.0,0.00017141177943164054,0.0,-0.00016052468640355907
RJ,pirai,14,2463.69,0,0.0,0,0.00016052468640355907,0.0,0.0,0.00017065054345124966,0.0,-0.00016052468640355907
RJ,sao francisco de itabapoana,14,1816.41,0,0.0,0,0.00016052468640355907,0.0,0.0,0.00012581589145967408,0.0,-0.00016052468640355907
RJ,sao joao da barra,14,2479.68,0,0.0,0,0.00016052468640355907,0.0,0.0,0.0001717581106329103,0.0,-0.00016052468640355907
RS,estrela,14,2303.72,0,0.0,0,0.00016052468640355907,0.0,0.0,0.00015957002299782556,0.0,-0.00016052468640355907
RS,santo antonio da patrulha,14,5178.54,0,0.0,0,0.00016052468640355907,0.0,0.0,0.00035869799580468095,0.0,-0.00016052468640355907
RS,sao borja,14,2518.24,0,0.0,0,0.00016052468640355907,0.0,0.0,0.00017442901685710253,0.0,-0.00016052468640355907
RS,sao lourenco do sul,14,2453.15,0,0.0,0,0.00016052468640355907,0.0,0.0,0.00016992047727897307,0.0,-0.00016052468640355907
RS,sao luiz gonzaga,14,3831.87,0,0.0,0,0.00016052468640355907,0.0,0.0,0.00026541922804189654,0.0,-0.00016052468640355907
SC,bombinhas,14,2081.86,0,0.0,0,0.00016052468640355907,0.0,0.0,0.00014420261493508464,0.0,-0.00016052468640355907
SC,penha,14,2192.4500000000003,0,0.0,0,0.00016052468640355907,0.0,0.0,0.00015186276844476879,0.0,-0.00016052468640355907
SC,porto uniao,14,3329.43,0,0.0,0,0.00016052468640355907,0.0,0.0,0.00023061709828870277,0.0,-0.00016052468640355907
SE,itabaiana,14,3601.7799999999997,0,0.0,0,0.00016052468640355907,0.0,0.0,0.00024948175882186555,0.0,-0.00016052468640355907
SP,barrinha,14,3139.4900000000002,0,0.0,0,0.00016052468640355907,0.0,0.0,0.0002174606686148679,0.0,-0.00016052468640355907
SP,bom jesus dos perdoes,14,1747.56,0,0.0,0,0.00016052468640355907,0.0,0.0,0.00012104691081818973,0.0,-0.00016052468640355907
SP,cordeiropolis,14,1539.72,0,0.0,0,0.00016052468640355907,0.0,0.0,0.00010665061544380915,0.0,-0.00016052468640355907
SP,cunha,14,3118.0,0,0.0,0,0.00016052468640355907,0.0,0.0,0.00021597213711181052,0.0,-0.00016052468640355907
SP,osvaldo cruz,14,2032.12,0,0.0,0,0.00016052468640355907,0.0,0.0,0.00014075731214485324,0.0,-0.00016052468640355907
SP,santo anastacio,14,2240.33,0,0.0,0,0.00016052468640355907,0.0,0.0,0.0001551792360281278,0.0,-0.00016052468640355907
BA,pojuca,13,1820.78,0,0.0,0,0.0001490586373747334,0.0,0.0,0.00012611858492958381,0.0,-0.0001490586373747334
BA,serrinha,13,2314.11,0,0.0,0,0.0001490586373747334,0.0,0.0,0.0001602896992340641,0.0,-0.0001490586373747334
CE,eusebio,13,2707.57,0,0.0,0,0.0001490586373747334,0.0,0.0,0.00018754319412438256,0.0,-0.0001490586373747334
CE,iguatu,13,4125.41,0,0.0,0,0.0001490586373747334,0.0,0.0,0.00028575164020604047,0.0,-0.0001490586373747334
ES,santa maria de jetiba,13,1749.87,0,0.0,0,0.0001490586373747334,0.0,0.0,0.00012120691583317635,0.0,-0.0001490586373747334
GO,novo gama,13,2001.41,0,0.0,0,0.0001490586373747334,0.0,0.0,0.0001386301459066545,0.0,-0.0001490586373747334
GO,porangatu,13,2162.74,0,0.0,0,0.0001490586373747334,0.0,0.0,0.00014980486844682394,0.0,-0.0001490586373747334
MA,sao jose de ribamar,13,1834.55,0,0.0,0,0.0001490586373747334,0.0,0.0,0.0001270723810578807,0.0,-0.0001490586373747334
MG,conselheiro pena,13,2307.71,0,0.0,0,0.0001490586373747334,0.0,0.0,0.00015984639529643884,0.0,-0.0001490586373747334
MG,iturama,13,1867.0,0,0.0,0,0.0001490586373747334,0.0,0.0,0.00012932007055412132,0.0,-0.0001490586373747334
MT,mirassol d'oeste,13,2081.68,0,0.0,0,0.0001490586373747334,0.0,0.0,0.00014419014701183891,0.0,-0.0001490586373747334
PA,marituba,13,1663.07,0,0.0,0,0.0001490586373747334,0.0,0.0,0.00011519460617913364,0.0,-0.0001490586373747334
PR,jacarezinho,13,1534.4,0,0.0,0,0.0001490586373747334,0.0,0.0,0.00010628211904565815,0.0,-0.0001490586373747334
PR,loanda,13,2042.79,0,0.0,0,0.0001490586373747334,0.0,0.0,0.00014149638292836286,0.0,-0.0001490586373747334
PR,piraquara,13,1876.75,0,0.0,0,0.0001490586373747334,0.0,0.0,0.00012999541639659732,0.0,-0.0001490586373747334
RJ,natividade,13,3081.95,0,0.0,0,0.0001490586373747334,0.0,0.0,0.0002134750891506557,0.0,-0.0001490586373747334
RJ,parati,13,3088.59,0,0.0,0,0.0001490586373747334,0.0,0.0,0.00021393501698594193,0.0,-0.0001490586373747334
RS,frederico westphalen,13,1246.4,0,0.0,0,0.0001490586373747334,0.0,0.0,8.633344185252106e-05,0.0,-0.0001490586373747334
RS,imbe,13,3105.67,0,0.0,0,0.0001490586373747334,0.0,0.0,0.00021511808436947935,0.0,-0.0001490586373747334
RS,palmeira das missoes,13,1786.6,0,0.0,0,0.0001490586373747334,0.0,0.0,0.00012375106483770388,0.0,-0.0001490586373747334
SC,barra velha,13,1757.81,0,0.0,0,0.0001490586373747334,0.0,0.0,0.0001217568897807927,0.0,-0.0001490586373747334
SC,fraiburgo,13,2338.54,0,0.0,0,0.0001490586373747334,0.0,0.0,0.00016198187348346804,0.0,-0.0001490586373747334
SC,ituporanga,13,3470.86,0,0.0,0,0.0001490586373747334,0.0,0.0,0.00024041342264781868,0.0,-0.0001490586373747334
SC,laguna,13,2696.25,0,0.0,0,0.0001490586373747334,0.0,0.0,0.00018675910028470786,0.0,-0.0001490586373747334
SC,taio,13,4792.66,0,0.0,0,0.0001490586373747334,0.0,0.0,0.0003319695390154874,0.0,-0.0001490586373747334
SE,nossa senhora do socorro,13,2499.23,0,0.0,0,0.0001490586373747334,0.0,0.0,0.00017311226562987498,0.0,-0.0001490586373747334
SP,casa branca,13,1500.45,0,0.0,0,0.0001490586373747334,0.0,0.0,0.0001039305301890366,0.0,-0.0001490586373747334
SP,guariba,13,1767.95,0,0.0,0,0.0001490586373747334,0.0,0.0,0.00012245924945696775,0.0,-0.0001490586373747334
SP,iguape,13,1419.97,0,0.0,0,0.0001490586373747334,0.0,0.0,9.835598317339884e-05,0.0,-0.0001490586373747334
SP,pariquera-acu,13,1882.87,0,0.0,0,0.0001490586373747334,0.0,0.0,0.00013041932578695145,0.0,-0.0001490586373747334
BA,irece,12,2660.9100000000003,0,0.0,0,0.00013759258834590777,0.0,0.0,0.00018431123135413335,0.0,-0.00013759258834590777
BA,santa maria da vitoria,12,1972.82,0,0.0,0,0.00013759258834590777,0.0,0.0,0.0001366498240977941,0.0,-0.00013759258834590777
ES,anchieta,12,2387.85,0,0.0,0,0.00013759258834590777,0.0,0.0,0.00016539739179039024,0.0,-0.00013759258834590777
ES,jaguare,12,1333.13,0,0.0,0,0.00013759258834590777,0.0,0.0,9.234090286974598e-05,0.0,-0.00013759258834590777
ES,sao gabriel da palha,12,1691.88,0,0.0,0,0.00013759258834590777,0.0,0.0,0.0001171901665608499,0.0,-0.00013759258834590777
GO,ipora,12,2197.25,0,0.0,0,0.00013759258834590777,0.0,0.0,0.0001521952463979877,0.0,-0.00013759258834590777
GO,morrinhos,12,1804.72,0,0.0,0,0.00013759258834590777,0.0,0.0,0.00012500616911110542,0.0,-0.00013759258834590777
GO,niquelandia,12,1902.01,0,0.0,0,0.00013759258834590777,0.0,0.0,0.00013174508162541203,0.0,-0.00013759258834590777
MG,almenara,12,2969.66,0,0.0,0,0.00013759258834590777,0.0,0.0,0.00020569718303253983,0.0,-0.00013759258834590777
MG,bocaiuva,12,1943.22,0,0.0,0,0.00013759258834590777,0.0,0.0,0.00013459954338627725,0.0,-0.00013759258834590777
MG,buritis,12,1871.49,0,0.0,0,0.00013759258834590777,0.0,0.0,0.00012963107597286153,0.0,-0.00013759258834590777
MG,conceicao do mato dentro,12,1606.34,0,0.0,0,0.00013759258834590777,0.0,0.0,0.00011126513236952716,0.0,-0.00013759258834590777
MG,divino,12,1372.8799999999999,0,0.0,0,0.00013759258834590777,0.0,0.0,9.509423591984041e-05,0.0,-0.00013759258834590777
MG,esmeraldas,12,1838.8700000000001,0,0.0,0,0.00013759258834590777,0.0,0.0,0.00012737161121577776,0.0,-0.00013759258834590777
MG,itanhandu,12,2086.75,0,0.0,0,0.00013759258834590777,0.0,0.0,0.00014454132684992642,0.0,-0.00013759258834590777
MG,itapecerica,12,1603.68,0,0.0,0,0.00013759258834590777,0.0,0.0,0.00011108088417045167,0.0,-0.00013759258834590777
MG,matozinhos,12,944.16,0,0.0,0,0.00013759258834590777,0.0,0.0,6.539841339816773e-05,0.0,-0.00013759258834590777
MG,nova era,12,1510.4,0,0.0,0,0.00013759258834590777,0.0,0.0,0.00010461972927956338,0.0,-0.00013759258834590777
MG,paraguacu,12,1826.29,0,0.0,0,0.00013759258834590777,0.0,0.0,0.00012650024191338308,0.0,-0.00013759258834590777
MG,sao joao nepomuceno,12,3033.7,0,0.0,0,0.00013759258834590777,0.0,0.0,0.00021013299305840268,0.0,-0.00013759258834590777
MG,tupaciguara,12,1593.13,0,0.0,0,0.00013759258834590777,0.0,0.0,0.00011035012533577252,0.0,-0.00013759258834590777
MS,paranaiba,12,1668.48,0,0.0,0,0.00013759258834590777,0.0,0.0,0.00011556933653890752,0.0,-0.00013759258834590777
PA,redencao,12,1818.48,0,0.0,0,0.00013759258834590777,0.0,0.0,0.00012595927257699974,0.0,-0.00013759258834590777
PR,lapa,12,2313.92,0,0.0,0,0.00013759258834590777,0.0,0.0,0.00016027653864841585,0.0,-0.00013759258834590777
RJ,aperibe,12,1835.91,0,0.0,0,0.00013759258834590777,0.0,0.0,0.00012716658314462607,0.0,-0.00013759258834590777
RJ,barra de sao joao,12,2768.13,0,0.0,0,0.00013759258834590777,0.0,0.0,0.00019173795763416168,0.0,-0.00013759258834590777
RJ,carmo,12,1742.8600000000001,0,0.0,0,0.00013759258834590777,0.0,0.0,0.00012072135948899619,0.0,-0.00013759258834590777
RJ,conceicao de macabu,12,1970.24,0,0.0,0,0.00013759258834590777,0.0,0.0,0.00013647111719793892,0.0,-0.00013759258834590777
RJ,paty do alferes,12,2597.71,0,0.0,0,0.00013759258834590777,0.0,0.0,0.0001799336049700838,0.0,-0.00013759258834590777
RJ,pinheiral,12,2245.73,0,0.0,0,0.00013759258834590777,0.0,0.0,0.00015555327372549911,0.0,-0.00013759258834590777
RO,ariquemes,12,4969.64,0,0.0,0,0.00013759258834590777,0.0,0.0,0.0003442282782156312,0.0,-0.00013759258834590777
RS,camaqua,12,1998.21,0,0.0,0,0.00013759258834590777,0.0,0.0,0.00013840849393784185,0.0,-0.00013759258834590777
RS,eldorado do sul,12,2033.41,0,0.0,0,0.00013759258834590777,0.0,0.0,0.00014084666559478084,0.0,-0.00013759258834590777
RS,feliz,12,2698.71,0,0.0,0,0.00013759258834590777,0.0,0.0,0.0001869294952357326,0.0,-0.00013759258834590777
RS,flores da cunha,12,1732.57,0,0.0,0,0.00013759258834590777,0.0,0.0,0.00012000860987678305,0.0,-0.00013759258834590777
RS,lagoa vermelha,12,1793.46,0,0.0,0,0.00013759258834590777,0.0,0.0,0.00012422623124584597,0.0,-0.00013759258834590777
RS,santa vitoria do palmar,12,2049.67,0,0.0,0,0.00013759258834590777,0.0,0.0,0.00014197293466131005,0.0,-0.00013759258834590777
RS,teutonia,12,1826.2199999999998,0,0.0,0,0.00013759258834590777,0.0,0.0,0.0001264953932765653,0.0,-0.00013759258834590777
RS,tres de maio,12,2334.85,0,0.0,0,0.00013759258834590777,0.0,0.0,0.000161726281056931,0.0,-0.00013759258834590777
SC,campos novos,12,2015.11,0,0.0,0,0.00013759258834590777,0.0,0.0,0.00013957909339813357,0.0,-0.00013759258834590777
SC,ibirama,12,1295.25,0,0.0,0,0.00013759258834590777,0.0,0.0,8.971709768892641e-05,0.0,-0.00013759258834590777
SP,aluminio,12,1100.44,0,0.0,0,0.00013759258834590777,0.0,0.0,7.622334142505478e-05,0.0,-0.00013759258834590777
SP,cesario lange,12,2209.06,0,0.0,0,0.00013759258834590777,0.0,0.0,0.00015301328069538682,0.0,-0.00013759258834590777
SP,jose bonifacio,12,1666.93,0,0.0,0,0.00013759258834590777,0.0,0.0,0.00011546197386651389,0.0,-0.00013759258834590777
SP,junqueiropolis,12,2362.43,0,0.0,0,0.00013759258834590777,0.0,0.0,0.00016363664396313487,0.0,-0.00013759258834590777
SP,lucelia,12,1147.89,0,0.0,0,0.00013759258834590777,0.0,0.0,7.951002452510462e-05,0.0,-0.00013759258834590777
SP,macatuba,12,3452.45,0,0.0,0,0.00013759258834590777,0.0,0.0,0.0002391382311647435,0.0,-0.00013759258834590777
SP,pilar do sul,12,1225.32,0,0.0,0,0.00013759258834590777,0.0,0.0,8.487330950796782e-05,0.0,-0.00013759258834590777
SP,pirajui,12,1789.32,0,0.0,0,0.00013759258834590777,0.0,0.0,0.00012393946901119462,0.0,-0.00013759258834590777
SP,sao miguel arcanjo,12,1554.3899999999999,0,0.0,0,0.00013759258834590777,0.0,0.0,0.00010766675118833455,0.0,-0.00013759258834590777
SP,sao pedro,12,3903.33,0,0.0,0,0.00013759258834590777,0.0,0.0,0.0002703689935704437,0.0,-0.00013759258834590777
SP,serrana,12,1026.44,0,0.0,0,0.00013759258834590777,0.0,0.0,7.10976396462626e-05,0.0,-0.00013759258834590777
SP,tabapua,12,1535.21,0,0.0,0,0.00013759258834590777,0.0,0.0,0.00010633822470026383,0.0,-0.00013759258834590777
SP,teodoro sampaio,12,1473.9099999999999,0,0.0,0,0.00013759258834590777,0.0,0.0,0.0001020922041726968,0.0,-0.00013759258834590777
SP,vargem grande do sul,12,990.6800000000001,0,0.0,0,0.00013759258834590777,0.0,0.0,6.862067889478142e-05,0.0,-0.00013759258834590777
BA,itamaraju,11,1681.1999999999998,0,0.0,0,0.00012612653931708213,0.0,0.0,0.00011645040311493772,0.0,-0.00012612653931708213
CE,quixada,11,3037.7200000000003,0,0.0,0,0.00012612653931708213,0.0,0.0,0.00021041144334422359,0.0,-0.00012612653931708213
ES,afonso claudio,11,1767.92,0,0.0,0,0.00012612653931708213,0.0,0.0,0.00012245717146976013,0.0,-0.00012612653931708213
GO,ipameri,11,2250.87,0,0.0,0,0.00012612653931708213,0.0,0.0,0.0001559093022004044,0.0,-0.00012612653931708213
MA,timon,11,1415.47,0,0.0,0,0.00012612653931708213,0.0,0.0,9.804428509225608e-05,0.0,-0.00012612653931708213
MG,abaete,11,1837.42,0,0.0,0,0.00012612653931708213,0.0,0.0,0.00012727117516740953,0.0,-0.00012612653931708213
MG,alvinopolis,11,1020.96,0,0.0,0,0.00012612653931708213,0.0,0.0,7.071806064967096e-05,0.0,-0.00012612653931708213
MG,carandai,11,1386.44,0,0.0,0,0.00012612653931708213,0.0,0.0,9.603348613768396e-05,0.0,-0.00012612653931708213
MG,matias barbosa,11,2451.97,0,0.0,0,0.00012612653931708213,0.0,0.0,0.00016983874311547338,0.0,-0.00012612653931708213
MG,pompeu,11,1321.67,0,0.0,0,0.00012612653931708213,0.0,0.0,9.154711175643574e-05,0.0,-0.00012612653931708213
MG,raposos,11,1297.31,0,0.0,0,0.00012612653931708213,0.0,0.0,8.985978614384954e-05,0.0,-0.00012612653931708213
MG,raul soares,11,1357.77,0,0.0,0,0.00012612653931708213,0.0,0.0,9.404762302960327e-05,0.0,-0.00012612653931708213
MG,taiobeiras,11,2795.7200000000003,0,0.0,0,0.00012612653931708213,0.0,0.0,0.00019364901320276812,0.0,-0.00012612653931708213
MG,tres marias,11,876.47,0,0.0,0,0.00012612653931708213,0.0,0.0,6.070978159537799e-05,0.0,-0.00012612653931708213
MG,varzea da palma,11,2440.97,0,0.0,0,0.00012612653931708213,0.0,0.0,0.00016907681447267994,0.0,-0.00012612653931708213
MS,coxim,11,1854.62,0,0.0,0,0.00012612653931708213,0.0,0.0,0.00012846255449977742,0.0,-0.00012612653931708213
MS,maracaju,11,2710.95,0,0.0,0,0.00012612653931708213,0.0,0.0,0.0001877773140164409,0.0,-0.00012612653931708213
MS,nova andradina,11,2527.55,0,0.0,0,0.00012612653931708213,0.0,0.0,0.00017507388555386682,0.0,-0.00012612653931708213
MS,rio brilhante,11,1195.16,0,0.0,0,0.00012612653931708213,0.0,0.0,8.278423970190875e-05,0.0,-0.00012612653931708213
PE,araripina,11,1538.05,0,0.0,0,0.00012612653931708213,0.0,0.0,0.00010653494082258505,0.0,-0.00012612653931708213
PE,belo jardim,11,2013.1499999999999,0,0.0,0,0.00012612653931708213,0.0,0.0,0.00013944333156723583,0.0,-0.00012612653931708213
PR,assis chateaubriand,11,1362.62,0,0.0,0,0.00012612653931708213,0.0,0.0,9.43835642948349e-05,0.0,-0.00012612653931708213
PR,goioere,11,2191.01,0,0.0,0,0.00012612653931708213,0.0,0.0,0.00015176302505880309,0.0,-0.00012612653931708213
PR,ibipora,11,1539.51,0,0.0,0,0.00012612653931708213,0.0,0.0,0.00010663606953335581,0.0,-0.00012612653931708213
PR,palmeira,11,2169.4700000000003,0,0.0,0,0.00012612653931708213,0.0,0.0,0.00015027103024373305,0.0,-0.00012612653931708213
PR,santo antonio da platina,11,1544.84,0,0.0,0,0.00012612653931708213,0.0,0.0,0.00010700525859390934,0.0,-0.00012612653931708213
RJ,goitacazes,11,1388.24,0,0.0,0,0.00012612653931708213,0.0,0.0,9.615816537014107e-05,0.0,-0.00012612653931708213
RJ,italva,11,1480.61,0,0.0,0,0.00012612653931708213,0.0,0.0,0.00010255628798239825,0.0,-0.00012612653931708213
RJ,mangaratiba,11,1186.19,0,0.0,0,0.00012612653931708213,0.0,0.0,8.216292152683083e-05,0.0,-0.00012612653931708213
RJ,sao jose do vale do rio preto,11,1459.26,0,0.0,0,0.00012612653931708213,0.0,0.0,0.00010107745375297647,0.0,-0.00012612653931708213
RO,cacoal,11,1851.03,0,0.0,0,0.00012612653931708213,0.0,0.0,0.00012821388869726575,0.0,-0.00012612653931708213
RS,cangucu,11,1545.69,0,0.0,0,0.00012612653931708213,0.0,0.0,0.00010706413489812521,0.0,-0.00012612653931708213
RS,ivoti,11,887.42,0,0.0,0,0.00012612653931708213,0.0,0.0,6.146824692615872e-05,0.0,-0.00012612653931708213
RS,parobe,11,1886.51,0,0.0,0,0.00012612653931708213,0.0,0.0,0.00013067145490147585,0.0,-0.00012612653931708213
RS,rosario do sul,11,1214.1,0,0.0,0,0.00012612653931708213,0.0,0.0,8.409614229231851e-05,0.0,-0.00012612653931708213
RS,sao sebastiao do cai,11,2053.37,0,0.0,0,0.00012612653931708213,0.0,0.0,0.00014222921975024964,0.0,-0.00012612653931708213
RS,taquari,11,1870.86,0,0.0,0,0.00012612653931708213,0.0,0.0,0.00012958743824150154,0.0,-0.00012612653931708213
RS,tres passos,11,1503.72,0,0.0,0,0.00012612653931708213,0.0,0.0,0.000104157030794667,0.0,-0.00012612653931708213
SC,araquari,11,1285.3600000000001,0,0.0,0,0.00012612653931708213,0.0,0.0,8.903205457281488e-05,0.0,-0.00012612653931708213
SC,guaramirim,11,1437.69,0,0.0,0,0.00012612653931708213,0.0,0.0,9.958338095069881e-05,0.0,-0.00012612653931708213
SC,santo amaro da imperatriz,11,3245.7,0,0.0,0,0.00012612653931708213,0.0,0.0,0.0002248174359922397,0.0,-0.00012612653931708213
SE,lagarto,11,2362.35,0,0.0,0,0.00012612653931708213,0.0,0.0,0.00016363110266391455,0.0,-0.00012612653931708213
SP,brotas,11,1188.02,0,0.0,0,0.00012612653931708213,0.0,0.0,8.228967874649556e-05,0.0,-0.00012612653931708213
SP,chavantes,11,1009.6,0,0.0,0,0.00012612653931708213,0.0,0.0,6.993119616038612e-05,0.0,-0.00012612653931708213
SP,engenheiro coelho,11,1056.98,0,0.0,0,0.00012612653931708213,0.0,0.0,7.321303062361818e-05,0.0,-0.00012612653931708213
SP,ibate,11,1767.29,0,0.0,0,0.00012612653931708213,0.0,0.0,0.00012241353373840014,0.0,-0.00012612653931708213
SP,itaporanga,11,2621.13,0,0.0,0,0.00012612653931708213,0.0,0.0,0.00018155582031683127,0.0,-0.00012612653931708213
SP,jardinopolis,11,1611.31,0,0.0,0,0.00012612653931708213,0.0,0.0,0.00011160938558358929,0.0,-0.00012612653931708213
SP,miguelopolis,11,1874.29,0,0.0,0,0.00012612653931708213,0.0,0.0,0.00012982502144557258,0.0,-0.00012612653931708213
SP,ouroeste,11,1437.57,0,0.0,0,0.00012612653931708213,0.0,0.0,9.957506900186833e-05,0.0,-0.00012612653931708213
SP,pinhalzinho,11,1402.9099999999999,0,0.0,0,0.00012612653931708213,0.0,0.0,9.717430111466647e-05,0.0,-0.00012612653931708213
SP,pirapora do bom jesus,11,2613.92,0,0.0,0,0.00012612653931708213,0.0,0.0,0.00018105641072460032,0.0,-0.00012612653931708213
SP,pontal,11,1258.97,0,0.0,0,0.00012612653931708213,0.0,0.0,8.720411849251318e-05,0.0,-0.00012612653931708213
SP,santa gertrudes,11,1471.05,0,0.0,0,0.00012612653931708213,0.0,0.0,0.00010189410272557052,0.0,-0.00012612653931708213
SP,serra negra,11,3125.9700000000003,0,0.0,0,0.00012612653931708213,0.0,0.0,0.0002165241890466345,0.0,-0.00012612653931708213
SP,tanabi,11,1666.88,0,0.0,0,0.00012612653931708213,0.0,0.0,0.0001154585105545012,0.0,-0.00012612653931708213
BA,campo formoso,10,4054.34,0,0.0,0,0.00011466049028825648,0.0,0.0,0.0002808288885111924,0.0,-0.00011466049028825648
BA,candeias,10,1387.11,0,0.0,0,0.00011466049028825648,0.0,0.0,9.60798945186541e-05,0.0,-0.00011466049028825648
BA,mata de sao joao,10,1344.18,0,0.0,0,0.00011466049028825648,0.0,0.0,9.310629482455211e-05,0.0,-0.00011466049028825648
CE,brejo santo,10,1949.35,0,0.0,0,0.00011466049028825648,0.0,0.0,0.00013502414543903394,0.0,-0.00011466049028825648
CE,itapipoca,10,1482.91,0,0.0,0,0.00011466049028825648,0.0,0.0,0.00010271560033498235,0.0,-0.00011466049028825648
CE,limoeiro do norte,10,1492.55,0,0.0,0,0.00011466049028825648,0.0,0.0,0.0001033833268910304,0.0,-0.00011466049028825648
CE,taua,10,1251.37,0,0.0,0,0.00011466049028825648,0.0,0.0,8.667769506658317e-05,0.0,-0.00011466049028825648
GO,goiatuba,10,2648.12,0,0.0,0,0.00011466049028825648,0.0,0.0,0.00018342531614128532,0.0,-0.00011466049028825648
GO,minacu,10,1787.83,0,0.0,0,0.00011466049028825648,0.0,0.0,0.00012383626231321623,0.0,-0.00011466049028825648
GO,piracanjuba,10,2211.4,0,0.0,0,0.00011466049028825648,0.0,0.0,0.00015317536369758108,0.0,-0.00011466049028825648
GO,pires do rio,10,3748.09,0,0.0,0,0.00011466049028825648,0.0,0.0,0.00025961610243342074,0.0,-0.00011466049028825648
MA,bacabal,10,3078.54,0,0.0,0,0.00011466049028825648,0.0,0.0,0.00021323889127138973,0.0,-0.00011466049028825648
MA,presidente dutra,10,1832.1299999999999,0,0.0,0,0.00011466049028825648,0.0,0.0,0.00012690475675646612,0.0,-0.00011466049028825648
MA,santa ines,10,1766.5700000000002,0,0.0,0,0.00011466049028825648,0.0,0.0,0.0001223636620454173,0.0,-0.00011466049028825648
MG,boa esperanca,10,1769.0,0,0.0,0,0.00011466049028825648,0.0,0.0,0.00012253197900923438,0.0,-0.00011466049028825648
MG,capinopolis,10,1193.81,0,0.0,0,0.00011466049028825648,0.0,0.0,8.269073027756591e-05,0.0,-0.00011466049028825648
MG,carmo do cajuru,10,1932.42,0,0.0,0,0.00011466049028825648,0.0,0.0,0.00013385146799153462,0.0,-0.00011466049028825648
MG,corinto,10,1545.6299999999999,0,0.0,0,0.00011466049028825648,0.0,0.0,0.00010705997892370996,0.0,-0.00011466049028825648
MG,mantena,10,1827.57,0,0.0,0,0.00011466049028825648,0.0,0.0,0.00012658890270090812,0.0,-0.00011466049028825648
MG,prata,10,1270.36,0,0.0,0,0.00011466049028825648,0.0,0.0,8.799306096900564e-05,0.0,-0.00011466049028825648
MG,sacramento,10,1941.06,0,0.0,0,0.00011466049028825648,0.0,0.0,0.0001344499283073287,0.0,-0.00011466049028825648
MG,sao francisco,10,1151.49,0,0.0,0,0.00011466049028825648,0.0,0.0,7.975938299001883e-05,0.0,-0.00011466049028825648
MS,costa rica,10,1172.73,0,0.0,0,0.00011466049028825648,0.0,0.0,8.123059793301269e-05,0.0,-0.00011466049028825648
MT,alta floresta,10,4133.89,0,0.0,0,0.00011466049028825648,0.0,0.0,0.000286339017923394,0.0,-0.00011466049028825648
MT,campo verde,10,1029.69,0,0.0,0,0.00011466049028825648,0.0,0.0,7.132275492708794e-05,0.0,-0.00011466049028825648
MT,canarana,10,1516.08,0,0.0,0,0.00011466049028825648,0.0,0.0,0.0001050131615242058,0.0,-0.00011466049028825648
MT,nova xavantina,10,3602.16,0,0.0,0,0.00011466049028825648,0.0,0.0,0.00024950807999316206,0.0,-0.00011466049028825648
MT,querencia,10,2701.95,0,0.0,0,0.00011466049028825648,0.0,0.0,0.00018715391785415535,0.0,-0.00011466049028825648
PB,cajazeiras,10,1735.75,0,0.0,0,0.00011466049028825648,0.0,0.0,0.0001202288765207906,0.0,-0.00011466049028825648
PE,carpina,10,2600.23,0,0.0,0,0.00011466049028825648,0.0,0.0,0.00018010815589552376,0.0,-0.00011466049028825648
PE,igarassu,10,2185.9,0,0.0,0,0.00011466049028825648,0.0,0.0,0.0001514090745711054,0.0,-0.00011466049028825648
PE,santa cruz do capibaribe,10,2562.79,0,0.0,0,0.00011466049028825648,0.0,0.0,0.00017751482786041594,0.0,-0.00011466049028825648
PE,serra talhada,10,2625.95,0,0.0,0,0.00011466049028825648,0.0,0.0,0.0001818896835948553,0.0,-0.00011466049028825648
PR,bandeirantes,10,1714.1,0,0.0,0,0.00011466049028825648,0.0,0.0,0.00011872926241929262,0.0,-0.00011466049028825648
PR,cafelandia,10,1911.51,0,0.0,0,0.00011466049028825648,0.0,0.0,0.00013240311090782455,0.0,-0.00011466049028825648
PR,sao joao,10,1064.79,0,0.0,0,0.00011466049028825648,0.0,0.0,7.375399996000152e-05,0.0,-0.00011466049028825648
RJ,mendes,10,1263.99,0,0.0,0,0.00011466049028825648,0.0,0.0,8.7551835018588e-05,0.0,-0.00011466049028825648
RN,caico,10,3215.31,0,0.0,0,0.00011466049028825648,0.0,0.0,0.00022271243495092222,0.0,-0.00011466049028825648
RS,encantado,10,3105.2200000000003,0,0.0,0,0.00011466049028825648,0.0,0.0,0.00021508691456136508,0.0,-0.00011466049028825648
RS,portao,10,959.46,0,0.0,0,0.00011466049028825648,0.0,0.0,6.645818687405316e-05,0.0,-0.00011466049028825648
RS,triunfo,10,2015.58,0,0.0,0,0.00011466049028825648,0.0,0.0,0.00013961164853105293,0.0,-0.00011466049028825648
SC,faxinal dos guedes,10,1906.5,0,0.0,0,0.00011466049028825648,0.0,0.0,0.00013205608704415227,0.0,-0.00011466049028825648
SC,forquilhinha,10,1347.69,0,0.0,0,0.00011466049028825648,0.0,0.0,9.334941932784348e-05,0.0,-0.00011466049028825648
SC,sao joao batista,10,2080.58,0,0.0,0,0.00011466049028825648,0.0,0.0,0.00014411395414755957,0.0,-0.00011466049028825648
SC,treze tilias,10,924.64,0,0.0,0,0.00011466049028825648,0.0,0.0,6.404633638841067e-05,0.0,-0.00011466049028825648
SC,urussanga,10,1083.08,0,0.0,0,0.00011466049028825648,0.0,0.0,7.502087949424623e-05,0.0,-0.00011466049028825648
SP,aracoiaba da serra,10,1584.56,0,0.0,0,0.00011466049028825648,0.0,0.0,0.00010975651365679617,0.0,-0.00011466049028825648
SP,boa esperanca do sul,10,813.26,0,0.0,0,0.00011466049028825648,0.0,0.0,5.633146254892592e-05,0.0,-0.00011466049028825648
SP,buri,10,1103.39,0,0.0,0,0.00011466049028825648,0.0,0.0,7.642767683380392e-05,0.0,-0.00011466049028825648
SP,charqueada,10,1290.88,0,0.0,0,0.00011466049028825648,0.0,0.0,8.941440421901668e-05,0.0,-0.00011466049028825648
SP,descalvado,10,1275.56,0,0.0,0,0.00011466049028825648,0.0,0.0,8.835324541832618e-05,0.0,-0.00011466049028825648
SP,dois corregos,10,1338.03,0,0.0,0,0.00011466049028825648,0.0,0.0,9.268030744699032e-05,0.0,-0.00011466049028825648
SP,embu,10,1719.66,0,0.0,0,0.00011466049028825648,0.0,0.0,0.00011911438271510459,0.0,-0.00011466049028825648
SP,guararema,10,1338.6200000000001,0,0.0,0,0.00011466049028825648,0.0,0.0,9.272117452874016e-05,0.0,-0.00011466049028825648
SP,itai,10,1972.66,0,0.0,0,0.00011466049028825648,0.0,0.0,0.0001366387414993535,0.0,-0.00011466049028825648
SP,palestina,10,634.5699999999999,0,0.0,0,0.00011466049028825648,0.0,0.0,4.395427807794791e-05,0.0,-0.00011466049028825648
SP,quata,10,3362.71,0,0.0,0,0.00011466049028825648,0.0,0.0,0.0002329222787643542,0.0,-0.00011466049028825648
SP,regente feijo,10,1088.31,0,0.0,0,0.00011466049028825648,0.0,0.0,7.538314193077438e-05,0.0,-0.00011466049028825648
SP,salesopolis,10,1310.96,0,0.0,0,0.00011466049028825648,0.0,0.0,9.080527032331595e-05,0.0,-0.00011466049028825648
SP,salto de pirapora,10,1071.32,0,0.0,0,0.00011466049028825648,0.0,0.0,7.420630850885979e-05,0.0,-0.00011466049028825648
SP,santa rosa de viterbo,10,1871.34,0,0.0,0,0.00011466049028825648,0.0,0.0,0.00012962068603682343,0.0,-0.00011466049028825648
SP,sao lourenco da serra,10,1071.86,0,0.0,0,0.00011466049028825648,0.0,0.0,7.424371227859692e-05,0.0,-0.00011466049028825648
SP,taguai,10,873.56,0,0.0,0,0.00011466049028825648,0.0,0.0,6.0508216836239e-05,0.0,-0.00011466049028825648
SP,tapiratiba,10,2778.01,0,0.0,0,0.00011466049028825648,0.0,0.0,0.00019242230808787068,0.0,-0.00011466049028825648
TO,paraiso do tocantins,10,2238.86,0,0.0,0,0.00011466049028825648,0.0,0.0,0.0001550774146549545,0.0,-0.00011466049028825648
AP,santana,9,1543.94,0,0.0,0,0.00010319444125943082,0.0,0.0,0.00010694291897768081,0.0,-0.00010319444125943082
BA,bom jesus da lapa,9,3153.69,0,0.0,0,0.00010319444125943082,0.0,0.0,0.00021844424922647394,0.0,-0.00010319444125943082
BA,caetite,9,2208.5299999999997,0,0.0,0,0.00010319444125943082,0.0,0.0,0.00015297656958805221,0.0,-0.00010319444125943082
BA,catu,9,1711.4,0,0.0,0,0.00010319444125943082,0.0,0.0,0.00011854224357060698,0.0,-0.00010319444125943082
BA,conceicao do coite,9,1307.04,0,0.0,0,0.00010319444125943082,0.0,0.0,9.053374666152046e-05,0.0,-0.00010319444125943082
CE,morada nova,9,1571.6,0,0.0,0,0.00010319444125943082,0.0,0.0,0.00010885882318310501,0.0,-0.00010319444125943082
CE,tiangua,9,2732.68,0,0.0,0,0.00010319444125943082,0.0,0.0,0.00018928246941715918,0.0,-0.00010319444125943082
ES,mimoso do sul,9,853.5600000000001,0,0.0,0,0.00010319444125943082,0.0,0.0,5.912289203116004e-05,0.0,-0.00010319444125943082
ES,santa teresa,9,1313.65,0,0.0,0,0.00010319444125943082,0.0,0.0,9.099159650959908e-05,0.0,-0.00010319444125943082
GO,alto paraiso de goias,9,1963.35,0,0.0,0,0.00010319444125943082,0.0,0.0,0.0001359938728025892,0.0,-0.00010319444125943082
GO,planaltina,9,996.51,0,0.0,0,0.00010319444125943082,0.0,0.0,6.902450107546193e-05,0.0,-0.00010319444125943082
MG,aimores,9,968.4300000000001,0,0.0,0,0.00010319444125943082,0.0,0.0,6.707950504913107e-05,0.0,-0.00010319444125943082
MG,andradas,9,3855.91,0,0.0,0,0.00010319444125943082,0.0,0.0,0.00026708438845760143,0.0,-0.00010319444125943082
MG,aracuai,9,1588.78,0,0.0,0,0.00010319444125943082,0.0,0.0,0.00011004881719066784,0.0,-0.00010319444125943082
MG,barroso,9,1215.84,0,0.0,0,0.00010319444125943082,0.0,0.0,8.421666555036038e-05,0.0,-0.00010319444125943082
MG,campina verde,9,822.65,0,0.0,0,0.00010319444125943082,0.0,0.0,5.698187254491049e-05,0.0,-0.00010319444125943082
MG,eloi mendes,9,1928.67,0,0.0,0,0.00010319444125943082,0.0,0.0,0.00013359171959058231,0.0,-0.00010319444125943082
MG,guaranesia,9,972.8299999999999,0,0.0,0,0.00010319444125943082,0.0,0.0,6.738427650624843e-05,0.0,-0.00010319444125943082
MG,igarape,9,2016.35,0,0.0,0,0.00010319444125943082,0.0,0.0,0.00013966498353604846,0.0,-0.00010319444125943082
MG,itamonte,9,1105.06,0,0.0,0,0.00010319444125943082,0.0,0.0,7.6543351455028e-05,0.0,-0.00010319444125943082
MG,jequitinhonha,9,1462.1000000000001,0,0.0,0,0.00010319444125943082,0.0,0.0,0.00010127416987529769,0.0,-0.00010319444125943082
MG,lagoa da prata,9,1884.0800000000002,0,0.0,0,0.00010319444125943082,0.0,0.0,0.00013050313793765877,0.0,-0.00010319444125943082
MG,mar de espanha,9,1191.57,0,0.0,0,0.00010319444125943082,0.0,0.0,8.253557389939706e-05,0.0,-0.00010319444125943082
MG,monte santo de minas,9,1018.0,0,0.0,0,0.00010319444125943082,0.0,0.0,7.051303257851928e-05,0.0,-0.00010319444125943082
MG,nepomuceno,9,810.68,0,0.0,0,0.00010319444125943082,0.0,0.0,5.6152755649070735e-05,0.0,-0.00010319444125943082
MG,nova ponte,9,1638.54,0,0.0,0,0.00010319444125943082,0.0,0.0,0.0001134955053057043,0.0,-0.00010319444125943082
MG,paraopeba,9,1066.74,0,0.0,0,0.00010319444125943082,0.0,0.0,7.388906912849672e-05,0.0,-0.00010319444125943082
MG,passa quatro,9,1906.52,0,0.0,0,0.00010319444125943082,0.0,0.0,0.00013205747236895733,0.0,-0.00010319444125943082
MG,resplendor,9,882.49,0,0.0,0,0.00010319444125943082,0.0,0.0,6.112676436170675e-05,0.0,-0.00010319444125943082
MS,sidrolandia,9,1842.5300000000002,0,0.0,0,0.00010319444125943082,0.0,0.0,0.00012762512565510722,0.0,-0.00010319444125943082
PA,abaetetuba,9,3768.66,0,0.0,0,0.00010319444125943082,0.0,0.0,0.00026104090899544443,0.0,-0.00010319444125943082
PA,braganca,9,1437.27,0,0.0,0,0.00010319444125943082,0.0,0.0,9.955428912979215e-05,0.0,-0.00010319444125943082
PA,rondon do para,9,3484.38,0,0.0,0,0.00010319444125943082,0.0,0.0,0.00024134990221605208,0.0,-0.00010319444125943082
PA,xinguara,9,1608.51,0,0.0,0,0.00010319444125943082,0.0,0.0,0.00011141544011087823,0.0,-0.00010319444125943082
PB,guarabira,9,1521.65,0,0.0,0,0.00010319444125943082,0.0,0.0,0.0001053989744824203,0.0,-0.00010319444125943082
PE,abreu e lima,9,2871.92,0,0.0,0,0.00010319444125943082,0.0,0.0,0.00019892710071011896,0.0,-0.00010319444125943082
PE,bezerros,9,1342.51,0,0.0,0,0.00010319444125943082,0.0,0.0,9.299062020332801e-05,0.0,-0.00010319444125943082
PE,escada,9,3412.5,0,0.0,0,0.00010319444125943082,0.0,0.0,0.00023637104486659826,0.0,-0.00010319444125943082
PE,goiana,9,853.96,0,0.0,0,0.00010319444125943082,0.0,0.0,5.9150598527261615e-05,0.0,-0.00010319444125943082
PE,gravata,9,2033.6,0,0.0,0,0.00010319444125943082,0.0,0.0,0.00014085982618042907,0.0,-0.00010319444125943082
PE,sao lourenco da mata,9,1413.4,0,0.0,0,0.00010319444125943082,0.0,0.0,9.790090397493041e-05,0.0,-0.00010319444125943082
PR,andira,9,1688.5900000000001,0,0.0,0,0.00010319444125943082,0.0,0.0,0.00011696228063041442,0.0,-0.00010319444125943082
PR,antonina,9,2200.75,0,0.0,0,0.00010319444125943082,0.0,0.0,0.00015243767823887652,0.0,-0.00010319444125943082
PR,arapoti,9,1280.9099999999999,0,0.0,0,0.00010319444125943082,0.0,0.0,8.872381980368479e-05,0.0,-0.00010319444125943082
PR,cambara,9,1022.62,0,0.0,0,0.00010319444125943082,0.0,0.0,7.083304260849252e-05,0.0,-0.00010319444125943082
PR,campina grande do sul,9,1276.75,0,0.0,0,0.00010319444125943082,0.0,0.0,8.843567224422839e-05,0.0,-0.00010319444125943082
PR,coronel vivida,9,884.4300000000001,0,0.0,0,0.00010319444125943082,0.0,0.0,6.126114086779942e-05,0.0,-0.00010319444125943082
PR,guaratuba,9,2017.31,0,0.0,0,0.00010319444125943082,0.0,0.0,0.00013973147912669227,0.0,-0.00010319444125943082
PR,paicandu,9,1057.92,0,0.0,0,0.00010319444125943082,0.0,0.0,7.327814088945689e-05,0.0,-0.00010319444125943082
PR,palotina,9,1012.34,0,0.0,0,0.00010319444125943082,0.0,0.0,7.012098565868194e-05,0.0,-0.00010319444125943082
PR,santa helena,9,803.75,0,0.0,0,0.00010319444125943082,0.0,0.0,5.567274060411087e-05,0.0,-0.00010319444125943082
PR,sao miguel do iguacu,9,1244.14,0,0.0,0,0.00010319444125943082,0.0,0.0,8.617690014954713e-05,0.0,-0.00010319444125943082
PR,siqueira campos,9,1663.61,0,0.0,0,0.00010319444125943082,0.0,0.0,0.00011523200994887077,0.0,-0.00010319444125943082
RJ,papucaia,9,1252.6200000000001,0,0.0,0,0.00010319444125943082,0.0,0.0,8.676427786690062e-05,0.0,-0.00010319444125943082
RJ,quissama,9,1555.1399999999999,0,0.0,0,0.00010319444125943082,0.0,0.0,0.00010771870086852501,0.0,-0.00010319444125943082
RJ,sumidouro,9,1325.97,0,0.0,0,0.00010319444125943082,0.0,0.0,9.18449565895277e-05,0.0,-0.00010319444125943082
RS,dom pedrito,9,1578.56,0,0.0,0,0.00010319444125943082,0.0,0.0,0.00010934091621527248,0.0,-0.00010319444125943082
RS,garibaldi,9,1216.25,0,0.0,0,0.00010319444125943082,0.0,0.0,8.424506470886452e-05,0.0,-0.00010319444125943082
RS,girua,9,1560.97,0,0.0,0,0.00010319444125943082,0.0,0.0,0.00010812252304920554,0.0,-0.00010319444125943082
RS,itaqui,9,1522.33,0,0.0,0,0.00010319444125943082,0.0,0.0,0.00010544607552579297,0.0,-0.00010319444125943082
RS,julio de castilhos,9,924.49,0,0.0,0,0.00010319444125943082,0.0,0.0,6.403594645237258e-05,0.0,-0.00010319444125943082
RS,mostardas,9,1631.84,0,0.0,0,0.00010319444125943082,0.0,0.0,0.00011303142149600284,0.0,-0.00010319444125943082
RS,rolante,9,1078.45,0,0.0,0,0.00010319444125943082,0.0,0.0,7.470017680187045e-05,0.0,-0.00010319444125943082
RS,sao marcos,9,994.76,0,0.0,0,0.00010319444125943082,0.0,0.0,6.890328515501752e-05,0.0,-0.00010319444125943082
RS,tapejara,9,1364.49,0,0.0,0,0.00010319444125943082,0.0,0.0,9.45130921641098e-05,0.0,-0.00010319444125943082
SC,capinzal,9,1439.0,0,0.0,0,0.00010319444125943082,0.0,0.0,9.967411972543148e-05,0.0,-0.00010319444125943082
SC,itapiranga,9,2733.05,0,0.0,0,0.00010319444125943082,0.0,0.0,0.00018930809792605318,0.0,-0.00010319444125943082
SC,itapoa,9,1087.75,0,0.0,0,0.00010319444125943082,0.0,0.0,7.534435283623217e-05,0.0,-0.00010319444125943082
SC,maravilha,9,686.6,0,0.0,0,0.00010319444125943082,0.0,0.0,4.755820055836084e-05,0.0,-0.00010319444125943082
SC,pinhalzinho,9,1040.2,0,0.0,0,0.00010319444125943082,0.0,0.0,7.205074311215694e-05,0.0,-0.00010319444125943082
SC,pomerode,9,2713.64,0,0.0,0,0.00010319444125943082,0.0,0.0,0.000187963640202724,0.0,-0.00010319444125943082
SC,rio negrinho,9,871.22,0,0.0,0,0.00010319444125943082,0.0,0.0,6.034613383404476e-05,0.0,-0.00010319444125943082
SC,sao joaquim,9,1310.39,0,0.0,0,0.00010319444125943082,0.0,0.0,9.076578856637121e-05,0.0,-0.00010319444125943082
SC,sombrio,9,1437.1200000000001,0,0.0,0,0.00010319444125943082,0.0,0.0,9.954389919375406e-05,0.0,-0.00010319444125943082
SP,aguai,9,2370.7999999999997,0,0.0,0,0.00010319444125943082,0.0,0.0,0.0001642164023940604,0.0,-0.00010319444125943082
SP,aguas da prata,9,1153.64,0,0.0,0,0.00010319444125943082,0.0,0.0,7.990830540656482e-05,0.0,-0.00010319444125943082
SP,auriflama,9,1989.0099999999998,0,0.0,0,0.00010319444125943082,0.0,0.0,0.00013777124452750552,0.0,-0.00010319444125943082
SP,biritiba-mirim,9,1554.98,0,0.0,0,0.00010319444125943082,0.0,0.0,0.00010770761827008438,0.0,-0.00010319444125943082
SP,brodowski,9,1123.4,0,0.0,0,0.00010319444125943082,0.0,0.0,7.781369430128543e-05,0.0,-0.00010319444125943082
SP,buritama,9,1234.42,0,0.0,0,0.00010319444125943082,0.0,0.0,8.550363229427875e-05,0.0,-0.00010319444125943082
SP,caconde,9,1716.15,0,0.0,0,0.00010319444125943082,0.0,0.0,0.00011887125821181323,0.0,-0.00010319444125943082
SP,cajuru,9,793.9,0,0.0,0,0.00010319444125943082,0.0,0.0,5.499046813760948e-05,0.0,-0.00010319444125943082
SP,castilho,9,2931.25,0,0.0,0,0.00010319444125943082,0.0,0.0,0.0002030366667443857,0.0,-0.00010319444125943082
SP,duartina,9,1453.3,0,0.0,0,0.00010319444125943082,0.0,0.0,0.00010066462696106294,0.0,-0.00010319444125943082
SP,fartura,9,2080.63,0,0.0,0,0.00010319444125943082,0.0,0.0,0.00014411741745957228,0.0,-0.00010319444125943082
SP,itajobi,9,1748.3600000000001,0,0.0,0,0.00010319444125943082,0.0,0.0,0.00012110232381039291,0.0,-0.00010319444125943082
SP,morro agudo,9,1967.96,0,0.0,0,0.00010319444125943082,0.0,0.0,0.00013631319017015991,0.0,-0.00010319444125943082
SP,paraibuna,9,1774.4099999999999,0,0.0,0,0.00010319444125943082,0.0,0.0,0.00012290670936900824,0.0,-0.00010319444125943082
SP,paranapanema,9,677.15,0,0.0,0,0.00010319444125943082,0.0,0.0,4.690363458796103e-05,0.0,-0.00010319444125943082
SP,piquete,9,945.86,0,0.0,0,0.00010319444125943082,0.0,0.0,6.551616600659946e-05,0.0,-0.00010319444125943082
SP,pirapozinho,9,1290.47,0,0.0,0,0.00010319444125943082,0.0,0.0,8.938600506051254e-05,0.0,-0.00010319444125943082
SP,pradopolis,9,816.62,0,0.0,0,0.00010319444125943082,0.0,0.0,5.656419711617919e-05,0.0,-0.00010319444125943082
SP,primavera,9,1166.01,0,0.0,0,0.00010319444125943082,0.0,0.0,8.076512879850615e-05,0.0,-0.00010319444125943082
SP,rio das pedras,9,1087.83,0,0.0,0,0.00010319444125943082,0.0,0.0,7.534989413545247e-05,0.0,-0.00010319444125943082
SP,santa cruz das palmeiras,9,736.51,0,0.0,0,0.00010319444125943082,0.0,0.0,5.1015278609435393e-05,0.0,-0.00010319444125943082
SP,sao simao,9,1439.29,0,0.0,0,0.00010319444125943082,0.0,0.0,9.969420693510512e-05,0.0,-0.00010319444125943082
SP,taruma,9,1189.95,0,0.0,0,0.00010319444125943082,0.0,0.0,8.242336259018568e-05,0.0,-0.00010319444125943082
SP,urupes,9,1250.27,0,0.0,0,0.00010319444125943082,0.0,0.0,8.660150220230382e-05,0.0,-0.00010319444125943082
AL,penedo,8,1592.67,0,0.0,0,9.172839223060517e-05,0.0,0.0,0.00011031826286525571,0.0,-9.172839223060517e-05
BA,cicero dantas,8,4097.2,0,0.0,0,9.172839223060517e-05,0.0,0.0,0.0002837976395684766,0.0,-9.172839223060517e-05
BA,itaberaba,8,1081.88,0,0.0,0,9.172839223060517e-05,0.0,0.0,7.49377600059415e-05,0.0,-9.172839223060517e-05
BA,macaubas,8,1221.39,0,0.0,0,9.172839223060517e-05,0.0,0.0,8.460109318376981e-05,0.0,-9.172839223060517e-05
BA,ribeira do pombal,8,782.36,0,0.0,0,9.172839223060517e-05,0.0,0.0,5.4191135725078925e-05,0.0,-9.172839223060517e-05
BA,santo amaro,8,1941.1000000000001,0,0.0,0,9.172839223060517e-05,0.0,0.0,0.00013445269895693887,0.0,-9.172839223060517e-05
BA,tucano,8,969.5799999999999,0,0.0,0,9.172839223060517e-05,0.0,0.0,6.71591612254231e-05,0.0,-9.172839223060517e-05
CE,camocim,8,2078.27,0,0.0,0,9.172839223060517e-05,0.0,0.0,0.00014395394913257296,0.0,-9.172839223060517e-05
CE,crateus,8,2563.9,0,0.0,0,9.172839223060517e-05,0.0,0.0,0.00017759171338709782,0.0,-9.172839223060517e-05
CE,ico,8,2355.35,0,0.0,0,9.172839223060517e-05,0.0,0.0,0.00016314623898213692,0.0,-9.172839223060517e-05
CE,russas,8,2853.9399999999996,0,0.0,0,9.172839223060517e-05,0.0,0.0,0.00019768169371035292,0.0,-9.172839223060517e-05
ES,baixo guandu,8,1617.17,0,0.0,0,9.172839223060517e-05,0.0,0.0,0.00011201528575147743,0.0,-9.172839223060517e-05
ES,domingos martins,8,1353.63,0,0.0,0,9.172839223060517e-05,0.0,0.0,9.376086079495193e-05,0.0,-9.172839223060517e-05
ES,ecoporanga,8,1145.83,0,0.0,0,9.172839223060517e-05,0.0,0.0,7.936733607018148e-05,0.0,-9.172839223060517e-05
ES,marilandia,8,1593.22,0,0.0,0,9.172839223060517e-05,0.0,0.0,0.00011035635929739537,0.0,-9.172839223060517e-05
ES,pinheiros,8,1182.51,0,0.0,0,9.172839223060517e-05,0.0,0.0,8.19080217626963e-05,0.0,-9.172839223060517e-05
GO,anicuns,8,809.19,0,0.0,0,9.172839223060517e-05,0.0,0.0,5.604954895109236e-05,0.0,-9.172839223060517e-05
GO,cristalina,8,2275.49,0,0.0,0,9.172839223060517e-05,0.0,0.0,0.0001576146370354566,0.0,-9.172839223060517e-05
GO,goias,8,1236.73,0,0.0,0,9.172839223060517e-05,0.0,0.0,8.566363730926538e-05,0.0,-9.172839223060517e-05
GO,santa helena de goias,8,1644.1,0,0.0,0,9.172839223060517e-05,0.0,0.0,0.00011388062560151624,0.0,-9.172839223060517e-05
MG,astolfo dutra,8,1509.69,0,0.0,0,9.172839223060517e-05,0.0,0.0,0.00010457055024898308,0.0,-9.172839223060517e-05
MG,baependi,8,1587.39,0,0.0,0,9.172839223060517e-05,0.0,0.0,0.00010995253711671485,0.0,-9.172839223060517e-05
MG,bom jardim de minas,8,1068.38,0,0.0,0,9.172839223060517e-05,0.0,0.0,7.40026657625132e-05,0.0,-9.172839223060517e-05
MG,buritizeiro,8,2911.23,0,0.0,0,9.172839223060517e-05,0.0,0.0,0.00020164995661450165,0.0,-9.172839223060517e-05
MG,camanducaia,8,2323.39,0,0.0,0,9.172839223060517e-05,0.0,0.0,0.00016093248994362072,0.0,-9.172839223060517e-05
MG,candeias,8,975.85,0,0.0,0,9.172839223060517e-05,0.0,0.0,6.759346055181537e-05,0.0,-9.172839223060517e-05
MG,dores de campos,8,1464.19,0,0.0,0,9.172839223060517e-05,0.0,0.0,0.00010141893631742844,0.0,-9.172839223060517e-05
MG,ibia,8,1736.17,0,0.0,0,9.172839223060517e-05,0.0,0.0,0.00012025796834169727,0.0,-9.172839223060517e-05
MG,lambari,8,1692.91,0,0.0,0,9.172839223060517e-05,0.0,0.0,0.00011726151078831147,0.0,-9.172839223060517e-05
MG,mirai,8,1132.43,0,0.0,0,9.172839223060517e-05,0.0,0.0,7.843916845077858e-05,0.0,-9.172839223060517e-05
MG,muzambinho,8,840.63,0,0.0,0,9.172839223060517e-05,0.0,0.0,5.8227279544676486e-05,0.0,-9.172839223060517e-05
MG,perdizes,8,1382.5,0,0.0,0,9.172839223060517e-05,0.0,0.0,9.57605771510834e-05,0.0,-9.172839223060517e-05
MG,perdoes,8,752.01,0,0.0,0,9.172839223060517e-05,0.0,0.0,5.208890533337159e-05,0.0,-9.172839223060517e-05
MG,piranguinho,8,1689.85,0,0.0,0,9.172839223060517e-05,0.0,0.0,0.00011704955609313437,0.0,-9.172839223060517e-05
MG,rio paranaiba,8,767.59,0,0.0,0,9.172839223060517e-05,0.0,0.0,5.316807335652811e-05,0.0,-9.172839223060517e-05
MG,sao goncalo do sapucai,8,1342.3400000000001,0,0.0,0,9.172839223060517e-05,0.0,0.0,9.297884494248485e-05,0.0,-9.172839223060517e-05
MS,bonito,8,1150.97,0,0.0,0,9.172839223060517e-05,0.0,0.0,7.972336454508678e-05,0.0,-9.172839223060517e-05
MS,navirai,8,2313.2400000000002,0,0.0,0,9.172839223060517e-05,0.0,0.0,0.00016022943760504317,0.0,-9.172839223060517e-05
MT,aripuana,8,1348.3799999999999,0,0.0,0,9.172839223060517e-05,0.0,0.0,9.339721303361869e-05,0.0,-9.172839223060517e-05
MT,colider,8,2943.95,0,0.0,0,9.172839223060517e-05,0.0,0.0,0.00020391634799561082,0.0,-9.172839223060517e-05
MT,pontes e lacerda,8,1792.46,0,0.0,0,9.172839223060517e-05,0.0,0.0,0.000124156965005592,0.0,-9.172839223060517e-05
MT,sapezal,8,1139.52,0,0.0,0,9.172839223060517e-05,0.0,0.0,7.893026609417906e-05,0.0,-9.172839223060517e-05
PA,canaa dos carajas,8,1905.1100000000001,0,0.0,0,9.172839223060517e-05,0.0,0.0,0.00013195980697019928,0.0,-9.172839223060517e-05
PE,afogados da ingazeira,8,1596.3899999999999,0,0.0,0,9.172839223060517e-05,0.0,0.0,0.00011057593327900038,0.0,-9.172839223060517e-05
PE,ouricuri,8,2730.73,0,0.0,0,9.172839223060517e-05,0.0,0.0,0.000189147400248664,0.0,-9.172839223060517e-05
PE,palmares,8,1503.57,0,0.0,0,9.172839223060517e-05,0.0,0.0,0.0001041466408586289,0.0,-9.172839223060517e-05
PE,petrolandia,8,1795.93,0,0.0,0,9.172839223060517e-05,0.0,0.0,0.0001243973188592732,0.0,-9.172839223060517e-05
PR,ibaiti,8,1097.0,0,0.0,0,9.172839223060517e-05,0.0,0.0,7.598506555858119e-05,0.0,-9.172839223060517e-05
PR,mambore,8,928.47,0,0.0,0,9.172839223060517e-05,0.0,0.0,6.43116260885833e-05,0.0,-9.172839223060517e-05
PR,mangueirinha,8,1733.05,0,0.0,0,9.172839223060517e-05,0.0,0.0,0.00012004185767210494,0.0,-9.172839223060517e-05
PR,nova esperanca,8,1760.46,0,0.0,0,9.172839223060517e-05,0.0,0.0,0.00012194044531746567,0.0,-9.172839223060517e-05
PR,pontal do parana,8,1235.05,0,0.0,0,9.172839223060517e-05,0.0,0.0,8.554727002563873e-05,0.0,-9.172839223060517e-05
PR,porecatu,8,930.71,0,0.0,0,9.172839223060517e-05,0.0,0.0,6.446678246675215e-05,0.0,-9.172839223060517e-05
RJ,trajano de moraes,8,913.04,0,0.0,0,9.172839223060517e-05,0.0,0.0,6.324284800146487e-05,0.0,-9.172839223060517e-05
RN,pau dos ferros,8,2017.1599999999999,0,0.0,0,9.172839223060517e-05,0.0,0.0,0.00013972108919065417,0.0,-9.172839223060517e-05
RS,arroio dos ratos,8,1226.52,0,0.0,0,9.172839223060517e-05,0.0,0.0,8.495642899627257e-05,0.0,-9.172839223060517e-05
RS,nova petropolis,8,600.06,0,0.0,0,9.172839223060517e-05,0.0,0.0,4.156390012678416e-05,0.0,-9.172839223060517e-05
RS,serafina correa,8,845.36,0,0.0,0,9.172839223060517e-05,0.0,0.0,5.855490886107766e-05,0.0,-9.172839223060517e-05
SC,balneario picarras,8,1619.8200000000002,0,0.0,0,9.172839223060517e-05,0.0,0.0,0.0001121988412881504,0.0,-9.172839223060517e-05
SC,correia pinto,8,1680.1799999999998,0,0.0,0,9.172839223060517e-05,0.0,0.0,0.00011637975154987869,0.0,-9.172839223060517e-05
SC,herval d'oeste,8,1017.99,0,0.0,0,9.172839223060517e-05,0.0,0.0,7.051233991611674e-05,0.0,-9.172839223060517e-05
SC,itaiopolis,8,1555.42,0,0.0,0,9.172839223060517e-05,0.0,0.0,0.00010773809541579613,0.0,-9.172839223060517e-05
SC,orleans,8,1617.67,0,0.0,0,9.172839223060517e-05,0.0,0.0,0.00011204991887160441,0.0,-9.172839223060517e-05
SC,papanduva,8,876.65,0,0.0,0,9.172839223060517e-05,0.0,0.0,6.07222495186237e-05,0.0,-9.172839223060517e-05
SC,porto belo,8,865.19,0,0.0,0,9.172839223060517e-05,0.0,0.0,5.992845840531346e-05,0.0,-9.172839223060517e-05
SC,sao lourenco do oeste,8,928.78,0,0.0,0,9.172839223060517e-05,0.0,0.0,6.433309862306202e-05,0.0,-9.172839223060517e-05
SC,schroeder,8,1300.39,0,0.0,0,9.172839223060517e-05,0.0,0.0,9.007312616383172e-05,0.0,-9.172839223060517e-05
SC,xaxim,8,1809.5400000000002,0,0.0,0,9.172839223060517e-05,0.0,0.0,0.00012534003238912945,0.0,-9.172839223060517e-05
SE,estancia,8,3095.84,0,0.0,0,9.172839223060517e-05,0.0,0.0,0.00021443719722778304,0.0,-9.172839223060517e-05
SP,alvares machado,8,4227.42,0,0.0,0,9.172839223060517e-05,0.0,0.0,0.00029281748937434575,0.0,-9.172839223060517e-05
SP,borborema,8,936.8,0,0.0,0,9.172839223060517e-05,0.0,0.0,6.488861386989869e-05,0.0,-9.172839223060517e-05
SP,cajobi,8,1162.8899999999999,0,0.0,0,9.172839223060517e-05,0.0,0.0,8.054901812891382e-05,0.0,-9.172839223060517e-05
SP,colina,8,762.25,0,0.0,0,9.172839223060517e-05,0.0,0.0,5.2798191633572026e-05,0.0,-9.172839223060517e-05
SP,guaicara,8,917.56,0,0.0,0,9.172839223060517e-05,0.0,0.0,6.355593140741271e-05,0.0,-9.172839223060517e-05
SP,icem,8,1043.6399999999999,0,0.0,0,9.172839223060517e-05,0.0,0.0,7.22890189786305e-05,0.0,-9.172839223060517e-05
SP,juquia,8,712.01,0,0.0,0,9.172839223060517e-05,0.0,0.0,4.9318255723213666e-05,0.0,-9.172839223060517e-05
SP,lindoia,8,691.47,0,0.0,0,9.172839223060517e-05,0.0,0.0,4.789552714839757e-05,0.0,-9.172839223060517e-05
SP,maracai,8,1345.6,0,0.0,0,9.172839223060517e-05,0.0,0.0,9.320465288571271e-05,0.0,-9.172839223060517e-05
SP,martinopolis,8,4084.1099999999997,0,0.0,0,9.172839223060517e-05,0.0,0.0,0.0002828909444835524,0.0,-9.172839223060517e-05
SP,mirandopolis,8,1067.1,0,0.0,0,9.172839223060517e-05,0.0,0.0,7.391400497498812e-05,0.0,-9.172839223060517e-05
SP,monte aprazivel,8,1074.51,0,0.0,0,9.172839223060517e-05,0.0,0.0,7.442726781526989e-05,0.0,-9.172839223060517e-05
SP,piratininga,8,1716.0500000000002,0,0.0,0,9.172839223060517e-05,0.0,0.0,0.00011886433158778785,0.0,-9.172839223060517e-05
SP,potirendaba,8,842.8399999999999,0,0.0,0,9.172839223060517e-05,0.0,0.0,5.8380357935637706e-05,0.0,-9.172839223060517e-05
SP,santa branca,8,877.88,0,0.0,0,9.172839223060517e-05,0.0,0.0,6.080744699413606e-05,0.0,-9.172839223060517e-05
SP,vera cruz,8,987.1899999999999,0,0.0,0,9.172839223060517e-05,0.0,0.0,6.837893971629514e-05,0.0,-9.172839223060517e-05
TO,porto nacional,8,1911.38,0,0.0,0,9.172839223060517e-05,0.0,0.0,0.00013239410629659154,0.0,-9.172839223060517e-05
AL,teotonio vilela,7,2331.9,0,0.0,0,8.026234320177953e-05,0.0,0.0,0.00016152194564818183,0.0,-8.026234320177953e-05
BA,camamu,7,1782.6,0,0.0,0,8.026234320177953e-05,0.0,0.0,0.00012347399987668807,0.0,-8.026234320177953e-05
BA,madre de deus,7,826.74,0,0.0,0,8.026234320177953e-05,0.0,0.0,5.7265171467549145e-05,0.0,-8.026234320177953e-05
BA,mucuri,7,2385.9900000000002,0,0.0,0,8.026234320177953e-05,0.0,0.0,0.0001652685565835179,0.0,-8.026234320177953e-05
BA,nucleo residencial pilar,7,2417.94,0,0.0,0,8.026234320177953e-05,0.0,0.0,0.00016748161295963154,0.0,-8.026234320177953e-05
BA,potiragua,7,644.7,0,0.0,0,8.026234320177953e-05,0.0,0.0,4.465594509172042e-05,0.0,-8.026234320177953e-05
BA,ruy barbosa,7,921.15,0,0.0,0,8.026234320177953e-05,0.0,0.0,6.380459720992439e-05,0.0,-8.026234320177953e-05
BA,vera cruz,7,1394.82,0,0.0,0,8.026234320177953e-05,0.0,0.0,9.661393723101204e-05,0.0,-8.026234320177953e-05
CE,acopiara,7,901.67,0,0.0,0,8.026234320177953e-05,0.0,0.0,6.245529084977749e-05,0.0,-8.026234320177953e-05
CE,cruz,7,1772.56,0,0.0,0,8.026234320177953e-05,0.0,0.0,0.00012277856682453843,0.0,-8.026234320177953e-05
CE,nova russas,7,1842.0300000000002,0,0.0,0,8.026234320177953e-05,0.0,0.0,0.00012759049253498024,0.0,-8.026234320177953e-05
ES,barra de sao francisco,7,728.9399999999999,0,0.0,0,8.026234320177953e-05,0.0,0.0,5.0490933170713004e-05,0.0,-8.026234320177953e-05
ES,ibatiba,7,843.8,0,0.0,0,8.026234320177953e-05,0.0,0.0,5.8446853526281495e-05,0.0,-8.026234320177953e-05
ES,itaguacu,7,1972.99,0,0.0,0,8.026234320177953e-05,0.0,0.0,0.0001366615993586373,0.0,-8.026234320177953e-05
ES,joao neiva,7,812.84,0,0.0,0,8.026234320177953e-05,0.0,0.0,5.6302370728019264e-05,0.0,-8.026234320177953e-05
ES,montanha,7,1862.77,0,0.0,0,8.026234320177953e-05,0.0,0.0,0.00012902707435784712,0.0,-8.026234320177953e-05
ES,sao domingos do norte,7,1028.5,0,0.0,0,8.026234320177953e-05,0.0,0.0,7.124032810118574e-05,0.0,-8.026234320177953e-05
ES,vila valerio,7,1632.29,0,0.0,0,8.026234320177953e-05,0.0,0.0,0.00011306259130411712,0.0,-8.026234320177953e-05
GO,acreuna,7,1306.45,0,0.0,0,8.026234320177953e-05,0.0,0.0,9.049287957977065e-05,0.0,-8.026234320177953e-05
GO,bela vista de goias,7,753.35,0,0.0,0,8.026234320177953e-05,0.0,0.0,5.218172209531188e-05,0.0,-8.026234320177953e-05
GO,cacu,7,974.11,0,0.0,0,8.026234320177953e-05,0.0,0.0,6.747293729377349e-05,0.0,-8.026234320177953e-05
GO,campinorte,7,1400.61,0,0.0,0,8.026234320177953e-05,0.0,0.0,9.70149887620824e-05,0.0,-8.026234320177953e-05
GO,campos belos,7,927.53,0,0.0,0,8.026234320177953e-05,0.0,0.0,6.424651582274458e-05,0.0,-8.026234320177953e-05
GO,ceres,7,2116.38,0,0.0,0,8.026234320177953e-05,0.0,0.0,0.00014659368554865093,0.0,-8.026234320177953e-05
GO,chapadao do ceu,7,1343.25,0,0.0,0,8.026234320177953e-05,0.0,0.0,9.304187722111593e-05,0.0,-8.026234320177953e-05
GO,cidade ocidental,7,728.37,0,0.0,0,8.026234320177953e-05,0.0,0.0,5.045145141376826e-05,0.0,-8.026234320177953e-05
GO,crixas,7,1129.44,0,0.0,0,8.026234320177953e-05,0.0,0.0,7.823206239241927e-05,0.0,-8.026234320177953e-05
GO,goianira,7,910.47,0,0.0,0,8.026234320177953e-05,0.0,0.0,6.306483376401224e-05,0.0,-8.026234320177953e-05
GO,rubiataba,7,1210.69,0,0.0,0,8.026234320177953e-05,0.0,0.0,8.385994441305256e-05,0.0,-8.026234320177953e-05
GO,santa rita do araguaia,7,972.03,0,0.0,0,8.026234320177953e-05,0.0,0.0,6.732886351404528e-05,0.0,-8.026234320177953e-05
GO,sao luis de montes belos,7,1412.96,0,0.0,0,8.026234320177953e-05,0.0,0.0,9.787042682921867e-05,0.0,-8.026234320177953e-05
MA,acailandia,7,1233.48,0,0.0,0,8.026234320177953e-05,0.0,0.0,8.543852202844004e-05,0.0,-8.026234320177953e-05
MA,barra do corda,7,1354.34,0,0.0,0,8.026234320177953e-05,0.0,0.0,9.381003982553222e-05,0.0,-8.026234320177953e-05
MA,codo,7,2943.12,0,0.0,0,8.026234320177953e-05,0.0,0.0,0.00020385885701620004,0.0,-8.026234320177953e-05
MA,coroata,7,1243.51,0,0.0,0,8.026234320177953e-05,0.0,0.0,8.613326241818714e-05,0.0,-8.026234320177953e-05
MA,paco do lumiar,7,1005.93,0,0.0,0,8.026234320177953e-05,0.0,0.0,6.967698905865413e-05,0.0,-8.026234320177953e-05
MA,sao joao dos patos,7,1615.47,0,0.0,0,8.026234320177953e-05,0.0,0.0,0.00011189753314304572,0.0,-8.026234320177953e-05
MG,arinos,7,924.71,0,0.0,0,8.026234320177953e-05,0.0,0.0,6.405118502522846e-05,0.0,-8.026234320177953e-05
MG,botelhos,7,1341.57,0,0.0,0,8.026234320177953e-05,0.0,0.0,9.29255099374893e-05,0.0,-8.026234320177953e-05
MG,brasilia de minas,7,887.79,0,0.0,0,8.026234320177953e-05,0.0,0.0,6.149387543505269e-05,0.0,-8.026234320177953e-05
MG,caetanopolis,7,763.1800000000001,0,0.0,0,8.026234320177953e-05,0.0,0.0,5.28626092370082e-05,0.0,-8.026234320177953e-05
MG,carmo do rio claro,7,1662.81,0,0.0,0,8.026234320177953e-05,0.0,0.0,0.00011517659695666762,0.0,-8.026234320177953e-05
MG,cristina,7,1168.74,0,0.0,0,8.026234320177953e-05,0.0,0.0,8.095422563439943e-05,0.0,-8.026234320177953e-05
MG,ervalia,7,1230.45,0,0.0,0,8.026234320177953e-05,0.0,0.0,8.522864532047058e-05,0.0,-8.026234320177953e-05
MG,fervedouro,7,1010.49,0,0.0,0,8.026234320177953e-05,0.0,0.0,6.999284311421213e-05,0.0,-8.026234320177953e-05
MG,inhapim,7,565.35,0,0.0,0,8.026234320177953e-05,0.0,0.0,3.915966892756962e-05,0.0,-8.026234320177953e-05
MG,itamarandiba,7,2036.27,0,0.0,0,8.026234320177953e-05,0.0,0.0,0.00014104476704190712,0.0,-8.026234320177953e-05
MG,lagoa formosa,7,921.92,0,0.0,0,8.026234320177953e-05,0.0,0.0,6.385793221491993e-05,0.0,-8.026234320177953e-05
MG,malacacheta,7,1702.21,0,0.0,0,8.026234320177953e-05,0.0,0.0,0.00011790568682267319,0.0,-8.026234320177953e-05
MG,mateus leme,7,586.6600000000001,0,0.0,0,8.026234320177953e-05,0.0,0.0,4.063573250738126e-05,0.0,-8.026234320177953e-05
MG,mutum,7,1422.69,0,0.0,0,8.026234320177953e-05,0.0,0.0,9.854438734688959e-05,0.0,-8.026234320177953e-05
MG,pirapetinga,7,640.39,0,0.0,0,8.026234320177953e-05,0.0,0.0,4.435740759622589e-05,0.0,-8.026234320177953e-05
MG,poco fundo,7,1113.82,0,0.0,0,8.026234320177953e-05,0.0,0.0,7.71501237196526e-05,0.0,-8.026234320177953e-05
MG,rio acima,7,505.11,0,0.0,0,8.026234320177953e-05,0.0,0.0,3.498707061467178e-05,0.0,-8.026234320177953e-05
MG,santa juliana,7,1549.99,0,0.0,0,8.026234320177953e-05,0.0,0.0,0.00010736197973121719,0.0,-8.026234320177953e-05
MG,santo antonio do jacinto,7,573.48,0,0.0,0,8.026234320177953e-05,0.0,0.0,3.9722803460834225e-05,0.0,-8.026234320177953e-05
MG,sao joaquim de bicas,7,1901.07,0,0.0,0,8.026234320177953e-05,0.0,0.0,0.0001316799713595733,0.0,-8.026234320177953e-05
MG,simonesia,7,1549.8700000000001,0,0.0,0,8.026234320177953e-05,0.0,0.0,0.00010735366778238672,0.0,-8.026234320177953e-05
MG,turmalina,7,1210.73,0,0.0,0,8.026234320177953e-05,0.0,0.0,8.386271506266272e-05,0.0,-8.026234320177953e-05
MS,sao gabriel do oeste,7,695.9399999999999,0,0.0,0,8.026234320177953e-05,0.0,0.0,4.820514724233272e-05,0.0,-8.026234320177953e-05
MT,confresa,7,1371.62,0,0.0,0,8.026234320177953e-05,0.0,0.0,9.500696045712044e-05,0.0,-8.026234320177953e-05
PA,sao felix do xingu,7,1550.54,0,0.0,0,8.026234320177953e-05,0.0,0.0,0.00010740007616335685,0.0,-8.026234320177953e-05
PE,bom conselho,7,1848.32,0,0.0,0,8.026234320177953e-05,0.0,0.0,0.00012802617718617757,0.0,-8.026234320177953e-05
PE,catende,7,1941.6799999999998,0,0.0,0,8.026234320177953e-05,0.0,0.0,0.00013449287337628614,0.0,-8.026234320177953e-05
PE,limoeiro,7,701.21,0,0.0,0,8.026234320177953e-05,0.0,0.0,4.8570180328471025e-05,0.0,-8.026234320177953e-05
PE,timbauba,7,804.45,0,0.0,0,8.026234320177953e-05,0.0,0.0,5.5721226972288645e-05,0.0,-8.026234320177953e-05
PI,cocal,7,1151.9099999999999,0,0.0,0,8.026234320177953e-05,0.0,0.0,7.978847481092547e-05,0.0,-8.026234320177953e-05
PI,piripiri,7,828.56,0,0.0,0,8.026234320177953e-05,0.0,0.0,5.739123602481133e-05,0.0,-8.026234320177953e-05
PI,sao raimundo nonato,7,2987.04,0,0.0,0,8.026234320177953e-05,0.0,0.0,0.00020690103028815347,0.0,-8.026234320177953e-05
PR,capanema,7,731.36,0,0.0,0,8.026234320177953e-05,0.0,0.0,5.0658557472127565e-05,0.0,-8.026234320177953e-05
PR,ceu azul,7,525.29,0,0.0,0,8.026234320177953e-05,0.0,0.0,3.6384863342996454e-05,0.0,-8.026234320177953e-05
PR,faxinal,7,866.5600000000001,0,0.0,0,8.026234320177953e-05,0.0,0.0,6.002335315446137e-05,0.0,-8.026234320177953e-05
PR,guaira,7,979.8,0,0.0,0,8.026234320177953e-05,0.0,0.0,6.786706220081845e-05,0.0,-8.026234320177953e-05
PR,imbituva,7,913.66,0,0.0,0,8.026234320177953e-05,0.0,0.0,6.328579307042232e-05,0.0,-8.026234320177953e-05
PR,ivaipora,7,640.86,0,0.0,0,8.026234320177953e-05,0.0,0.0,4.438996272914525e-05,0.0,-8.026234320177953e-05
PR,jandaia do sul,7,2112.47,0,0.0,0,8.026234320177953e-05,0.0,0.0,0.00014632285454925796,0.0,-8.026234320177953e-05
PR,marmeleiro,7,862.98,0,0.0,0,8.026234320177953e-05,0.0,0.0,5.977538001435223e-05,0.0,-8.026234320177953e-05
PR,ortigueira,7,945.47,0,0.0,0,8.026234320177953e-05,0.0,0.0,6.548915217290042e-05,0.0,-8.026234320177953e-05
PR,pinhao,7,1101.52,0,0.0,0,8.026234320177953e-05,0.0,0.0,7.629814896452903e-05,0.0,-8.026234320177953e-05
PR,prudentopolis,7,1085.17,0,0.0,0,8.026234320177953e-05,0.0,0.0,7.516564593637698e-05,0.0,-8.026234320177953e-05
PR,quedas do iguacu,7,1030.44,0,0.0,0,8.026234320177953e-05,0.0,0.0,7.13747046072784e-05,0.0,-8.026234320177953e-05
PR,terra rica,7,769.63,0,0.0,0,8.026234320177953e-05,0.0,0.0,5.330937648664616e-05,0.0,-8.026234320177953e-05
PR,ubirata,7,751.4300000000001,0,0.0,0,8.026234320177953e-05,0.0,0.0,5.2048730914024306e-05,0.0,-8.026234320177953e-05
RJ,areal,7,1364.6299999999999,0,0.0,0,8.026234320177953e-05,0.0,0.0,9.452278943774535e-05,0.0,-8.026234320177953e-05
RJ,cambuci,7,2215.51,0,0.0,0,8.026234320177953e-05,0.0,0.0,0.0001534600479450248,0.0,-8.026234320177953e-05
RJ,porciuncula,7,1112.1299999999999,0,0.0,0,8.026234320177953e-05,0.0,0.0,7.703306377362342e-05,0.0,-8.026234320177953e-05
RJ,santa maria madalena,7,1247.45,0,0.0,0,8.026234320177953e-05,0.0,0.0,8.64061714047877e-05,0.0,-8.026234320177953e-05
RJ,vila muriqui,7,856.45,0,0.0,0,8.026234320177953e-05,0.0,0.0,5.932307146549395e-05,0.0,-8.026234320177953e-05
RN,alto do rodrigues,7,3346.7,0,0.0,0,8.026234320177953e-05,0.0,0.0,0.00023181332625788847,0.0,-8.026234320177953e-05
RN,currais novos,7,1720.3400000000001,0,0.0,0,8.026234320177953e-05,0.0,0.0,0.00011916148375847728,0.0,-8.026234320177953e-05
RO,rolim de moura,7,748.15,0,0.0,0,8.026234320177953e-05,0.0,0.0,5.182153764599135e-05,0.0,-8.026234320177953e-05
RS,getulio vargas,7,834.39,0,0.0,0,8.026234320177953e-05,0.0,0.0,5.779505820549185e-05,0.0,-8.026234320177953e-05
RS,horizontina,7,735.55,0,0.0,0,8.026234320177953e-05,0.0,0.0,5.0948783018791605e-05,0.0,-8.026234320177953e-05
RS,jaguarao,7,1169.26,0,0.0,0,8.026234320177953e-05,0.0,0.0,8.099024407933149e-05,0.0,-8.026234320177953e-05
RS,santo cristo,7,766.18,0,0.0,0,8.026234320177953e-05,0.0,0.0,5.3070407957770035e-05,0.0,-8.026234320177953e-05
SC,campo ere,7,706.07,0,0.0,0,8.026234320177953e-05,0.0,0.0,4.890681425610522e-05,0.0,-8.026234320177953e-05
SC,lauro muller,7,1510.91,0,0.0,0,8.026234320177953e-05,0.0,0.0,0.0001046550550620929,0.0,-8.026234320177953e-05
SP,aracariguama,7,751.61,0,0.0,0,8.026234320177953e-05,0.0,0.0,5.2061198837270015e-05,0.0,-8.026234320177953e-05
SP,avanhandava,7,905.33,0,0.0,0,8.026234320177953e-05,0.0,0.0,6.270880528910693e-05,0.0,-8.026234320177953e-05
SP,cafelandia,7,846.2,0,0.0,0,8.026234320177953e-05,0.0,0.0,5.861309250289098e-05,0.0,-8.026234320177953e-05
SP,cananeia,7,522.49,0,0.0,0,8.026234320177953e-05,0.0,0.0,3.6190917870285404e-05,0.0,-8.026234320177953e-05
SP,conchas,7,729.9300000000001,0,0.0,0,8.026234320177953e-05,0.0,0.0,5.0559506748564424e-05,0.0,-8.026234320177953e-05
SP,dourado,7,951.06,0,0.0,0,8.026234320177953e-05,0.0,0.0,6.587635045591998e-05,0.0,-8.026234320177953e-05
SP,igarapava,7,897.02,0,0.0,0,8.026234320177953e-05,0.0,0.0,6.213320283259662e-05,0.0,-8.026234320177953e-05
SP,ipaussu,7,1409.26,0,0.0,0,8.026234320177953e-05,0.0,0.0,9.761414174027905e-05,0.0,-8.026234320177953e-05
SP,itabera,7,1522.98,0,0.0,0,8.026234320177953e-05,0.0,0.0,0.00010549109858195805,0.0,-8.026234320177953e-05
SP,itapui,7,1430.8899999999999,0,0.0,0,8.026234320177953e-05,0.0,0.0,9.911237051697194e-05,0.0,-8.026234320177953e-05
SP,jacare,7,904.28,0,0.0,0,8.026234320177953e-05,0.0,0.0,6.263607573684029e-05,0.0,-8.026234320177953e-05
SP,morungaba,7,708.3199999999999,0,0.0,0,8.026234320177953e-05,0.0,0.0,4.9062663296676596e-05,0.0,-8.026234320177953e-05
SP,nova europa,7,716.71,0,0.0,0,8.026234320177953e-05,0.0,0.0,4.964380705240722e-05,0.0,-8.026234320177953e-05
SP,pedro de toledo,7,779.9300000000001,0,0.0,0,8.026234320177953e-05,0.0,0.0,5.402281876126183e-05,0.0,-8.026234320177953e-05
SP,pirangi,7,1189.13,0,0.0,0,8.026234320177953e-05,0.0,0.0,8.236656427317745e-05,0.0,-8.026234320177953e-05
SP,santa albertina,7,830.4200000000001,0,0.0,0,8.026234320177953e-05,0.0,0.0,5.7520071231683676e-05,0.0,-8.026234320177953e-05
SP,valparaiso,7,632.23,0,0.0,0,8.026234320177953e-05,0.0,0.0,4.379219507575368e-05,0.0,-8.026234320177953e-05
TO,tocantinopolis,7,947.28,0,0.0,0,8.026234320177953e-05,0.0,0.0,6.561452406776005e-05,0.0,-8.026234320177953e-05
AL,palmeira dos indios,6,927.61,0,0.0,0,6.879629417295388e-05,0.0,0.0,6.425205712196491e-05,0.0,-6.879629417295388e-05
AL,rio largo,6,693.04,0,0.0,0,6.879629417295388e-05,0.0,0.0,4.8004275145596265e-05,0.0,-6.879629417295388e-05
BA,arraial d'ajuda,6,669.27,0,0.0,0,6.879629417295388e-05,0.0,0.0,4.635781661475992e-05,0.0,-6.879629417295388e-05
BA,barra da estiva,6,1072.68,0,0.0,0,6.879629417295388e-05,0.0,0.0,7.430051059560517e-05,0.0,-6.879629417295388e-05
BA,camacan,6,1269.4,0,0.0,0,6.879629417295388e-05,0.0,0.0,8.792656537836187e-05,0.0,-6.879629417295388e-05
BA,canavieiras,6,1017.29,0,0.0,0,6.879629417295388e-05,0.0,0.0,7.046385354793897e-05,0.0,-6.879629417295388e-05
BA,coribe,6,816.78,0,0.0,0,6.879629417295388e-05,0.0,0.0,5.657527971461982e-05,0.0,-6.879629417295388e-05
BA,ibotirama,6,3191.14,0,0.0,0,6.879629417295388e-05,0.0,0.0,0.0002210382699239843,0.0,-6.879629417295388e-05
BA,inhambupe,6,1274.6999999999998,0,0.0,0,6.879629417295388e-05,0.0,0.0,8.829367645170778e-05,0.0,-6.879629417295388e-05
BA,ipiau,6,804.35,0,0.0,0,6.879629417295388e-05,0.0,0.0,5.5714300348263244e-05,0.0,-6.879629417295388e-05
BA,ipira,6,3423.9799999999996,0,0.0,0,6.879629417295388e-05,0.0,0.0,0.00023716622130471357,0.0,-6.879629417295388e-05
BA,itacare,6,893.89,0,0.0,0,6.879629417295388e-05,0.0,0.0,6.191639950060177e-05,0.0,-6.879629417295388e-05
BA,medeiros neto,6,797.29,0,0.0,0,6.879629417295388e-05,0.0,0.0,5.522528069207037e-05,0.0,-6.879629417295388e-05
BA,morro do chapeu,6,552.1999999999999,0,0.0,0,6.879629417295388e-05,0.0,0.0,3.8248817868230196e-05,0.0,-6.879629417295388e-05
BA,trancoso,6,995.19,0,0.0,0,6.879629417295388e-05,0.0,0.0,6.893306963832672e-05,0.0,-6.879629417295388e-05
BA,valente,6,3614.1,0,0.0,0,6.879629417295388e-05,0.0,0.0,0.00025033511890179425,0.0,-6.879629417295388e-05
CE,acarau,6,1496.9,0,0.0,0,6.879629417295388e-05,0.0,0.0,0.00010368463503613508,0.0,-6.879629417295388e-05
CE,barbalha,6,1515.4099999999999,0,0.0,0,6.879629417295388e-05,0.0,0.0,0.00010496675314323565,0.0,-6.879629417295388e-05
CE,caninde,6,814.2,0,0.0,0,6.879629417295388e-05,0.0,0.0,5.6396572814764636e-05,0.0,-6.879629417295388e-05
CE,itapaje,6,3425.08,0,0.0,0,6.879629417295388e-05,0.0,0.0,0.00023724241416899294,0.0,-6.879629417295388e-05
CE,pacajus,6,1520.0,0,0.0,0,6.879629417295388e-05,0.0,0.0,0.00010528468518600128,0.0,-6.879629417295388e-05
ES,apiaca,6,534.42,0,0.0,0,6.879629417295388e-05,0.0,0.0,3.7017264116515e-05,0.0,-6.879629417295388e-05
ES,rio novo do sul,6,653.44,0,0.0,0,6.879629417295388e-05,0.0,0.0,4.526133203153992e-05,0.0,-6.879629417295388e-05
GO,bom jesus,6,914.05,0,0.0,0,6.879629417295388e-05,0.0,0.0,6.331280690412135e-05,0.0,-6.879629417295388e-05
GO,cachoeira alta,6,605.48,0,0.0,0,6.879629417295388e-05,0.0,0.0,4.1939323148960566e-05,0.0,-6.879629417295388e-05
GO,guapo,6,868.7,0,0.0,0,6.879629417295388e-05,0.0,0.0,6.017158290860481e-05,0.0,-6.879629417295388e-05
GO,itaberai,6,1151.08,0,0.0,0,6.879629417295388e-05,0.0,0.0,7.973098383151471e-05,0.0,-6.879629417295388e-05
GO,itapuranga,6,959.3100000000001,0,0.0,0,6.879629417295388e-05,0.0,0.0,6.644779693801506e-05,0.0,-6.879629417295388e-05
GO,jaragua,6,599.97,0,0.0,0,6.879629417295388e-05,0.0,0.0,4.155766616516131e-05,0.0,-6.879629417295388e-05
GO,mozarlandia,6,1008.04,0,0.0,0,6.879629417295388e-05,0.0,0.0,6.982314082558996e-05,0.0,-6.879629417295388e-05
GO,neropolis,6,1211.6399999999999,0,0.0,0,6.879629417295388e-05,0.0,0.0,8.39257473412938e-05,0.0,-6.879629417295388e-05
GO,orizona,6,657.08,0,0.0,0,6.879629417295388e-05,0.0,0.0,4.5513461146064297e-05,0.0,-6.879629417295388e-05
GO,silvania,6,1091.2,0,0.0,0,6.879629417295388e-05,0.0,0.0,7.55833213651083e-05,0.0,-6.879629417295388e-05
MG,alpinopolis,6,969.45,0,0.0,0,6.879629417295388e-05,0.0,0.0,6.71501566141901e-05,0.0,-6.879629417295388e-05
MG,arceburgo,6,1027.26,0,0.0,0,6.879629417295388e-05,0.0,0.0,7.115443796327084e-05,0.0,-6.879629417295388e-05
MG,areado,6,1360.55,0,0.0,0,6.879629417295388e-05,0.0,0.0,9.424018317750923e-05,0.0,-6.879629417295388e-05
MG,bicas,6,868.55,0,0.0,0,6.879629417295388e-05,0.0,0.0,6.0161192972566714e-05,0.0,-6.879629417295388e-05
MG,borda da mata,6,1062.25,0,0.0,0,6.879629417295388e-05,0.0,0.0,7.357806370975648e-05,0.0,-6.879629417295388e-05
MG,brazopolis,6,1015.5,0,0.0,0,6.879629417295388e-05,0.0,0.0,7.033986697788441e-05,0.0,-6.879629417295388e-05
MG,cachoeira de minas,6,557.91,0,0.0,0,6.879629417295388e-05,0.0,0.0,3.8644328100080245e-05,0.0,-6.879629417295388e-05
MG,campanha,6,603.31,0,0.0,0,6.879629417295388e-05,0.0,0.0,4.178901540760949e-05,0.0,-6.879629417295388e-05
MG,carmo da mata,6,578.61,0,0.0,0,6.879629417295388e-05,0.0,0.0,4.0078139273336975e-05,0.0,-6.879629417295388e-05
MG,cassia,6,364.41,0,0.0,0,6.879629417295388e-05,0.0,0.0,2.524131061094127e-05,0.0,-6.879629417295388e-05
MG,dores do indaia,6,928.86,0,0.0,0,6.879629417295388e-05,0.0,0.0,6.433863992228234e-05,0.0,-6.879629417295388e-05
MG,entre rios de minas,6,1709.62,0,0.0,0,6.879629417295388e-05,0.0,0.0,0.00011841894966295493,0.0,-6.879629417295388e-05
MG,espinosa,6,2947.44,0,0.0,0,6.879629417295388e-05,0.0,0.0,0.00020415808717409712,0.0,-6.879629417295388e-05
MG,fronteira,6,1079.53,0,0.0,0,6.879629417295388e-05,0.0,0.0,7.477498434134471e-05,0.0,-6.879629417295388e-05
MG,guarani,6,2634.31,0,0.0,0,6.879629417295388e-05,0.0,0.0,0.00018246874936337832,0.0,-6.879629417295388e-05
MG,ipaba,6,1395.27,0,0.0,0,6.879629417295388e-05,0.0,0.0,9.664510703912632e-05,0.0,-6.879629417295388e-05
MG,ipanema,6,3866.73,0,0.0,0,6.879629417295388e-05,0.0,0.0,0.00026783384917714915,0.0,-6.879629417295388e-05
MG,itambacuri,6,843.47,0,0.0,0,6.879629417295388e-05,0.0,0.0,5.84239956669977e-05,0.0,-6.879629417295388e-05
MG,mata verde,6,1667.51,0,0.0,0,6.879629417295388e-05,0.0,0.0,0.00011550214828586118,0.0,-6.879629417295388e-05
MG,medina,6,694.4,0,0.0,0,6.879629417295388e-05,0.0,0.0,4.8098477232341636e-05,0.0,-6.879629417295388e-05
MG,rio pomba,6,1464.8600000000001,0,0.0,0,6.879629417295388e-05,0.0,0.0,0.00010146534469839859,0.0,-6.879629417295388e-05
MG,santa rita de caldas,6,882.22,0,0.0,0,6.879629417295388e-05,0.0,0.0,6.11080624768382e-05,0.0,-6.879629417295388e-05
MG,sao goncalo do rio abaixo,6,1013.4300000000001,0,0.0,0,6.879629417295388e-05,0.0,0.0,7.019648586055874e-05,0.0,-6.879629417295388e-05
MG,sao jose da barra,6,1158.11,0,0.0,0,6.879629417295388e-05,0.0,0.0,8.021792550049996e-05,0.0,-6.879629417295388e-05
MG,sao jose da lapa,6,643.39,0,0.0,0,6.879629417295388e-05,0.0,0.0,4.4565206316987736e-05,0.0,-6.879629417295388e-05
MG,tocantins,6,778.49,0,0.0,0,6.879629417295388e-05,0.0,0.0,5.3923075375296145e-05,0.0,-6.879629417295388e-05
MS,amambai,6,890.6899999999999,0,0.0,0,6.879629417295388e-05,0.0,0.0,6.169474753178912e-05,0.0,-6.879629417295388e-05
MS,aparecida do taboado,6,2609.86,0,0.0,0,6.879629417295388e-05,0.0,0.0,0.0001807751897891693,0.0,-6.879629417295388e-05
MS,camapua,6,734.34,0,0.0,0,6.879629417295388e-05,0.0,0.0,5.086497086808433e-05,0.0,-6.879629417295388e-05
MT,campos de julio,6,1110.35,0,0.0,0,6.879629417295388e-05,0.0,0.0,7.690976986597139e-05,0.0,-6.879629417295388e-05
PA,barcarena,6,1323.67,0,0.0,0,6.879629417295388e-05,0.0,0.0,9.168564423694363e-05,0.0,-6.879629417295388e-05
PA,conceicao do araguaia,6,1326.61,0,0.0,0,6.879629417295388e-05,0.0,0.0,9.188928698329023e-05,0.0,-6.879629417295388e-05
PA,jacunda,6,1844.8200000000002,0,0.0,0,6.879629417295388e-05,0.0,0.0,0.00012778374534528876,0.0,-6.879629417295388e-05
PA,pacaja,6,2860.96,0,0.0,0,6.879629417295388e-05,0.0,0.0,0.00019816794271693567,0.0,-6.879629417295388e-05
PA,santa isabel do para,6,919.57,0,0.0,0,6.879629417295388e-05,0.0,0.0,6.369515655032317e-05,0.0,-6.879629417295388e-05
PA,uruara,6,1199.13,0,0.0,0,6.879629417295388e-05,0.0,0.0,8.305922667571693e-05,0.0,-6.879629417295388e-05
PB,bayeux,6,953.4100000000001,0,0.0,0,6.879629417295388e-05,0.0,0.0,6.603912612051676e-05,0.0,-6.879629417295388e-05
PB,cabedelo,6,1329.5,0,0.0,0,6.879629417295388e-05,0.0,0.0,9.208946641762415e-05,0.0,-6.879629417295388e-05
PB,sousa,6,1132.9,0,0.0,0,6.879629417295388e-05,0.0,0.0,7.847172358369794e-05,0.0,-6.879629417295388e-05
PE,cabrobo,6,1146.91,0,0.0,0,6.879629417295388e-05,0.0,0.0,7.944214360965575e-05,0.0,-6.879629417295388e-05
PE,lajedo,6,1137.2,0,0.0,0,6.879629417295388e-05,0.0,0.0,7.87695684167899e-05,0.0,-6.879629417295388e-05
PE,pesqueira,6,604.1,0,0.0,0,6.879629417295388e-05,0.0,0.0,4.1843735737410116e-05,0.0,-6.879629417295388e-05
PI,campo maior,6,1121.81,0,0.0,0,6.879629417295388e-05,0.0,0.0,7.770356097928163e-05,0.0,-6.879629417295388e-05
PR,ampere,6,1788.04,0,0.0,0,6.879629417295388e-05,0.0,0.0,0.00012385080822366955,0.0,-6.879629417295388e-05
PR,carlopolis,6,901.1800000000001,0,0.0,0,6.879629417295388e-05,0.0,0.0,6.242135039205305e-05,0.0,-6.879629417295388e-05
PR,cruzeiro do oeste,6,735.69,0,0.0,0,6.879629417295388e-05,0.0,0.0,5.095848029242716e-05,0.0,-6.879629417295388e-05
PR,itaipulandia,6,294.59999999999997,0,0.0,0,6.879629417295388e-05,0.0,0.0,2.040583437881314e-05,0.0,-6.879629417295388e-05
PR,itapejara d'oeste,6,1255.92,0,0.0,0,6.879629417295388e-05,0.0,0.0,8.699285645973864e-05,0.0,-6.879629417295388e-05
PR,mallet,6,907.63,0,0.0,0,6.879629417295388e-05,0.0,0.0,6.286811764169102e-05,0.0,-6.879629417295388e-05
PR,missal,6,2403.3900000000003,0,0.0,0,6.879629417295388e-05,0.0,0.0,0.0001664737891639366,0.0,-6.879629417295388e-05
PR,nova londrina,6,784.5699999999999,0,0.0,0,6.879629417295388e-05,0.0,0.0,5.4344214116040145e-05,0.0,-6.879629417295388e-05
PR,pinhalao,6,2032.35,0,0.0,0,6.879629417295388e-05,0.0,0.0,0.00014077324338011165,0.0,-6.879629417295388e-05
PR,primeiro de maio,6,1407.6100000000001,0,0.0,0,6.879629417295388e-05,0.0,0.0,9.749985244386006e-05,0.0,-6.879629417295388e-05
PR,reboucas,6,493.38,0,0.0,0,6.879629417295388e-05,0.0,0.0,3.417457761649297e-05,0.0,-6.879629417295388e-05
RJ,california da barra,6,1014.5,0,0.0,0,6.879629417295388e-05,0.0,0.0,7.027060073763046e-05,0.0,-6.879629417295388e-05
RJ,comendador levy gasparian,6,519.22,0,0.0,0,6.879629417295388e-05,0.0,0.0,3.5964417264654994e-05,0.0,-6.879629417295388e-05
RJ,engenheiro paulo de frontin,6,590.89,0,0.0,0,6.879629417295388e-05,0.0,0.0,4.092872870365546e-05,0.0,-6.879629417295388e-05
RJ,porto real,6,1645.92,0,0.0,0,6.879629417295388e-05,0.0,0.0,0.00011400669015877844,0.0,-6.879629417295388e-05
RJ,santo amaro de campos,6,1777.56,0,0.0,0,6.879629417295388e-05,0.0,0.0,0.00012312489802580818,0.0,-6.879629417295388e-05
RJ,tangua,6,636.04,0,0.0,0,6.879629417295388e-05,0.0,0.0,4.405609945112122e-05,0.0,-6.879629417295388e-05
RO,espigao do oeste,6,951.17,0,0.0,0,6.879629417295388e-05,0.0,0.0,6.588396974234791e-05,0.0,-6.879629417295388e-05
RO,jaru,6,910.26,0,0.0,0,6.879629417295388e-05,0.0,0.0,6.30502878535589e-05,0.0,-6.879629417295388e-05
RO,pimenta bueno,6,1358.76,0,0.0,0,6.879629417295388e-05,0.0,0.0,9.411619660745467e-05,0.0,-6.879629417295388e-05
RS,arroio do meio,6,1475.21,0,0.0,0,6.879629417295388e-05,0.0,0.0,0.00010218225028502695,0.0,-6.879629417295388e-05
RS,balneario pinhal,6,1043.94,0,0.0,0,6.879629417295388e-05,0.0,0.0,7.23097988507067e-05,0.0,-6.879629417295388e-05
RS,butia,6,1312.6100000000001,0,0.0,0,6.879629417295388e-05,0.0,0.0,9.091955961973497e-05,0.0,-6.879629417295388e-05
RS,campinas do sul,6,1531.24,0,0.0,0,6.879629417295388e-05,0.0,0.0,0.00010606323772645566,0.0,-6.879629417295388e-05
RS,casca,6,1473.9099999999999,0,0.0,0,6.879629417295388e-05,0.0,0.0,0.0001020922041726968,0.0,-6.879629417295388e-05
RS,cerro largo,6,696.46,0,0.0,0,6.879629417295388e-05,0.0,0.0,4.824116568726477e-05,0.0,-6.879629417295388e-05
RS,encruzilhada do sul,6,780.5699999999999,0,0.0,0,6.879629417295388e-05,0.0,0.0,5.406714915502435e-05,0.0,-6.879629417295388e-05
RS,espumoso,6,1405.2900000000002,0,0.0,0,6.879629417295388e-05,0.0,0.0,9.733915476647089e-05,0.0,-6.879629417295388e-05
RS,ronda alta,6,1914.3100000000002,0,0.0,0,6.879629417295388e-05,0.0,0.0,0.0001325970563805356,0.0,-6.879629417295388e-05
RS,sananduva,6,585.5699999999999,0,0.0,0,6.879629417295388e-05,0.0,0.0,4.056023230550445e-05,0.0,-6.879629417295388e-05
RS,santo augusto,6,875.11,0,0.0,0,6.879629417295388e-05,0.0,0.0,6.061557950863262e-05,0.0,-6.879629417295388e-05
RS,sao jose do norte,6,616.8,0,0.0,0,6.879629417295388e-05,0.0,0.0,4.2723416988635255e-05,0.0,-6.879629417295388e-05
RS,tapes,6,934.26,0,0.0,0,6.879629417295388e-05,0.0,0.0,6.471267761965365e-05,0.0,-6.879629417295388e-05
RS,tres cachoeiras,6,831.4200000000001,0,0.0,0,6.879629417295388e-05,0.0,0.0,5.758933747193763e-05,0.0,-6.879629417295388e-05
RS,xangri-la,6,1155.74,0,0.0,0,6.879629417295388e-05,0.0,0.0,8.00537645110981e-05,0.0,-6.879629417295388e-05
SC,catanduvas,6,834.99,0,0.0,0,6.879629417295388e-05,0.0,0.0,5.783661794964422e-05,0.0,-6.879629417295388e-05
SC,gravatal,6,1418.28,0,0.0,0,6.879629417295388e-05,0.0,0.0,9.823892322736967e-05,0.0,-6.879629417295388e-05
SC,morro da fumaca,6,1921.45,0,0.0,0,6.879629417295388e-05,0.0,0.0,0.0001330916173359488,0.0,-6.879629417295388e-05
SC,nova trento,6,972.21,0,0.0,0,6.879629417295388e-05,0.0,0.0,6.734133143729099e-05,0.0,-6.879629417295388e-05
SC,passo de torres,6,682.39,0,0.0,0,6.879629417295388e-05,0.0,0.0,4.726658968689172e-05,0.0,-6.879629417295388e-05
SE,sao cristovao,6,861.75,0,0.0,0,6.879629417295388e-05,0.0,0.0,5.969018253883987e-05,0.0,-6.879629417295388e-05
SP,angatuba,6,861.4,0,0.0,0,6.879629417295388e-05,0.0,0.0,5.9665939354750986e-05,0.0,-6.879629417295388e-05
SP,bady bassitt,6,615.24,0,0.0,0,6.879629417295388e-05,0.0,0.0,4.2615361653839096e-05,0.0,-6.879629417295388e-05
SP,bilac,6,817.86,0,0.0,0,6.879629417295388e-05,0.0,0.0,5.665008725409409e-05,0.0,-6.879629417295388e-05
SP,cardoso,6,1095.32,0,0.0,0,6.879629417295388e-05,0.0,0.0,7.586869827495455e-05,0.0,-6.879629417295388e-05
SP,catigua,6,788.52,0,0.0,0,6.879629417295388e-05,0.0,0.0,5.461781576504324e-05,0.0,-6.879629417295388e-05
SP,cosmorama,6,1091.55,0,0.0,0,6.879629417295388e-05,0.0,0.0,7.560756454919717e-05,0.0,-6.879629417295388e-05
SP,divinolandia,6,1382.0,0,0.0,0,6.879629417295388e-05,0.0,0.0,9.572594403095643e-05,0.0,-6.879629417295388e-05
SP,fernando prestes,6,696.5799999999999,0,0.0,0,6.879629417295388e-05,0.0,0.0,4.824947763609524e-05,0.0,-6.879629417295388e-05
SP,general salgado,6,587.28,0,0.0,0,6.879629417295388e-05,0.0,0.0,4.0678677576338705e-05,0.0,-6.879629417295388e-05
SP,guapiacu,6,995.55,0,0.0,0,6.879629417295388e-05,0.0,0.0,6.895800548481814e-05,0.0,-6.879629417295388e-05
SP,guara,6,869.48,0,0.0,0,6.879629417295388e-05,0.0,0.0,6.022561057600289e-05,0.0,-6.879629417295388e-05
SP,iacanga,6,427.95,0,0.0,0,6.879629417295388e-05,0.0,0.0,2.9642487516677135e-05,0.0,-6.879629417295388e-05
SP,irapuru,6,985.29,0,0.0,0,6.879629417295388e-05,0.0,0.0,6.824733385981262e-05,0.0,-6.879629417295388e-05
SP,itapura,6,426.6,0,0.0,0,6.879629417295388e-05,0.0,0.0,2.9548978092334307e-05,0.0,-6.879629417295388e-05
SP,itariri,6,1378.73,0,0.0,0,6.879629417295388e-05,0.0,0.0,9.549944342532601e-05,0.0,-6.879629417295388e-05
SP,luis antonio,6,842.92,0,0.0,0,6.879629417295388e-05,0.0,0.0,5.838589923485802e-05,0.0,-6.879629417295388e-05
SP,nazare paulista,6,934.33,0,0.0,0,6.879629417295388e-05,0.0,0.0,6.471752625647144e-05,0.0,-6.879629417295388e-05
SP,ribeirao bonito,6,783.21,0,0.0,0,6.879629417295388e-05,0.0,0.0,5.425001202929478e-05,0.0,-6.879629417295388e-05
SP,sales oliveira,6,627.74,0,0.0,0,6.879629417295388e-05,0.0,0.0,4.348118965701345e-05,0.0,-6.879629417295388e-05
SP,tupi paulista,6,577.19,0,0.0,0,6.879629417295388e-05,0.0,0.0,3.9979781212176374e-05,0.0,-6.879629417295388e-05
TO,dianopolis,6,1049.95,0,0.0,0,6.879629417295388e-05,0.0,0.0,7.272608895463293e-05,0.0,-6.879629417295388e-05
AL,maragogi,5,2135.5299999999997,0,0.0,0,5.733024514412824e-05,0.0,0.0,0.000147920134049514,0.0,-5.733024514412824e-05
BA,cansancao,5,998.3699999999999,0,0.0,0,5.733024514412824e-05,0.0,0.0,6.915333628233426e-05,0.0,-5.733024514412824e-05
BA,capim grosso,5,660.78,0,0.0,0,5.733024514412824e-05,0.0,0.0,4.57697462350039e-05,0.0,-5.733024514412824e-05
BA,casa nova,5,1269.54,0,0.0,0,5.733024514412824e-05,0.0,0.0,8.793626265199741e-05,0.0,-5.733024514412824e-05
BA,entre rios,5,1124.36,0,0.0,0,5.733024514412824e-05,0.0,0.0,7.78801898919292e-05,0.0,-5.733024514412824e-05
BA,esplanada,5,1808.34,0,0.0,0,5.733024514412824e-05,0.0,0.0,0.0001252569129008247,0.0,-5.733024514412824e-05
BA,euclides da cunha,5,625.62,0,0.0,0,5.733024514412824e-05,0.0,0.0,4.333434522767508e-05,0.0,-5.733024514412824e-05
BA,iraquara,5,510.63,0,0.0,0,5.733024514412824e-05,0.0,0.0,3.536942026087357e-05,0.0,-5.733024514412824e-05
BA,jeremoabo,5,920.2,0,0.0,0,5.733024514412824e-05,0.0,0.0,6.373879428168314e-05,0.0,-5.733024514412824e-05
BA,livramento de nossa senhora,5,777.5699999999999,0,0.0,0,5.733024514412824e-05,0.0,0.0,5.385935043426251e-05,0.0,-5.733024514412824e-05
BA,miguel calmon,5,787.81,0,0.0,0,5.733024514412824e-05,0.0,0.0,5.4568636734462936e-05,0.0,-5.733024514412824e-05
BA,santo estevao,5,1226.69,0,0.0,0,5.733024514412824e-05,0.0,0.0,8.496820425711574e-05,0.0,-5.733024514412824e-05
BA,sao sebastiao do passe,5,550.53,0,0.0,0,5.733024514412824e-05,0.0,0.0,3.8133143247006104e-05,0.0,-5.733024514412824e-05
BA,seabra,5,1015.24,0,0.0,0,5.733024514412824e-05,0.0,0.0,7.032185775541838e-05,0.0,-5.733024514412824e-05
BA,sobradinho,5,783.74,0,0.0,0,5.733024514412824e-05,0.0,0.0,5.4286723136629375e-05,0.0,-5.733024514412824e-05
BA,ubaira,5,836.8000000000001,0,0.0,0,5.733024514412824e-05,0.0,0.0,5.796198984450387e-05,0.0,-5.733024514412824e-05
CE,cascavel,5,1254.75,0,0.0,0,5.733024514412824e-05,0.0,0.0,8.691181495864151e-05,0.0,-5.733024514412824e-05
CE,horizonte,5,639.4100000000001,0,0.0,0,5.733024514412824e-05,0.0,0.0,4.428952668077703e-05,0.0,-5.733024514412824e-05
CE,icapui,5,638.4,0,0.0,0,5.733024514412824e-05,0.0,0.0,4.421956777812054e-05,0.0,-5.733024514412824e-05
CE,jaguaribe,5,861.8000000000001,0,0.0,0,5.733024514412824e-05,0.0,0.0,5.9693645850852575e-05,0.0,-5.733024514412824e-05
CE,pacatuba,5,4469.860000000001,0,0.0,0,5.733024514412824e-05,0.0,0.0,0.000309610396661513,0.0,-5.733024514412824e-05
CE,quixeramobim,5,921.92,0,0.0,0,5.733024514412824e-05,0.0,0.0,6.385793221491993e-05,0.0,-5.733024514412824e-05
CE,santa quiteria,5,1139.12,0,0.0,0,5.733024514412824e-05,0.0,0.0,7.890255959807748e-05,0.0,-5.733024514412824e-05
CE,sao goncalo do amarante,5,521.31,0,0.0,0,5.733024514412824e-05,0.0,0.0,3.610918370678574e-05,0.0,-5.733024514412824e-05
ES,alfredo chaves,5,1008.2,0,0.0,0,5.733024514412824e-05,0.0,0.0,6.983422342403059e-05,0.0,-5.733024514412824e-05
ES,boa esperanca,5,1019.57,0,0.0,0,5.733024514412824e-05,0.0,0.0,7.062178057571798e-05,0.0,-5.733024514412824e-05
ES,conceicao do castelo,5,658.0,0,0.0,0,5.733024514412824e-05,0.0,0.0,4.557718608709792e-05,0.0,-5.733024514412824e-05
ES,iconha,5,390.13,0,0.0,0,5.733024514412824e-05,0.0,0.0,2.7022838310272816e-05,0.0,-5.733024514412824e-05
ES,pedro canario,5,476.55,0,0.0,0,5.733024514412824e-05,0.0,0.0,3.300882679301902e-05,0.0,-5.733024514412824e-05
ES,sao jose do calcado,5,1036.03,0,0.0,0,5.733024514412824e-05,0.0,0.0,7.176190289029796e-05,0.0,-5.733024514412824e-05
ES,sao roque do canaa,5,436.01,0,0.0,0,5.733024514412824e-05,0.0,0.0,3.020077341312396e-05,0.0,-5.733024514412824e-05
GO,alexania,5,568.25,0,0.0,0,5.733024514412824e-05,0.0,0.0,3.9360541024306074e-05,0.0,-5.733024514412824e-05
GO,firminopolis,5,741.27,0,0.0,0,5.733024514412824e-05,0.0,0.0,5.1344985913044186e-05,0.0,-5.733024514412824e-05
GO,santo antonio do descoberto,5,992.8800000000001,0,0.0,0,5.733024514412824e-05,0.0,0.0,6.877306462334011e-05,0.0,-5.733024514412824e-05
GO,sao miguel do araguaia,5,1518.03,0,0.0,0,5.733024514412824e-05,0.0,0.0,0.000105148230692701,0.0,-5.733024514412824e-05
MA,alto parnaiba,5,948.0999999999999,0,0.0,0,5.733024514412824e-05,0.0,0.0,6.56713223847683e-05,0.0,-5.733024514412824e-05
MA,lago da pedra,5,1099.49,0,0.0,0,5.733024514412824e-05,0.0,0.0,7.615753849681352e-05,0.0,-5.733024514412824e-05
MA,viana,5,845.14,0,0.0,0,5.733024514412824e-05,0.0,0.0,5.853967028822179e-05,0.0,-5.733024514412824e-05
MA,ze doca,5,878.9200000000001,0,0.0,0,5.733024514412824e-05,0.0,0.0,6.087948388400017e-05,0.0,-5.733024514412824e-05
MG,abre campo,5,367.29,0,0.0,0,5.733024514412824e-05,0.0,0.0,2.544079738287264e-05,0.0,-5.733024514412824e-05
MG,arapora,5,1253.3700000000001,0,0.0,0,5.733024514412824e-05,0.0,0.0,8.681622754709108e-05,0.0,-5.733024514412824e-05
MG,araujos,5,2711.2200000000003,0,0.0,0,5.733024514412824e-05,0.0,0.0,0.0001877960159013095,0.0,-5.733024514412824e-05
MG,belo oriente,5,833.02,0,0.0,0,5.733024514412824e-05,0.0,0.0,5.770016345634394e-05,0.0,-5.733024514412824e-05
MG,caldas,5,621.9399999999999,0,0.0,0,5.733024514412824e-05,0.0,0.0,4.3079445463540545e-05,0.0,-5.733024514412824e-05
MG,cambuquira,5,444.24,0,0.0,0,5.733024514412824e-05,0.0,0.0,3.0770834570413955e-05,0.0,-5.733024514412824e-05
MG,campos altos,5,498.61,0,0.0,0,5.733024514412824e-05,0.0,0.0,3.453684005302112e-05,0.0,-5.733024514412824e-05
MG,carai,5,492.21,0,0.0,0,5.733024514412824e-05,0.0,0.0,3.4093536115395845e-05,0.0,-5.733024514412824e-05
MG,carmopolis de minas,5,1756.72,0,0.0,0,5.733024514412824e-05,0.0,0.0,0.00012168138957891591,0.0,-5.733024514412824e-05
MG,catas altas,5,1160.35,0,0.0,0,5.733024514412824e-05,0.0,0.0,8.03730818786688e-05,0.0,-5.733024514412824e-05
MG,conquista,5,602.42,0,0.0,0,5.733024514412824e-05,0.0,0.0,4.172736845378348e-05,0.0,-5.733024514412824e-05
MG,divinolandia de minas,5,312.82,0,0.0,0,5.733024514412824e-05,0.0,0.0,2.1667865276240077e-05,0.0,-5.733024514412824e-05
MG,frei inocencio,5,733.89,0,0.0,0,5.733024514412824e-05,0.0,0.0,5.083380105997005e-05,0.0,-5.733024514412824e-05
MG,itaobim,5,963.63,0,0.0,0,5.733024514412824e-05,0.0,0.0,6.674702709591212e-05,0.0,-5.733024514412824e-05
MG,itapagipe,5,341.5,0,0.0,0,5.733024514412824e-05,0.0,0.0,2.3654421046723316e-05,0.0,-5.733024514412824e-05
MG,jaiba,5,799.04,0,0.0,0,5.733024514412824e-05,0.0,0.0,5.534649661251478e-05,0.0,-5.733024514412824e-05
MG,jeceaba,5,464.08,0,0.0,0,5.733024514412824e-05,0.0,0.0,3.2145076777052284e-05,0.0,-5.733024514412824e-05
MG,juruaia,5,470.59000000000003,0,0.0,0,5.733024514412824e-05,0.0,0.0,3.259600000110549e-05,0.0,-5.733024514412824e-05
MG,lagoa dourada,5,707.3,0,0.0,0,5.733024514412824e-05,0.0,0.0,4.8992011731617564e-05,0.0,-5.733024514412824e-05
MG,lima duarte,5,920.86,0,0.0,0,5.733024514412824e-05,0.0,0.0,6.378451000025076e-05,0.0,-5.733024514412824e-05
MG,monte azul,5,729.88,0,0.0,0,5.733024514412824e-05,0.0,0.0,5.055604343655172e-05,0.0,-5.733024514412824e-05
MG,novo cruzeiro,5,914.23,0,0.0,0,5.733024514412824e-05,0.0,0.0,6.332527482736708e-05,0.0,-5.733024514412824e-05
MG,pedra azul,5,543.8,0,0.0,0,5.733024514412824e-05,0.0,0.0,3.766698145009704e-05,0.0,-5.733024514412824e-05
MG,piedade de caratinga,5,654.86,0,0.0,0,5.733024514412824e-05,0.0,0.0,4.5359690092700524e-05,0.0,-5.733024514412824e-05
MG,porteirinha,5,358.05,0,0.0,0,5.733024514412824e-05,0.0,0.0,2.4800777322926156e-05,0.0,-5.733024514412824e-05
MG,presidente olegario,5,557.4100000000001,0,0.0,0,5.733024514412824e-05,0.0,0.0,3.8609694979953275e-05,0.0,-5.733024514412824e-05
MG,rio pardo de minas,5,708.49,0,0.0,0,5.733024514412824e-05,0.0,0.0,4.9074438557519765e-05,0.0,-5.733024514412824e-05
MG,sabinopolis,5,412.4,0,0.0,0,5.733024514412824e-05,0.0,0.0,2.856539748072824e-05,0.0,-5.733024514412824e-05
MG,sao joao evangelista,5,473.05,0,0.0,0,5.733024514412824e-05,0.0,0.0,3.27663949521302e-05,0.0,-5.733024514412824e-05
MG,sao tiago,5,586.45,0,0.0,0,5.733024514412824e-05,0.0,0.0,4.0621186596927935e-05,0.0,-5.733024514412824e-05
MG,serra dos aimores,5,443.08,0,0.0,0,5.733024514412824e-05,0.0,0.0,3.069048573171937e-05,0.0,-5.733024514412824e-05
MG,soledade de minas,5,394.78,0,0.0,0,5.733024514412824e-05,0.0,0.0,2.7344926327453672e-05,0.0,-5.733024514412824e-05
MG,teixeiras,5,497.84000000000003,0,0.0,0,5.733024514412824e-05,0.0,0.0,3.448350504802558e-05,0.0,-5.733024514412824e-05
MG,vazante,5,1104.56,0,0.0,0,5.733024514412824e-05,0.0,0.0,7.650871833490104e-05,0.0,-5.733024514412824e-05
MG,virginopolis,5,693.96,0,0.0,0,5.733024514412824e-05,0.0,0.0,4.80680000866299e-05,0.0,-5.733024514412824e-05
MS,bataguassu,5,732.9200000000001,0,0.0,0,5.733024514412824e-05,0.0,0.0,5.076661280692373e-05,0.0,-5.733024514412824e-05
MS,cassilandia,5,1677.5900000000001,0,0.0,0,5.733024514412824e-05,0.0,0.0,0.000116200351987621,0.0,-5.733024514412824e-05
MT,alto araguaia,5,1228.13,0,0.0,0,5.733024514412824e-05,0.0,0.0,8.506794764308143e-05,0.0,-5.733024514412824e-05
MT,comodoro,5,2442.17,0,0.0,0,5.733024514412824e-05,0.0,0.0,0.00016915993396098472,0.0,-5.733024514412824e-05
MT,guaranta do norte,5,509.28999999999996,0,0.0,0,5.733024514412824e-05,0.0,0.0,3.527660349893328e-05,0.0,-5.733024514412824e-05
MT,itauba,5,1661.97,0,0.0,0,5.733024514412824e-05,0.0,0.0,0.00011511841331485431,0.0,-5.733024514412824e-05
MT,jauru,5,762.86,0,0.0,0,5.733024514412824e-05,0.0,0.0,5.2840444040126936e-05,0.0,-5.733024514412824e-05
MT,juara,5,502.95,0,0.0,0,5.733024514412824e-05,0.0,0.0,3.483745553572325e-05,0.0,-5.733024514412824e-05
MT,matupa,5,1087.87,0,0.0,0,5.733024514412824e-05,0.0,0.0,7.535266478506263e-05,0.0,-5.733024514412824e-05
MT,nova mutum,5,715.67,0,0.0,0,5.733024514412824e-05,0.0,0.0,4.957177016254311e-05,0.0,-5.733024514412824e-05
PA,dom eliseu,5,515.08,0,0.0,0,5.733024514412824e-05,0.0,0.0,3.5677655030003644e-05,0.0,-5.733024514412824e-05
PA,novo progresso,5,2436.08,0,0.0,0,5.733024514412824e-05,0.0,0.0,0.00016873810255783815,0.0,-5.733024514412824e-05
PA,ourilandia do norte,5,1934.3500000000001,0,0.0,0,5.733024514412824e-05,0.0,0.0,0.00013398515183522474,0.0,-5.733024514412824e-05
PA,quatro bocas,5,1804.79,0,0.0,0,5.733024514412824e-05,0.0,0.0,0.00012501101774792318,0.0,-5.733024514412824e-05
PA,sao miguel do guama,5,1514.3999999999999,0,0.0,0,5.733024514412824e-05,0.0,0.0,0.00010489679424057915,0.0,-5.733024514412824e-05
PB,catole do rocha,5,3007.4400000000005,0,0.0,0,5.733024514412824e-05,0.0,0.0,0.00020831406158933405,0.0,-5.733024514412824e-05
PB,esperanca,5,1629.95,0,0.0,0,5.733024514412824e-05,0.0,0.0,0.00011290050830192288,0.0,-5.733024514412824e-05
PB,mamanguape,5,1210.8600000000001,0,0.0,0,5.733024514412824e-05,0.0,0.0,8.387171967389574e-05,0.0,-5.733024514412824e-05
PB,pombal,5,2210.2,0,0.0,0,5.733024514412824e-05,0.0,0.0,0.00015309224420927633,0.0,-5.733024514412824e-05
PB,queimadas,5,1670.94,0,0.0,0,5.733024514412824e-05,0.0,0.0,0.00011573973148993222,0.0,-5.733024514412824e-05
PB,santa luzia,5,460.49,0,0.0,0,5.733024514412824e-05,0.0,0.0,3.1896410974540614e-05,0.0,-5.733024514412824e-05
PE,aguas belas,5,561.0699999999999,0,0.0,0,5.733024514412824e-05,0.0,0.0,3.886320941928272e-05,0.0,-5.733024514412824e-05
PE,arcoverde,5,677.4,0,0.0,0,5.733024514412824e-05,0.0,0.0,4.6920951148024516e-05,0.0,-5.733024514412824e-05
PE,barreiros,5,1514.09,0,0.0,0,5.733024514412824e-05,0.0,0.0,0.00010487532170610044,0.0,-5.733024514412824e-05
PE,bonito,5,1398.84,0,0.0,0,5.733024514412824e-05,0.0,0.0,9.68923875168329e-05,0.0,-5.733024514412824e-05
PE,custodia,5,752.1700000000001,0,0.0,0,5.733024514412824e-05,0.0,0.0,5.209998793181223e-05,0.0,-5.733024514412824e-05
PE,floresta,5,694.69,0,0.0,0,5.733024514412824e-05,0.0,0.0,4.8118564442015285e-05,0.0,-5.733024514412824e-05
PE,moreno,5,960.09,0,0.0,0,5.733024514412824e-05,0.0,0.0,6.650182460541315e-05,0.0,-5.733024514412824e-05
PE,sirinhaem,5,720.23,0,0.0,0,5.733024514412824e-05,0.0,0.0,4.988762421810112e-05,0.0,-5.733024514412824e-05
PE,surubim,5,711.22,0,0.0,0,5.733024514412824e-05,0.0,0.0,4.926353539341305e-05,0.0,-5.733024514412824e-05
PE,taquaritinga do norte,5,2371.1800000000003,0,0.0,0,5.733024514412824e-05,0.0,0.0,0.00016424272356535693,0.0,-5.733024514412824e-05
PI,altos,5,1560.8700000000001,0,0.0,0,5.733024514412824e-05,0.0,0.0,0.00010811559642518015,0.0,-5.733024514412824e-05
PI,oeiras,5,674.78,0,0.0,0,5.733024514412824e-05,0.0,0.0,4.6739473598559174e-05,0.0,-5.733024514412824e-05
PI,regeneracao,5,828.27,0,0.0,0,5.733024514412824e-05,0.0,0.0,5.7371148815137686e-05,0.0,-5.733024514412824e-05
PI,sao joao do piaui,5,1891.88,0,0.0,0,5.733024514412824e-05,0.0,0.0,0.00013104341461163955,0.0,-5.733024514412824e-05
PR,assai,5,1019.8,0,0.0,0,5.733024514412824e-05,0.0,0.0,7.063771181097638e-05,0.0,-5.733024514412824e-05
PR,astorga,5,507.98,0,0.0,0,5.733024514412824e-05,0.0,0.0,3.518586472420061e-05,0.0,-5.733024514412824e-05
PR,bituruna,5,598.23,0,0.0,0,5.733024514412824e-05,0.0,0.0,4.143714290711944e-05,0.0,-5.733024514412824e-05
PR,cidade gaucha,5,950.1,0,0.0,0,5.733024514412824e-05,0.0,0.0,6.58098548652762e-05,0.0,-5.733024514412824e-05
PR,colonia vitoria,5,409.72999999999996,0,0.0,0,5.733024514412824e-05,0.0,0.0,2.83804566192502e-05,0.0,-5.733024514412824e-05
PR,colorado,5,1097.55,0,0.0,0,5.733024514412824e-05,0.0,0.0,7.602316199072086e-05,0.0,-5.733024514412824e-05
PR,diamante do norte,5,515.27,0,0.0,0,5.733024514412824e-05,0.0,0.0,3.569081561565189e-05,0.0,-5.733024514412824e-05
PR,floresta,5,844.0899999999999,0,0.0,0,5.733024514412824e-05,0.0,0.0,5.846694073595514e-05,0.0,-5.733024514412824e-05
PR,general carneiro,5,498.52,0,0.0,0,5.733024514412824e-05,0.0,0.0,3.4530606091398264e-05,0.0,-5.733024514412824e-05
PR,guaraniacu,5,463.62,0,0.0,0,5.733024514412824e-05,0.0,0.0,3.211321430653547e-05,0.0,-5.733024514412824e-05
PR,inacio martins,5,331.28000000000003,0,0.0,0,5.733024514412824e-05,0.0,0.0,2.2946520071327966e-05,0.0,-5.733024514412824e-05
PR,japura,5,521.53,0,0.0,0,5.733024514412824e-05,0.0,0.0,3.612442227964161e-05,0.0,-5.733024514412824e-05
PR,nova prata do iguacu,5,1110.72,0,0.0,0,5.733024514412824e-05,0.0,0.0,7.693539837486536e-05,0.0,-5.733024514412824e-05
PR,pirai do sul,5,640.3100000000001,0,0.0,0,5.733024514412824e-05,0.0,0.0,4.435186629700558e-05,0.0,-5.733024514412824e-05
PR,quatigua,5,341.35,0,0.0,0,5.733024514412824e-05,0.0,0.0,2.3644031110685225e-05,0.0,-5.733024514412824e-05
PR,realeza,5,1331.87,0,0.0,0,5.733024514412824e-05,0.0,0.0,9.225362740702599e-05,0.0,-5.733024514412824e-05
PR,ribeirao claro,5,663.8,0,0.0,0,5.733024514412824e-05,0.0,0.0,4.597893028057082e-05,0.0,-5.733024514412824e-05
PR,ribeirao do pinhal,5,447.33000000000004,0,0.0,0,5.733024514412824e-05,0.0,0.0,3.0984867252798655e-05,0.0,-5.733024514412824e-05
PR,rio azul,5,538.54,0,0.0,0,5.733024514412824e-05,0.0,0.0,3.730264102636127e-05,0.0,-5.733024514412824e-05
PR,rio branco do sul,5,316.28999999999996,0,0.0,0,5.733024514412824e-05,0.0,0.0,2.1908219129921278e-05,0.0,-5.733024514412824e-05
PR,santa fe,5,1005.44,0,0.0,0,5.733024514412824e-05,0.0,0.0,6.964304860092969e-05,0.0,-5.733024514412824e-05
PR,senges,5,645.5,0,0.0,0,5.733024514412824e-05,0.0,0.0,4.471135808392357e-05,0.0,-5.733024514412824e-05
RJ,carapebus,5,786.52,0,0.0,0,5.733024514412824e-05,0.0,0.0,5.447928328453535e-05,0.0,-5.733024514412824e-05
RJ,cardoso moreira,5,487.69000000000005,0,0.0,0,5.733024514412824e-05,0.0,0.0,3.3780452709448005e-05,0.0,-5.733024514412824e-05
RJ,quatis,5,617.87,0,0.0,0,5.733024514412824e-05,0.0,0.0,4.2797531865706984e-05,0.0,-5.733024514412824e-05
RJ,rio das flores,5,462.15999999999997,0,0.0,0,5.733024514412824e-05,0.0,0.0,3.20120855957647e-05,0.0,-5.733024514412824e-05
RN,macaiba,5,757.1700000000001,0,0.0,0,5.733024514412824e-05,0.0,0.0,5.244631913308197e-05,0.0,-5.733024514412824e-05
RN,macau,5,1297.69,0,0.0,0,5.733024514412824e-05,0.0,0.0,8.988610731514605e-05,0.0,-5.733024514412824e-05
RN,sao goncalo do amarante,5,888.28,0,0.0,0,5.733024514412824e-05,0.0,0.0,6.152781589277711e-05,0.0,-5.733024514412824e-05
RS,arroio do sal,5,1442.2,0,0.0,0,5.733024514412824e-05,0.0,0.0,9.989577169424411e-05,0.0,-5.733024514412824e-05
RS,barra do ribeiro,5,742.89,0,0.0,0,5.733024514412824e-05,0.0,0.0,5.145719722225559e-05,0.0,-5.733024514412824e-05
RS,bom principio,5,905.69,0,0.0,0,5.733024514412824e-05,0.0,0.0,6.273374113559836e-05,0.0,-5.733024514412824e-05
RS,cacapava do sul,5,1044.83,0,0.0,0,5.733024514412824e-05,0.0,0.0,7.237144580453271e-05,0.0,-5.733024514412824e-05
RS,cidreira,5,769.02,0,0.0,0,5.733024514412824e-05,0.0,0.0,5.326712408009125e-05,0.0,-5.733024514412824e-05
RS,dom feliciano,5,635.95,0,0.0,0,5.733024514412824e-05,0.0,0.0,4.4049865489498366e-05,0.0,-5.733024514412824e-05
RS,estacao,5,815.22,0,0.0,0,5.733024514412824e-05,0.0,0.0,5.646722437982366e-05,0.0,-5.733024514412824e-05
RS,nova santa rita,5,1064.0,0,0.0,0,5.733024514412824e-05,0.0,0.0,7.36992796302009e-05,0.0,-5.733024514412824e-05
RS,porto xavier,5,690.1800000000001,0,0.0,0,5.733024514412824e-05,0.0,0.0,4.780617369846998e-05,0.0,-5.733024514412824e-05
RS,rio pardo,5,791.45,0,0.0,0,5.733024514412824e-05,0.0,0.0,5.4820765848987316e-05,0.0,-5.733024514412824e-05
RS,sao francisco de paula,5,622.6800000000001,0,0.0,0,5.733024514412824e-05,0.0,0.0,4.3130702481328474e-05,0.0,-5.733024514412824e-05
RS,sao jeronimo,5,392.0,0,0.0,0,5.733024514412824e-05,0.0,0.0,2.71523661795477e-05,0.0,-5.733024514412824e-05
RS,sao jose do ouro,5,507.09000000000003,0,0.0,0,5.733024514412824e-05,0.0,0.0,3.51242177703746e-05,0.0,-5.733024514412824e-05
RS,sao sepe,5,652.54,0,0.0,0,5.733024514412824e-05,0.0,0.0,4.5198992415311364e-05,0.0,-5.733024514412824e-05
RS,sarandi,5,260.38,0,0.0,0,5.733024514412824e-05,0.0,0.0,1.8035543637323034e-05,0.0,-5.733024514412824e-05
RS,soledade,5,671.66,0,0.0,0,5.733024514412824e-05,0.0,0.0,4.6523362928966856e-05,0.0,-5.733024514412824e-05
RS,tres coroas,5,841.04,0,0.0,0,5.733024514412824e-05,0.0,0.0,5.82556787031806e-05,0.0,-5.733024514412824e-05
SC,abelardo luz,5,720.5,0,0.0,0,5.733024514412824e-05,0.0,0.0,4.990632610296969e-05,0.0,-5.733024514412824e-05
SC,anita garibaldi,5,385.93,0,0.0,0,5.733024514412824e-05,0.0,0.0,2.6731920101206233e-05,0.0,-5.733024514412824e-05
SC,apiuna,5,1444.55,0,0.0,0,5.733024514412824e-05,0.0,0.0,0.00010005854735884088,0.0,-5.733024514412824e-05
SC,benedito novo,5,839.53,0,0.0,0,5.733024514412824e-05,0.0,0.0,5.815108668039714e-05,0.0,-5.733024514412824e-05
SC,capivari de baixo,5,1028.73,0,0.0,0,5.733024514412824e-05,0.0,0.0,7.125625933644415e-05,0.0,-5.733024514412824e-05
SC,garuva,5,1647.66,0,0.0,0,5.733024514412824e-05,0.0,0.0,0.00011412721341682032,0.0,-5.733024514412824e-05
SC,guabiruba,5,786.81,0,0.0,0,5.733024514412824e-05,0.0,0.0,5.449937049420899e-05,0.0,-5.733024514412824e-05
SC,ipora do oeste,5,506.6,0,0.0,0,5.733024514412824e-05,0.0,0.0,3.509027731265016e-05,0.0,-5.733024514412824e-05
SC,ipumirim,5,377.52,0,0.0,0,5.733024514412824e-05,0.0,0.0,2.6149391020670527e-05,0.0,-5.733024514412824e-05
SC,laurentino,5,863.27,0,0.0,0,5.733024514412824e-05,0.0,0.0,5.979546722402587e-05,0.0,-5.733024514412824e-05
SC,otacilio costa,5,1162.8500000000001,0,0.0,0,5.733024514412824e-05,0.0,0.0,8.054624747930369e-05,0.0,-5.733024514412824e-05
SC,piratuba,5,1095.8799999999999,0,0.0,0,5.733024514412824e-05,0.0,0.0,7.590748736949676e-05,0.0,-5.733024514412824e-05
SC,presidente getulio,5,812.61,0,0.0,0,5.733024514412824e-05,0.0,0.0,5.628643949276086e-05,0.0,-5.733024514412824e-05
SC,rodeio,5,764.38,0,0.0,0,5.733024514412824e-05,0.0,0.0,5.294572872531293e-05,0.0,-5.733024514412824e-05
SC,sao carlos,5,688.57,0,0.0,0,5.733024514412824e-05,0.0,0.0,4.769465505166112e-05,0.0,-5.733024514412824e-05
SC,tres barras,5,380.56,0,0.0,0,5.733024514412824e-05,0.0,0.0,2.635996039104253e-05,0.0,-5.733024514412824e-05
SE,simao dias,5,624.28,0,0.0,0,5.733024514412824e-05,0.0,0.0,4.324152846573479e-05,0.0,-5.733024514412824e-05
SP,adolfo,5,441.59000000000003,0,0.0,0,5.733024514412824e-05,0.0,0.0,3.0587279033740995e-05,0.0,-5.733024514412824e-05
SP,ariranha,5,647.27,0,0.0,0,5.733024514412824e-05,0.0,0.0,4.4833959329173055e-05,0.0,-5.733024514412824e-05
SP,bocaina,5,1520.62,0,0.0,0,5.733024514412824e-05,0.0,0.0,0.00010532763025495873,0.0,-5.733024514412824e-05
SP,bofete,5,758.67,0,0.0,0,5.733024514412824e-05,0.0,0.0,5.255021849346289e-05,0.0,-5.733024514412824e-05
SP,cabreuva,5,714.02,0,0.0,0,5.733024514412824e-05,0.0,0.0,4.94574808661241e-05,0.0,-5.733024514412824e-05
SP,colombia,5,457.24,0,0.0,0,5.733024514412824e-05,0.0,0.0,3.1671295693715284e-05,0.0,-5.733024514412824e-05
SP,elias fausto,5,481.48,0,0.0,0,5.733024514412824e-05,0.0,0.0,3.3350309357470987e-05,0.0,-5.733024514412824e-05
SP,estiva gerbi,5,1090.98,0,0.0,0,5.733024514412824e-05,0.0,0.0,7.556808279225242e-05,0.0,-5.733024514412824e-05
SP,guarei,5,1187.44,0,0.0,0,5.733024514412824e-05,0.0,0.0,8.224950432714827e-05,0.0,-5.733024514412824e-05
SP,ibira,5,788.3,0,0.0,0,5.733024514412824e-05,0.0,0.0,5.460257719218737e-05,0.0,-5.733024514412824e-05
SP,ibirarema,5,498.19,0,0.0,0,5.733024514412824e-05,0.0,0.0,3.450774823211446e-05,0.0,-5.733024514412824e-05
SP,iepe,5,368.51,0,0.0,0,5.733024514412824e-05,0.0,0.0,2.5525302195982455e-05,0.0,-5.733024514412824e-05
SP,itobi,5,394.04,0,0.0,0,5.733024514412824e-05,0.0,0.0,2.7293669309665753e-05,0.0,-5.733024514412824e-05
SP,jacupiranga,5,885.57,0,0.0,0,5.733024514412824e-05,0.0,0.0,6.134010438168893e-05,0.0,-5.733024514412824e-05
SP,miracatu,5,991.81,0,0.0,0,5.733024514412824e-05,0.0,0.0,6.869894974626838e-05,0.0,-5.733024514412824e-05
SP,nhandeara,5,543.35,0,0.0,0,5.733024514412824e-05,0.0,0.0,3.7635811641982764e-05,0.0,-5.733024514412824e-05
SP,ocaucu,5,320.77,0,0.0,0,5.733024514412824e-05,0.0,0.0,2.2218531886258967e-05,0.0,-5.733024514412824e-05
SP,orindiuva,5,629.59,0,0.0,0,5.733024514412824e-05,0.0,0.0,4.3609332201483256e-05,0.0,-5.733024514412824e-05
SP,pacaembu,5,1488.76,0,0.0,0,5.733024514412824e-05,0.0,0.0,0.00010312080784046794,0.0,-5.733024514412824e-05
SP,palmeira d'oeste,5,396.90999999999997,0,0.0,0,5.733024514412824e-05,0.0,0.0,2.7492463419194583e-05,0.0,-5.733024514412824e-05
SP,panorama,5,474.64,0,0.0,0,5.733024514412824e-05,0.0,0.0,3.287652827413398e-05,0.0,-5.733024514412824e-05
SP,parapua,5,963.49,0,0.0,0,5.733024514412824e-05,0.0,0.0,6.673732982227657e-05,0.0,-5.733024514412824e-05
SP,paulo de faria,5,656.48,0,0.0,0,5.733024514412824e-05,0.0,0.0,4.5471901401911926e-05,0.0,-5.733024514412824e-05
SP,presidente bernardes,5,579.56,0,0.0,0,5.733024514412824e-05,0.0,0.0,4.0143942201578224e-05,0.0,-5.733024514412824e-05
SP,rafard,5,659.46,0,0.0,0,5.733024514412824e-05,0.0,0.0,4.567831479786869e-05,0.0,-5.733024514412824e-05
SP,roseira,5,490.14,0,0.0,0,5.733024514412824e-05,0.0,0.0,3.395015499807018e-05,0.0,-5.733024514412824e-05
SP,sales,5,433.12,0,0.0,0,5.733024514412824e-05,0.0,0.0,3.000059397879005e-05,0.0,-5.733024514412824e-05
SP,sao bento do sapucai,5,539.74,0,0.0,0,5.733024514412824e-05,0.0,0.0,3.738576051466601e-05,0.0,-5.733024514412824e-05
SP,severinia,5,556.45,0,0.0,0,5.733024514412824e-05,0.0,0.0,3.8543199389309486e-05,0.0,-5.733024514412824e-05
SP,sud mennucci,5,448.01,0,0.0,0,5.733024514412824e-05,0.0,0.0,3.1031968296171334e-05,0.0,-5.733024514412824e-05
SP,tabatinga,5,487.11,0,0.0,0,5.733024514412824e-05,0.0,0.0,3.374027829010071e-05,0.0,-5.733024514412824e-05
SP,taiuva,5,1010.1299999999999,0,0.0,0,5.733024514412824e-05,0.0,0.0,6.99679072677207e-05,0.0,-5.733024514412824e-05
SP,tarabai,5,1174.4,0,0.0,0,5.733024514412824e-05,0.0,0.0,8.134627255423678e-05,0.0,-5.733024514412824e-05
SP,torrinha,5,519.4200000000001,0,0.0,0,5.733024514412824e-05,0.0,0.0,3.597827051270578e-05,0.0,-5.733024514412824e-05
SP,tres fronteiras,5,434.82,0,0.0,0,5.733024514412824e-05,0.0,0.0,3.011834658722176e-05,0.0,-5.733024514412824e-05
TO,alvorada,5,1954.44,0,0.0,0,5.733024514412824e-05,0.0,0.0,0.00013537671060192654,0.0,-5.733024514412824e-05
TO,lagoa da confusao,5,929.74,0,0.0,0,5.733024514412824e-05,0.0,0.0,6.43995942137058e-05,0.0,-5.733024514412824e-05
AL,delmiro gouveia,4,1353.71,0,0.0,0,4.5864196115302586e-05,0.0,0.0,9.376640209417223e-05,0.0,-4.5864196115302586e-05
AM,humaita,4,458.4,0,0.0,0,4.5864196115302586e-05,0.0,0.0,3.175164453240986e-05,0.0,-4.5864196115302586e-05
BA,andorinha,4,533.39,0,0.0,0,4.5864196115302586e-05,0.0,0.0,3.694591988905344e-05,0.0,-4.5864196115302586e-05
BA,coaraci,4,1468.1200000000001,0,0.0,0,4.5864196115302586e-05,0.0,0.0,0.00010169115264162646,0.0,-4.5864196115302586e-05
BA,gandu,4,507.45,0,0.0,0,4.5864196115302586e-05,0.0,0.0,3.514915361686602e-05,0.0,-4.5864196115302586e-05
BA,iacu,4,499.85,0,0.0,0,4.5864196115302586e-05,0.0,0.0,3.462273019093602e-05,0.0,-4.5864196115302586e-05
BA,ibicarai,4,528.55,0,0.0,0,4.5864196115302586e-05,0.0,0.0,3.6610671286224324e-05,0.0,-4.5864196115302586e-05
BA,itabela,4,601.9300000000001,0,0.0,0,4.5864196115302586e-05,0.0,0.0,4.1693427996059053e-05,0.0,-4.5864196115302586e-05
BA,itiuba,4,387.5,0,0.0,0,4.5864196115302586e-05,0.0,0.0,2.684066809840493e-05,0.0,-4.5864196115302586e-05
BA,mutuipe,4,580.09,0,0.0,0,4.5864196115302586e-05,0.0,0.0,4.018065330891282e-05,0.0,-4.5864196115302586e-05
BA,paramirim,4,429.5,0,0.0,0,4.5864196115302586e-05,0.0,0.0,2.9749850189070755e-05,0.0,-4.5864196115302586e-05
BA,pilao arcado,4,364.68,0,0.0,0,4.5864196115302586e-05,0.0,0.0,2.5260012495809833e-05,0.0,-4.5864196115302586e-05
BA,posto da mata,4,620.13,0,0.0,0,4.5864196115302586e-05,0.0,0.0,4.29540735686809e-05,0.0,-4.5864196115302586e-05
BA,prado,4,1094.94,0,0.0,0,4.5864196115302586e-05,0.0,0.0,7.584237710365806e-05,0.0,-4.5864196115302586e-05
BA,presidente tancredo neves,4,325.58,0,0.0,0,4.5864196115302586e-05,0.0,0.0,2.2551702501880457e-05,0.0,-4.5864196115302586e-05
BA,queimadas,4,937.5699999999999,0,0.0,0,4.5864196115302586e-05,0.0,0.0,6.494194887489423e-05,0.0,-4.5864196115302586e-05
BA,remanso,4,295.98,0,0.0,0,4.5864196115302586e-05,0.0,0.0,2.0501421790363594e-05,0.0,-4.5864196115302586e-05
BA,riachao do jacuipe,4,2613.5899999999997,0,0.0,0,4.5864196115302586e-05,0.0,0.0,0.00018103355286531647,0.0,-4.5864196115302586e-05
BA,santa cruz cabralia,4,390.34000000000003,0,0.0,0,4.5864196115302586e-05,0.0,0.0,2.7037384220726147e-05,0.0,-4.5864196115302586e-05
BA,serra do ramalho,4,406.72,0,0.0,0,4.5864196115302586e-05,0.0,0.0,2.8171965236085817e-05,0.0,-4.5864196115302586e-05
BA,tanhacu,4,609.8000000000001,0,0.0,0,4.5864196115302586e-05,0.0,0.0,4.2238553306857625e-05,0.0,-4.5864196115302586e-05
BA,ubaitaba,4,667.9300000000001,0,0.0,0,4.5864196115302586e-05,0.0,0.0,4.6264999852819635e-05,0.0,-4.5864196115302586e-05
BA,uibai,4,639.36,0,0.0,0,4.5864196115302586e-05,0.0,0.0,4.4286063368764326e-05,0.0,-4.5864196115302586e-05
BA,una,4,541.51,0,0.0,0,4.5864196115302586e-05,0.0,0.0,3.7508361759915495e-05,0.0,-4.5864196115302586e-05
CE,campos sales,4,1853.7799999999997,0,0.0,0,4.5864196115302586e-05,0.0,0.0,0.0001284043708579641,0.0,-4.5864196115302586e-05
CE,forquilha,4,477.45,0,0.0,0,4.5864196115302586e-05,0.0,0.0,3.307116640924757e-05,0.0,-4.5864196115302586e-05
CE,granja,4,565.72,0,0.0,0,4.5864196115302586e-05,0.0,0.0,3.9185297436463587e-05,0.0,-4.5864196115302586e-05
CE,guaraciaba do norte,4,738.1500000000001,0,0.0,0,4.5864196115302586e-05,0.0,0.0,5.112887524345188e-05,0.0,-4.5864196115302586e-05
CE,hidrolandia,4,979.98,0,0.0,0,4.5864196115302586e-05,0.0,0.0,6.787953012406417e-05,0.0,-4.5864196115302586e-05
CE,ipu,4,545.2,0,0.0,0,4.5864196115302586e-05,0.0,0.0,3.7763954186452566e-05,0.0,-4.5864196115302586e-05
CE,morrinhos,4,1124.79,0,0.0,0,4.5864196115302586e-05,0.0,0.0,7.79099743752384e-05,0.0,-4.5864196115302586e-05
CE,paracuru,4,705.9200000000001,0,0.0,0,4.5864196115302586e-05,0.0,0.0,4.889642432006713e-05,0.0,-4.5864196115302586e-05
CE,paraipaba,4,706.54,0,0.0,0,4.5864196115302586e-05,0.0,0.0,4.893936938902457e-05,0.0,-4.5864196115302586e-05
CE,santana do acarau,4,1563.58,0,0.0,0,4.5864196115302586e-05,0.0,0.0,0.00010830330793626835,0.0,-4.5864196115302586e-05
CE,sao benedito,4,1058.76,0,0.0,0,4.5864196115302586e-05,0.0,0.0,7.33363245312702e-05,0.0,-4.5864196115302586e-05
CE,senador pompeu,4,718.11,0,0.0,0,4.5864196115302586e-05,0.0,0.0,4.974077978876275e-05,0.0,-4.5864196115302586e-05
CE,varjota,4,901.18,0,0.0,0,4.5864196115302586e-05,0.0,0.0,6.242135039205305e-05,0.0,-4.5864196115302586e-05
ES,agua doce do norte,4,463.52000000000004,0,0.0,0,4.5864196115302586e-05,0.0,0.0,3.210628768251008e-05,0.0,-4.5864196115302586e-05
ES,arace,4,491.18,0,0.0,0,4.5864196115302586e-05,0.0,0.0,3.402219188793428e-05,0.0,-4.5864196115302586e-05
ES,bom jesus do norte,4,781.8499999999999,0,0.0,0,4.5864196115302586e-05,0.0,0.0,5.41558099425494e-05,0.0,-4.5864196115302586e-05
ES,itaipava,4,520.02,0,0.0,0,4.5864196115302586e-05,0.0,0.0,3.6019830256858146e-05,0.0,-4.5864196115302586e-05
ES,itapemirim,4,459.34000000000003,0,0.0,0,4.5864196115302586e-05,0.0,0.0,3.181675479824858e-05,0.0,-4.5864196115302586e-05
ES,mantenopolis,4,503.02000000000004,0,0.0,0,4.5864196115302586e-05,0.0,0.0,3.484230417254103e-05,0.0,-4.5864196115302586e-05
ES,marechal floriano,4,424.2,0,0.0,0,4.5864196115302586e-05,0.0,0.0,2.9382739115724832e-05,0.0,-4.5864196115302586e-05
ES,muqui,4,574.38,0,0.0,0,4.5864196115302586e-05,0.0,0.0,3.978514307706277e-05,0.0,-4.5864196115302586e-05
ES,rio bananal,4,332.32,0,0.0,0,4.5864196115302586e-05,0.0,0.0,2.301855696119207e-05,0.0,-4.5864196115302586e-05
ES,sooretama,4,398.49,0,0.0,0,4.5864196115302586e-05,0.0,0.0,2.7601904078795824e-05,0.0,-4.5864196115302586e-05
ES,vargem alta,4,304.91,0,0.0,0,4.5864196115302586e-05,0.0,0.0,2.1119969315831352e-05,0.0,-4.5864196115302586e-05
GO,caiaponia,4,428.97,0,0.0,0,4.5864196115302586e-05,0.0,0.0,2.9713139081736167e-05,0.0,-4.5864196115302586e-05
GO,castelandia,4,688.41,0,0.0,0,4.5864196115302586e-05,0.0,0.0,4.7683572453220485e-05,0.0,-4.5864196115302586e-05
GO,corumbaiba,4,256.47,0,0.0,0,4.5864196115302586e-05,0.0,0.0,1.77647126379301e-05,0.0,-4.5864196115302586e-05
GO,edeia,4,560.9100000000001,0,0.0,0,4.5864196115302586e-05,0.0,0.0,3.88521268208421e-05,0.0,-4.5864196115302586e-05
GO,fazenda nova,4,407.77,0,0.0,0,4.5864196115302586e-05,0.0,0.0,2.824469478835246e-05,0.0,-4.5864196115302586e-05
GO,joviania,4,472.11,0,0.0,0,4.5864196115302586e-05,0.0,0.0,3.270128468629149e-05,0.0,-4.5864196115302586e-05
GO,padre bernardo,4,263.69,0,0.0,0,4.5864196115302586e-05,0.0,0.0,1.8264814892563604e-05,0.0,-4.5864196115302586e-05
GO,parauna,4,610.16,0,0.0,0,4.5864196115302586e-05,0.0,0.0,4.2263489153349036e-05,0.0,-4.5864196115302586e-05
GO,pirenopolis,4,355.74,0,0.0,0,4.5864196115302586e-05,0.0,0.0,2.4640772307939536e-05,0.0,-4.5864196115302586e-05
GO,rianapolis,4,534.47,0,0.0,0,4.5864196115302586e-05,0.0,0.0,3.70207274285277e-05,0.0,-4.5864196115302586e-05
MA,barreirinhas,4,490.73,0,0.0,0,4.5864196115302586e-05,0.0,0.0,3.399102207982001e-05,0.0,-4.5864196115302586e-05
MA,buriticupu,4,837.4,0,0.0,0,4.5864196115302586e-05,0.0,0.0,5.800354958865623e-05,0.0,-4.5864196115302586e-05
MA,itapecuru mirim,4,702.95,0,0.0,0,4.5864196115302586e-05,0.0,0.0,4.86907035865129e-05,0.0,-4.5864196115302586e-05
MA,nova olinda do maranhao,4,1724.33,0,0.0,0,4.5864196115302586e-05,0.0,0.0,0.00011943785605709052,0.0,-4.5864196115302586e-05
MA,pinheiro,4,553.23,0,0.0,0,4.5864196115302586e-05,0.0,0.0,3.832016209569177e-05,0.0,-4.5864196115302586e-05
MA,urbano santos,4,703.99,0,0.0,0,4.5864196115302586e-05,0.0,0.0,4.8762740476377004e-05,0.0,-4.5864196115302586e-05
MG,aguas formosas,4,1466.81,0,0.0,0,4.5864196115302586e-05,0.0,0.0,0.00010160041386689378,0.0,-4.5864196115302586e-05
MG,aiuruoca,4,365.03000000000003,0,0.0,0,4.5864196115302586e-05,0.0,0.0,2.5284255679898718e-05,0.0,-4.5864196115302586e-05
MG,alto rio doce,4,278.54999999999995,0,0.0,0,4.5864196115302586e-05,0.0,0.0,1.929411122273727e-05,0.0,-4.5864196115302586e-05
MG,bom jesus do galho,4,5139.88,0,0.0,0,4.5864196115302586e-05,0.0,0.0,0.00035602016295646334,0.0,-4.5864196115302586e-05
MG,bom repouso,4,487.95,0,0.0,0,4.5864196115302586e-05,0.0,0.0,3.379846193191403e-05,0.0,-4.5864196115302586e-05
MG,bom sucesso,4,994.6999999999999,0,0.0,0,4.5864196115302586e-05,0.0,0.0,6.889912918060228e-05,0.0,-4.5864196115302586e-05
MG,bueno brandao,4,238.32999999999998,0,0.0,0,4.5864196115302586e-05,0.0,0.0,1.6508223039723475e-05,0.0,-4.5864196115302586e-05
MG,campo do meio,4,309.08000000000004,0,0.0,0,4.5864196115302586e-05,0.0,0.0,2.1408809537690317e-05,0.0,-4.5864196115302586e-05
MG,campos gerais,4,571.17,0,0.0,0,4.5864196115302586e-05,0.0,0.0,3.95627984458476e-05,0.0,-4.5864196115302586e-05
MG,canapolis,4,604.6800000000001,0,0.0,0,4.5864196115302586e-05,0.0,0.0,4.188391015675741e-05,0.0,-4.5864196115302586e-05
MG,chapada gaucha,4,528.01,0,0.0,0,4.5864196115302586e-05,0.0,0.0,3.65732675164872e-05,0.0,-4.5864196115302586e-05
MG,conceicao da aparecida,4,956.0999999999999,0,0.0,0,4.5864196115302586e-05,0.0,0.0,6.622545230679988e-05,0.0,-4.5864196115302586e-05
MG,conceicao das pedras,4,412.05,0,0.0,0,4.5864196115302586e-05,0.0,0.0,2.8541154296639362e-05,0.0,-4.5864196115302586e-05
MG,conceicao do rio verde,4,692.16,0,0.0,0,4.5864196115302586e-05,0.0,0.0,4.794332085417279e-05,0.0,-4.5864196115302586e-05
MG,conceicao dos ouros,4,714.92,0,0.0,0,4.5864196115302586e-05,0.0,0.0,4.951982048235265e-05,0.0,-4.5864196115302586e-05
MG,congonhal,4,568.1899999999999,0,0.0,0,4.5864196115302586e-05,0.0,0.0,3.935638504989083e-05,0.0,-4.5864196115302586e-05
MG,cruzilia,4,447.26,0,0.0,0,4.5864196115302586e-05,0.0,0.0,3.098001861598088e-05,0.0,-4.5864196115302586e-05
MG,dom silverio,4,484.12,0,0.0,0,4.5864196115302586e-05,0.0,0.0,3.353317223174141e-05,0.0,-4.5864196115302586e-05
MG,eugenopolis,4,1040.17,0,0.0,0,4.5864196115302586e-05,0.0,0.0,7.204866512494931e-05,0.0,-4.5864196115302586e-05
MG,gouveia,4,1167.23,0,0.0,0,4.5864196115302586e-05,0.0,0.0,8.084963361161597e-05,0.0,-4.5864196115302586e-05
MG,guimarania,4,609.33,0,0.0,0,4.5864196115302586e-05,0.0,0.0,4.2205998173938267e-05,0.0,-4.5864196115302586e-05
MG,iapu,4,497.92999999999995,0,0.0,0,4.5864196115302586e-05,0.0,0.0,3.4489739009648426e-05,0.0,-4.5864196115302586e-05
MG,itanhomi,4,375.53,0,0.0,0,4.5864196115302586e-05,0.0,0.0,2.601155120256517e-05,0.0,-4.5864196115302586e-05
MG,itapeva,4,386.1,0,0.0,0,4.5864196115302586e-05,0.0,0.0,2.6743695362049406e-05,0.0,-4.5864196115302586e-05
MG,itau de minas,4,372.76,0,0.0,0,4.5864196115302586e-05,0.0,0.0,2.5819683717061735e-05,0.0,-4.5864196115302586e-05
MG,jacui,4,475.87,0,0.0,0,4.5864196115302586e-05,0.0,0.0,3.296172574964634e-05,0.0,-4.5864196115302586e-05
MG,jesuania,4,341.77,0,0.0,0,4.5864196115302586e-05,0.0,0.0,2.367312293159188e-05,0.0,-4.5864196115302586e-05
MG,jordania,4,975.02,0,0.0,0,4.5864196115302586e-05,0.0,0.0,6.753596957240458e-05,0.0,-4.5864196115302586e-05
MG,juatuba,4,699.3299999999999,0,0.0,0,4.5864196115302586e-05,0.0,0.0,4.84399597967936e-05,0.0,-4.5864196115302586e-05
MG,lagoa grande,4,2175.77,0,0.0,0,4.5864196115302586e-05,0.0,0.0,0.00015070740755733289,0.0,-4.5864196115302586e-05
MG,martins soares,4,530.46,0,0.0,0,4.5864196115302586e-05,0.0,0.0,3.674296980510937e-05,0.0,-4.5864196115302586e-05
MG,mendes pimentel,4,432.84000000000003,0,0.0,0,4.5864196115302586e-05,0.0,0.0,2.9981199431518947e-05,0.0,-4.5864196115302586e-05
MG,merces,4,285.82,0,0.0,0,4.5864196115302586e-05,0.0,0.0,1.9797676789383478e-05,0.0,-4.5864196115302586e-05
MG,munhoz,4,477.12,0,0.0,0,4.5864196115302586e-05,0.0,0.0,3.304830854996377e-05,0.0,-4.5864196115302586e-05
MG,palma,4,504.04999999999995,0,0.0,0,4.5864196115302586e-05,0.0,0.0,3.491364840000259e-05,0.0,-4.5864196115302586e-05
MG,pecanha,4,988.53,0,0.0,0,4.5864196115302586e-05,0.0,0.0,6.847175647823543e-05,0.0,-4.5864196115302586e-05
MG,perdigao,4,383.08000000000004,0,0.0,0,4.5864196115302586e-05,0.0,0.0,2.6534511316482485e-05,0.0,-4.5864196115302586e-05
MG,piranga,4,400.39,0,0.0,0,4.5864196115302586e-05,0.0,0.0,2.7733509935278323e-05,0.0,-4.5864196115302586e-05
MG,rio casca,4,406.25,0,0.0,0,4.5864196115302586e-05,0.0,0.0,2.813941010316646e-05,0.0,-4.5864196115302586e-05
MG,rio manso,4,866.5300000000001,0,0.0,0,4.5864196115302586e-05,0.0,0.0,6.002127516725375e-05,0.0,-4.5864196115302586e-05
MG,rio novo,4,613.25,0,0.0,0,4.5864196115302586e-05,0.0,0.0,4.247752183573374e-05,0.0,-4.5864196115302586e-05
MG,rio piracicaba,4,580.14,0,0.0,0,4.5864196115302586e-05,0.0,0.0,4.0184116620925516e-05,0.0,-4.5864196115302586e-05
MG,rio preto,4,233.2,0,0.0,0,4.5864196115302586e-05,0.0,0.0,1.6152887227220722e-05,0.0,-4.5864196115302586e-05
MG,santana da vargem,4,353.6,0,0.0,0,4.5864196115302586e-05,0.0,0.0,2.449254255379609e-05,0.0,-4.5864196115302586e-05
MG,santana do jacare,4,1769.22,0,0.0,0,4.5864196115302586e-05,0.0,0.0,0.00012254721758209026,0.0,-4.5864196115302586e-05
MG,santo antonio do amparo,4,477.03,0,0.0,0,4.5864196115302586e-05,0.0,0.0,3.3042074588340915e-05,0.0,-4.5864196115302586e-05
MG,sao domingos do prata,4,424.99,0,0.0,0,4.5864196115302586e-05,0.0,0.0,2.943745944552545e-05,0.0,-4.5864196115302586e-05
MG,sao geraldo,4,547.81,0,0.0,0,4.5864196115302586e-05,0.0,0.0,3.794473907351537e-05,0.0,-4.5864196115302586e-05
MG,sao joao do paraiso,4,449.43,0,0.0,0,4.5864196115302586e-05,0.0,0.0,3.113032635733194e-05,0.0,-4.5864196115302586e-05
MG,sao romao,4,262.78999999999996,0,0.0,0,4.5864196115302586e-05,0.0,0.0,1.820247527633505e-05,0.0,-4.5864196115302586e-05
MG,sapucai-mirim,4,647.16,0,0.0,0,4.5864196115302586e-05,0.0,0.0,4.482634004274512e-05,0.0,-4.5864196115302586e-05
MG,tarumirim,4,912.25,0,0.0,0,4.5864196115302586e-05,0.0,0.0,6.318812767166426e-05,0.0,-4.5864196115302586e-05
MG,tiradentes,4,653.58,0,0.0,0,4.5864196115302586e-05,0.0,0.0,4.5271029305175475e-05,0.0,-4.5864196115302586e-05
MG,tombos,4,420.09999999999997,0,0.0,0,4.5864196115302586e-05,0.0,0.0,2.9098747530683643e-05,0.0,-4.5864196115302586e-05
MG,volta grande,4,379.96000000000004,0,0.0,0,4.5864196115302586e-05,0.0,0.0,2.6318400646890163e-05,0.0,-4.5864196115302586e-05
MS,alcinopolis,4,952.35,0,0.0,0,4.5864196115302586e-05,0.0,0.0,6.596570390584759e-05,0.0,-4.5864196115302586e-05
MS,caarapo,4,1447.93,0,0.0,0,4.5864196115302586e-05,0.0,0.0,0.00010029266725089924,0.0,-4.5864196115302586e-05
MS,fatima do sul,4,1536.86,0,0.0,0,4.5864196115302586e-05,0.0,0.0,0.00010645251399668284,0.0,-4.5864196115302586e-05
MS,juti,4,719.48,0,0.0,0,4.5864196115302586e-05,0.0,0.0,4.983567453791066e-05,0.0,-4.5864196115302586e-05
MS,ladario,4,380.36,0,0.0,0,4.5864196115302586e-05,0.0,0.0,2.6346107142991743e-05,0.0,-4.5864196115302586e-05
MS,miranda,4,343.15999999999997,0,0.0,0,4.5864196115302586e-05,0.0,0.0,2.3769403005544865e-05,0.0,-4.5864196115302586e-05
MT,araputanga,4,645.25,0,0.0,0,4.5864196115302586e-05,0.0,0.0,4.4694041523860084e-05,0.0,-4.5864196115302586e-05
MT,chapada dos guimaraes,4,854.78,0,0.0,0,4.5864196115302586e-05,0.0,0.0,5.920739684426985e-05,0.0,-4.5864196115302586e-05
MT,claudia,4,418.37,0,0.0,0,4.5864196115302586e-05,0.0,0.0,2.8978916935044314e-05,0.0,-4.5864196115302586e-05
MT,cocalinho,4,576.5600000000001,0,0.0,0,4.5864196115302586e-05,0.0,0.0,3.9936143480816385e-05,0.0,-4.5864196115302586e-05
MT,nova bandeirantes,4,665.53,0,0.0,0,4.5864196115302586e-05,0.0,0.0,4.609876087621015e-05,0.0,-4.5864196115302586e-05
MT,paranaita,4,2016.47,0,0.0,0,4.5864196115302586e-05,0.0,0.0,0.00013967329548487896,0.0,-4.5864196115302586e-05
PA,cameta,4,521.85,0,0.0,0,4.5864196115302586e-05,0.0,0.0,3.6146587476522876e-05,0.0,-4.5864196115302586e-05
PA,moju,4,372.88,0,0.0,0,4.5864196115302586e-05,0.0,0.0,2.5827995665892207e-05,0.0,-4.5864196115302586e-05
PA,tailandia,4,2256.46,0,0.0,0,4.5864196115302586e-05,0.0,0.0,0.000156296500483424,0.0,-4.5864196115302586e-05
PA,vila dos cabanos,4,597.67,0,0.0,0,4.5864196115302586e-05,0.0,0.0,4.1398353812577224e-05,0.0,-4.5864196115302586e-05
PB,bananeiras,4,436.35,0,0.0,0,4.5864196115302586e-05,0.0,0.0,3.0224323934810305e-05,0.0,-4.5864196115302586e-05
PB,santa rita,4,1496.33,0,0.0,0,4.5864196115302586e-05,0.0,0.0,0.00010364515327919033,0.0,-4.5864196115302586e-05
PE,brejo da madre de deus,4,512.73,0,0.0,0,4.5864196115302586e-05,0.0,0.0,3.5514879365406866e-05,0.0,-4.5864196115302586e-05
PE,condado,4,1071.1100000000001,0,0.0,0,4.5864196115302586e-05,0.0,0.0,7.419176259840648e-05,0.0,-4.5864196115302586e-05
PE,feira nova,4,649.77,0,0.0,0,4.5864196115302586e-05,0.0,0.0,4.500712492980793e-05,0.0,-4.5864196115302586e-05
PE,gameleira,4,1827.12,0,0.0,0,4.5864196115302586e-05,0.0,0.0,0.00012655773289279386,0.0,-4.5864196115302586e-05
PE,ilha de itamaraca,4,632.15,0,0.0,0,4.5864196115302586e-05,0.0,0.0,4.378665377653336e-05,0.0,-4.5864196115302586e-05
PE,joaquim nabuco,4,350.45,0,0.0,0,4.5864196115302586e-05,0.0,0.0,2.427435389699615e-05,0.0,-4.5864196115302586e-05
PE,parnamirim,4,2079.4700000000003,0,0.0,0,4.5864196115302586e-05,0.0,0.0,0.00014403706862087771,0.0,-4.5864196115302586e-05
PE,ribeirao,4,434.53,0,0.0,0,4.5864196115302586e-05,0.0,0.0,3.0098259377548115e-05,0.0,-4.5864196115302586e-05
PE,sao bento do una,4,1477.8,0,0.0,0,4.5864196115302586e-05,0.0,0.0,0.00010236164984728466,0.0,-4.5864196115302586e-05
PE,sertania,4,479.92,0,0.0,0,4.5864196115302586e-05,0.0,0.0,3.324225402267483e-05,0.0,-4.5864196115302586e-05
PE,tabira,4,1019.0600000000001,0,0.0,0,4.5864196115302586e-05,0.0,0.0,7.058645479318847e-05,0.0,-4.5864196115302586e-05
PE,toritama,4,849.19,0,0.0,0,4.5864196115302586e-05,0.0,0.0,5.882019856125028e-05,0.0,-4.5864196115302586e-05
PI,corrente,4,1831.15,0,0.0,0,4.5864196115302586e-05,0.0,0.0,0.00012683687584101727,0.0,-4.5864196115302586e-05
PI,esperantina,4,569.46,0,0.0,0,4.5864196115302586e-05,0.0,0.0,3.9444353175013354e-05,0.0,-4.5864196115302586e-05
PI,guadalupe,4,1502.76,0,0.0,0,4.5864196115302586e-05,0.0,0.0,0.00010409053520402322,0.0,-4.5864196115302586e-05
PI,urucui,4,820.26,0,0.0,0,4.5864196115302586e-05,0.0,0.0,5.6816326230703556e-05,0.0,-4.5864196115302586e-05
PI,valenca do piaui,4,1268.65,0,0.0,0,4.5864196115302586e-05,0.0,0.0,8.787461569817141e-05,0.0,-4.5864196115302586e-05
PR,araruna,4,555.0699999999999,0,0.0,0,4.5864196115302586e-05,0.0,0.0,3.844761197775903e-05,0.0,-4.5864196115302586e-05
PR,boa vista da aparecida,4,264.63,0,0.0,0,4.5864196115302586e-05,0.0,0.0,1.8329925158402314e-05,0.0,-4.5864196115302586e-05
PR,candido de abreu,4,439.91999999999996,0,0.0,0,4.5864196115302586e-05,0.0,0.0,3.0471604412516893e-05,0.0,-4.5864196115302586e-05
PR,capitao leonidas marques,4,394.3,0,0.0,0,4.5864196115302586e-05,0.0,0.0,2.731167853213178e-05,0.0,-4.5864196115302586e-05
PR,centenario do sul,4,465.35,0,0.0,0,4.5864196115302586e-05,0.0,0.0,3.22330449021748e-05,0.0,-4.5864196115302586e-05
PR,chopinzinho,4,211.14,0,0.0,0,4.5864196115302586e-05,0.0,0.0,1.4624873967218624e-05,0.0,-4.5864196115302586e-05
PR,eneas marques,4,237.14999999999998,0,0.0,0,4.5864196115302586e-05,0.0,0.0,1.6426488876223817e-05,0.0,-4.5864196115302586e-05
PR,figueira,4,1012.87,0,0.0,0,4.5864196115302586e-05,0.0,0.0,7.015769676601652e-05,0.0,-4.5864196115302586e-05
PR,itaperucu,4,707.2,0,0.0,0,4.5864196115302586e-05,0.0,0.0,4.898508510759218e-05,0.0,-4.5864196115302586e-05
PR,jesuitas,4,642.93,0,0.0,0,4.5864196115302586e-05,0.0,0.0,4.453334384647092e-05,0.0,-4.5864196115302586e-05
PR,mandaguacu,4,3325.86,0,0.0,0,4.5864196115302586e-05,0.0,0.0,0.0002303698178109962,0.0,-4.5864196115302586e-05
PR,manoel ribas,4,742.3199999999999,0,0.0,0,4.5864196115302586e-05,0.0,0.0,5.141771546531083e-05,0.0,-4.5864196115302586e-05
PR,munhoz de melo,4,1037.26,0,0.0,0,4.5864196115302586e-05,0.0,0.0,7.184710036581033e-05,0.0,-4.5864196115302586e-05
PR,paulo frontin,4,707.4,0,0.0,0,4.5864196115302586e-05,0.0,0.0,4.8998938355642965e-05,0.0,-4.5864196115302586e-05
PR,planalto,4,439.03,0,0.0,0,4.5864196115302586e-05,0.0,0.0,3.040995745869088e-05,0.0,-4.5864196115302586e-05
PR,renascenca,4,352.23,0,0.0,0,4.5864196115302586e-05,0.0,0.0,2.439764780464818e-05,0.0,-4.5864196115302586e-05
PR,salto do lontra,4,900.1099999999999,0,0.0,0,4.5864196115302586e-05,0.0,0.0,6.234723551498131e-05,0.0,-4.5864196115302586e-05
PR,santa cruz de monte castelo,4,793.0500000000001,0,0.0,0,4.5864196115302586e-05,0.0,0.0,5.493159183339363e-05,0.0,-4.5864196115302586e-05
PR,santa mariana,4,373.35,0,0.0,0,4.5864196115302586e-05,0.0,0.0,2.5860550798811566e-05,0.0,-4.5864196115302586e-05
PR,saudade do iguacu,4,328.37,0,0.0,0,4.5864196115302586e-05,0.0,0.0,2.2744955312188975e-05,0.0,-4.5864196115302586e-05
PR,sertanopolis,4,1008.14,0,0.0,0,4.5864196115302586e-05,0.0,0.0,6.983006744961535e-05,0.0,-4.5864196115302586e-05
PR,terra boa,4,773.42,0,0.0,0,4.5864196115302586e-05,0.0,0.0,5.3571895537208625e-05,0.0,-4.5864196115302586e-05
PR,tibagi,4,386.07,0,0.0,0,4.5864196115302586e-05,0.0,0.0,2.6741617374841784e-05,0.0,-4.5864196115302586e-05
RJ,avelar,4,824.24,0,0.0,0,4.5864196115302586e-05,0.0,0.0,5.7092005866914276e-05,0.0,-4.5864196115302586e-05
RJ,conservatoria,4,997.19,0,0.0,0,4.5864196115302586e-05,0.0,0.0,6.907160211883463e-05,0.0,-4.5864196115302586e-05
RJ,japuiba,4,1230.85,0,0.0,0,4.5864196115302586e-05,0.0,0.0,8.525635181657214e-05,0.0,-4.5864196115302586e-05
RJ,santanesia,4,439.58,0,0.0,0,4.5864196115302586e-05,0.0,0.0,3.0448053890830553e-05,0.0,-4.5864196115302586e-05
RJ,sao sebastiao do alto,4,616.6999999999999,0,0.0,0,4.5864196115302586e-05,0.0,0.0,4.2716490364609855e-05,0.0,-4.5864196115302586e-05
RJ,sapucaia,4,675.82,0,0.0,0,4.5864196115302586e-05,0.0,0.0,4.6811510488423285e-05,0.0,-4.5864196115302586e-05
RJ,silva jardim,4,691.27,0,0.0,0,4.5864196115302586e-05,0.0,0.0,4.788167390034678e-05,0.0,-4.5864196115302586e-05
RJ,travessao,4,510.42999999999995,0,0.0,0,4.5864196115302586e-05,0.0,0.0,3.5355567012822785e-05,0.0,-4.5864196115302586e-05
RJ,varre-sai,4,1035.37,0,0.0,0,4.5864196115302586e-05,0.0,0.0,7.171618717173035e-05,0.0,-4.5864196115302586e-05
RN,jucurutu,4,839.8299999999999,0,0.0,0,4.5864196115302586e-05,0.0,0.0,5.817186655247332e-05,0.0,-4.5864196115302586e-05
RN,santa cruz,4,734.7,0,0.0,0,4.5864196115302586e-05,0.0,0.0,5.0889906714575756e-05,0.0,-4.5864196115302586e-05
RO,ouro preto do oeste,4,718.48,0,0.0,0,4.5864196115302586e-05,0.0,0.0,4.976640829765671e-05,0.0,-4.5864196115302586e-05
RS,anta gorda,4,655.25,0,0.0,0,4.5864196115302586e-05,0.0,0.0,4.538670392639957e-05,0.0,-4.5864196115302586e-05
RS,antonio prado,4,667.5699999999999,0,0.0,0,4.5864196115302586e-05,0.0,0.0,4.62400640063282e-05,0.0,-4.5864196115302586e-05
RS,candelaria,4,673.1,0,0.0,0,4.5864196115302586e-05,0.0,0.0,4.662310631493254e-05,0.0,-4.5864196115302586e-05
RS,candiota,4,899.5999999999999,0,0.0,0,4.5864196115302586e-05,0.0,0.0,6.23119097324518e-05,0.0,-4.5864196115302586e-05
RS,capao do leao,4,1254.66,0,0.0,0,4.5864196115302586e-05,0.0,0.0,8.690558099701867e-05,0.0,-4.5864196115302586e-05
RS,chapada,4,1545.33,0,0.0,0,4.5864196115302586e-05,0.0,0.0,0.00010703919905163378,0.0,-4.5864196115302586e-05
RS,chui,4,908.1600000000001,0,0.0,0,4.5864196115302586e-05,0.0,0.0,6.290482874902562e-05,0.0,-4.5864196115302586e-05
RS,condor,4,301.47,0,0.0,0,4.5864196115302586e-05,0.0,0.0,2.088169344935777e-05,0.0,-4.5864196115302586e-05
RS,nao-me-toque,4,565.37,0,0.0,0,4.5864196115302586e-05,0.0,0.0,3.91610542523747e-05,0.0,-4.5864196115302586e-05
RS,nova bassano,4,471.77,0,0.0,0,4.5864196115302586e-05,0.0,0.0,3.2677734164605146e-05,0.0,-4.5864196115302586e-05
RS,palmares do sul,4,518.4,0,0.0,0,4.5864196115302586e-05,0.0,0.0,3.590761894764675e-05,0.0,-4.5864196115302586e-05
RS,palmitinho,4,359.99,0,0.0,0,4.5864196115302586e-05,0.0,0.0,2.4935153829018816e-05,0.0,-4.5864196115302586e-05
RS,pejucara,4,830.35,0,0.0,0,4.5864196115302586e-05,0.0,0.0,5.75152225948659e-05,0.0,-4.5864196115302586e-05
RS,pinheiro machado,4,584.42,0,0.0,0,4.5864196115302586e-05,0.0,0.0,4.048057612921241e-05,0.0,-4.5864196115302586e-05
RS,quarai,4,2474.1499999999996,0,0.0,0,4.5864196115302586e-05,0.0,0.0,0.00017137506832430593,0.0,-4.5864196115302586e-05
RS,santo antonio das missoes,4,495.32000000000005,0,0.0,0,4.5864196115302586e-05,0.0,0.0,3.430895412258563e-05,0.0,-4.5864196115302586e-05
RS,terra de areia,4,1106.7800000000002,0,0.0,0,4.5864196115302586e-05,0.0,0.0,7.666248938826481e-05,0.0,-4.5864196115302586e-05
SC,balneario arroio do silva,4,450.66999999999996,0,0.0,0,4.5864196115302586e-05,0.0,0.0,3.121621649524684e-05,0.0,-4.5864196115302586e-05
SC,balneario barra do sul,4,482.62,0,0.0,0,4.5864196115302586e-05,0.0,0.0,3.3429272871360484e-05,0.0,-4.5864196115302586e-05
SC,canelinha,4,1012.72,0,0.0,0,4.5864196115302586e-05,0.0,0.0,7.014730682997844e-05,0.0,-4.5864196115302586e-05
SC,guaruja do sul,4,395.63,0,0.0,0,4.5864196115302586e-05,0.0,0.0,2.740380263166953e-05,0.0,-4.5864196115302586e-05
SC,ibiam,4,460.34,0,0.0,0,4.5864196115302586e-05,0.0,0.0,3.1886021038502516e-05,0.0,-4.5864196115302586e-05
SC,ilhota,4,877.22,0,0.0,0,4.5864196115302586e-05,0.0,0.0,6.076173127556845e-05,0.0,-4.5864196115302586e-05
SC,imbuia,4,1759.81,0,0.0,0,4.5864196115302586e-05,0.0,0.0,0.0001218954222613006,0.0,-4.5864196115302586e-05
SC,irineopolis,4,279.87,0,0.0,0,4.5864196115302586e-05,0.0,0.0,1.9385542659872487e-05,0.0,-4.5864196115302586e-05
SC,jacinto machado,4,447.17,0,0.0,0,4.5864196115302586e-05,0.0,0.0,3.0973784654358025e-05,0.0,-4.5864196115302586e-05
SC,palma sola,4,1010.5500000000001,0,0.0,0,4.5864196115302586e-05,0.0,0.0,6.999699908862737e-05,0.0,-4.5864196115302586e-05
SC,palmitos,4,486.01,0,0.0,0,4.5864196115302586e-05,0.0,0.0,3.3664085425821366e-05,0.0,-4.5864196115302586e-05
SC,praia grande,4,536.92,0,0.0,0,4.5864196115302586e-05,0.0,0.0,3.719042971714987e-05,0.0,-4.5864196115302586e-05
SC,quilombo,4,240.79,0,0.0,0,4.5864196115302586e-05,0.0,0.0,1.667861799074819e-05,0.0,-4.5864196115302586e-05
SC,rio do campo,4,822.25,0,0.0,0,4.5864196115302586e-05,0.0,0.0,5.6954166048808916e-05,0.0,-4.5864196115302586e-05
SC,salto veloso,4,497.07,0,0.0,0,4.5864196115302586e-05,0.0,0.0,3.443017004303004e-05,0.0,-4.5864196115302586e-05
SC,santa cecilia,4,579.5,0,0.0,0,4.5864196115302586e-05,0.0,0.0,4.013978622716299e-05,0.0,-4.5864196115302586e-05
SC,saudades,4,428.95,0,0.0,0,4.5864196115302586e-05,0.0,0.0,2.9711753756931085e-05,0.0,-4.5864196115302586e-05
SC,seara,4,643.7,0,0.0,0,4.5864196115302586e-05,0.0,0.0,4.4586678851466464e-05,0.0,-4.5864196115302586e-05
SC,sideropolis,4,371.11,0,0.0,0,4.5864196115302586e-05,0.0,0.0,2.570539442064272e-05,0.0,-4.5864196115302586e-05
SC,turvo,4,258.53000000000003,0,0.0,0,4.5864196115302586e-05,0.0,0.0,1.7907401092853232e-05,0.0,-4.5864196115302586e-05
SC,vargem bonita,4,777.97,0,0.0,0,4.5864196115302586e-05,0.0,0.0,5.388705693036409e-05,0.0,-4.5864196115302586e-05
SE,poco verde,4,689.31,0,0.0,0,4.5864196115302586e-05,0.0,0.0,4.774591206944904e-05,0.0,-4.5864196115302586e-05
SP,altinopolis,4,1506.04,0,0.0,0,4.5864196115302586e-05,0.0,0.0,0.00010431772847205617,0.0,-4.5864196115302586e-05
SP,apiai,4,552.23,0,0.0,0,4.5864196115302586e-05,0.0,0.0,3.825089585543782e-05,0.0,-4.5864196115302586e-05
SP,balsamo,4,1256.54,0,0.0,0,4.5864196115302586e-05,0.0,0.0,8.703580152869609e-05,0.0,-4.5864196115302586e-05
SP,bananal,4,669.6899999999999,0,0.0,0,4.5864196115302586e-05,0.0,0.0,4.6386908435666575e-05,0.0,-4.5864196115302586e-05
SP,bernardino de campos,4,328.87,0,0.0,0,4.5864196115302586e-05,0.0,0.0,2.277958843231595e-05,0.0,-4.5864196115302586e-05
SP,brauna,4,449.65,0,0.0,0,4.5864196115302586e-05,0.0,0.0,3.114556493018781e-05,0.0,-4.5864196115302586e-05
SP,cabralia paulista,4,263.31,0,0.0,0,4.5864196115302586e-05,0.0,0.0,1.8238493721267104e-05,0.0,-4.5864196115302586e-05
SP,cedral,4,301.23,0,0.0,0,4.5864196115302586e-05,0.0,0.0,2.086506955169682e-05,0.0,-4.5864196115302586e-05
SP,clementina,4,472.98,0,0.0,0,4.5864196115302586e-05,0.0,0.0,3.2761546315312426e-05,0.0,-4.5864196115302586e-05
SP,cristais paulista,4,600.64,0,0.0,0,4.5864196115302586e-05,0.0,0.0,4.160407454613145e-05,0.0,-4.5864196115302586e-05
SP,florida paulista,4,416.53,0,0.0,0,4.5864196115302586e-05,0.0,0.0,2.8851467052977045e-05,0.0,-4.5864196115302586e-05
SP,guaracai,4,767.11,0,0.0,0,4.5864196115302586e-05,0.0,0.0,5.313482556120621e-05,0.0,-4.5864196115302586e-05
SP,guaranta,4,528.91,0,0.0,0,4.5864196115302586e-05,0.0,0.0,3.663560713271575e-05,0.0,-4.5864196115302586e-05
SP,holambra ii,4,917.0899999999999,0,0.0,0,4.5864196115302586e-05,0.0,0.0,6.352337627449336e-05,0.0,-4.5864196115302586e-05
SP,igaracu do tiete,4,157.66,0,0.0,0,4.5864196115302586e-05,0.0,0.0,1.0920515438437475e-05,0.0,-4.5864196115302586e-05
SP,igarata,4,733.3199999999999,0,0.0,0,4.5864196115302586e-05,0.0,0.0,5.07943193030253e-05,0.0,-4.5864196115302586e-05
SP,itatinga,4,1832.1,0,0.0,0,4.5864196115302586e-05,0.0,0.0,0.00012690267876925852,0.0,-4.5864196115302586e-05
SP,joanopolis,4,904.5100000000001,0,0.0,0,4.5864196115302586e-05,0.0,0.0,6.26520069720987e-05,0.0,-4.5864196115302586e-05
SP,lavinia,4,390.40999999999997,0,0.0,0,4.5864196115302586e-05,0.0,0.0,2.704223285754392e-05,0.0,-4.5864196115302586e-05
SP,macedonia,4,388.43,0,0.0,0,4.5864196115302586e-05,0.0,0.0,2.6905085701841105e-05,0.0,-4.5864196115302586e-05
SP,maristela,4,731.42,0,0.0,0,4.5864196115302586e-05,0.0,0.0,5.06627134465428e-05,0.0,-4.5864196115302586e-05
SP,mendonca,4,289.08,0,0.0,0,4.5864196115302586e-05,0.0,0.0,2.0023484732611348e-05,0.0,-4.5864196115302586e-05
SP,monte alegre do sul,4,3394.7799999999997,0,0.0,0,4.5864196115302586e-05,0.0,0.0,0.0002351436470892983,0.0,-4.5864196115302586e-05
SP,paraiso,4,848.74,0,0.0,0,4.5864196115302586e-05,0.0,0.0,5.8789028753136e-05,0.0,-4.5864196115302586e-05
SP,pedrinhas paulista,4,485.48,0,0.0,0,4.5864196115302586e-05,0.0,0.0,3.362737431848678e-05,0.0,-4.5864196115302586e-05
SP,pongai,4,429.05000000000007,0,0.0,0,4.5864196115302586e-05,0.0,0.0,2.9718680380956486e-05,0.0,-4.5864196115302586e-05
SP,quintana,4,435.84999999999997,0,0.0,0,4.5864196115302586e-05,0.0,0.0,3.0189690814683325e-05,0.0,-4.5864196115302586e-05
SP,santa barbara d oeste,4,214.76,0,0.0,0,4.5864196115302586e-05,0.0,0.0,1.4875617756937917e-05,0.0,-4.5864196115302586e-05
SP,santo antonio do jardim,4,294.35,0,0.0,0,4.5864196115302586e-05,0.0,0.0,2.0388517818749656e-05,0.0,-4.5864196115302586e-05
SP,sete barras,4,302.52,0,0.0,0,4.5864196115302586e-05,0.0,0.0,2.0954423001624413e-05,0.0,-4.5864196115302586e-05
TO,guarai,4,1459.37,0,0.0,0,4.5864196115302586e-05,0.0,0.0,0.0001010850730394044,0.0,-4.5864196115302586e-05
AC,cruzeiro do sul,3,1127.06,0,0.0,0,3.439814708647694e-05,0.0,0.0,7.806720874061486e-05,0.0,-3.439814708647694e-05
AL,batalha,3,308.09999999999997,0,0.0,0,3.439814708647694e-05,0.0,0.0,2.1340928622241442e-05,0.0,-3.439814708647694e-05
AL,coruripe,3,1359.09,0,0.0,0,3.439814708647694e-05,0.0,0.0,9.413905446673847e-05,0.0,-3.439814708647694e-05
AL,pilar,3,168.36,0,0.0,0,3.439814708647694e-05,0.0,0.0,1.1661664209154722e-05,0.0,-3.439814708647694e-05
AL,santana do mundau,3,1268.01,0,0.0,0,3.439814708647694e-05,0.0,0.0,8.783028530440887e-05,0.0,-3.439814708647694e-05
BA,alcobaca,3,1379.42,0,0.0,0,3.439814708647694e-05,0.0,0.0,9.554723713110125e-05,0.0,-3.439814708647694e-05
BA,amelia rodrigues,3,430.02,0,0.0,0,3.439814708647694e-05,0.0,0.0,2.9785868634002807e-05,0.0,-3.439814708647694e-05
BA,araci,3,358.24,0,0.0,0,3.439814708647694e-05,0.0,0.0,2.4813937908574408e-05,0.0,-3.439814708647694e-05
BA,barra do mendes,3,383.28,0,0.0,0,3.439814708647694e-05,0.0,0.0,2.654836456453327e-05,0.0,-3.439814708647694e-05
BA,buerarema,3,1116.81,0,0.0,0,3.439814708647694e-05,0.0,0.0,7.73572297780119e-05,0.0,-3.439814708647694e-05
BA,cachoeira,3,431.06,0,0.0,0,3.439814708647694e-05,0.0,0.0,2.9857905523866918e-05,0.0,-3.439814708647694e-05
BA,cacule,3,615.05,0,0.0,0,3.439814708647694e-05,0.0,0.0,4.260220106819084e-05,0.0,-3.439814708647694e-05
BA,candido sales,3,472.52000000000004,0,0.0,0,3.439814708647694e-05,0.0,0.0,3.2729683844795614e-05,0.0,-3.439814708647694e-05
BA,caravelas,3,466.78,0,0.0,0,3.439814708647694e-05,0.0,0.0,3.233209562573795e-05,0.0,-3.439814708647694e-05
BA,conceicao do jacuipe,3,247.08,0,0.0,0,3.439814708647694e-05,0.0,0.0,1.7114302641945524e-05,0.0,-3.439814708647694e-05
BA,coronel joao sa,3,689.71,0,0.0,0,3.439814708647694e-05,0.0,0.0,4.7773618565550626e-05,0.0,-3.439814708647694e-05
BA,crisopolis,3,242.61,0,0.0,0,3.439814708647694e-05,0.0,0.0,1.6804682548010377e-05,0.0,-3.439814708647694e-05
BA,curaca,3,542.24,0,0.0,0,3.439814708647694e-05,0.0,0.0,3.755892611530088e-05,0.0,-3.439814708647694e-05
BA,dom basilio,3,172.70999999999998,0,0.0,0,3.439814708647694e-05,0.0,0.0,1.1962972354259394e-05,0.0,-3.439814708647694e-05
BA,formosa do rio preto,3,1628.1599999999999,0,0.0,0,3.439814708647694e-05,0.0,0.0,0.00011277652173186831,0.0,-3.439814708647694e-05
BA,ibicoara,3,359.84000000000003,0,0.0,0,3.439814708647694e-05,0.0,0.0,2.4924763892980725e-05,0.0,-3.439814708647694e-05
BA,itajuipe,3,852.2800000000001,0,0.0,0,3.439814708647694e-05,0.0,0.0,5.903423124363499e-05,0.0,-3.439814708647694e-05
BA,itamari,3,324.99,0,0.0,0,3.439814708647694e-05,0.0,0.0,2.251083542013063e-05,0.0,-3.439814708647694e-05
BA,itambe,3,478.76,0,0.0,0,3.439814708647694e-05,0.0,0.0,3.3161905183980244e-05,0.0,-3.439814708647694e-05
BA,itapitanga,3,264.09000000000003,0,0.0,0,3.439814708647694e-05,0.0,0.0,1.8292521388665187e-05,0.0,-3.439814708647694e-05
BA,itarantim,3,574.72,0,0.0,0,3.439814708647694e-05,0.0,0.0,3.9808693598749116e-05,0.0,-3.439814708647694e-05
BA,itirucu,3,845.37,0,0.0,0,3.439814708647694e-05,0.0,0.0,5.85556015234802e-05,0.0,-3.439814708647694e-05
BA,ituacu,3,478.07000000000005,0,0.0,0,3.439814708647694e-05,0.0,0.0,3.3114111478205026e-05,0.0,-3.439814708647694e-05
BA,jacaraci,3,1040.27,0,0.0,0,3.439814708647694e-05,0.0,0.0,7.20555917489747e-05,0.0,-3.439814708647694e-05
BA,maracas,3,742.77,0,0.0,0,3.439814708647694e-05,0.0,0.0,5.144888527342511e-05,0.0,-3.439814708647694e-05
BA,pindobacu,3,243.72,0,0.0,0,3.439814708647694e-05,0.0,0.0,1.6881568074692257e-05,0.0,-3.439814708647694e-05
BA,piritiba,3,465.09,0,0.0,0,3.439814708647694e-05,0.0,0.0,3.221503567970877e-05,0.0,-3.439814708647694e-05
BA,presidente dutra,3,246.62,0,0.0,0,3.439814708647694e-05,0.0,0.0,1.7082440171428708e-05,0.0,-3.439814708647694e-05
BA,quixabeira,3,309.42,0,0.0,0,3.439814708647694e-05,0.0,0.0,2.1432360059376656e-05,0.0,-3.439814708647694e-05
BA,riacho de santana,3,1206.04,0,0.0,0,3.439814708647694e-05,0.0,0.0,8.35378563958717e-05,0.0,-3.439814708647694e-05
BA,rio de contas,3,290.72,0,0.0,0,3.439814708647694e-05,0.0,0.0,2.0137081366627825e-05,0.0,-3.439814708647694e-05
BA,rio do pires,3,731.25,0,0.0,0,3.439814708647694e-05,0.0,0.0,5.065093818569963e-05,0.0,-3.439814708647694e-05
BA,rio real,3,480.6,0,0.0,0,3.439814708647694e-05,0.0,0.0,3.328935506604751e-05,0.0,-3.439814708647694e-05
BA,rodelas,3,464.75,0,0.0,0,3.439814708647694e-05,0.0,0.0,3.219148515802243e-05,0.0,-3.439814708647694e-05
BA,santa ines,3,351.77,0,0.0,0,3.439814708647694e-05,0.0,0.0,2.4365785334131362e-05,0.0,-3.439814708647694e-05
BA,santaluz,3,333.97,0,0.0,0,3.439814708647694e-05,0.0,0.0,2.3132846257611087e-05,0.0,-3.439814708647694e-05
BA,sao domingos,3,239.44,0,0.0,0,3.439814708647694e-05,0.0,0.0,1.658510856640536e-05,0.0,-3.439814708647694e-05
BA,sao francisco do conde,3,367.33000000000004,0,0.0,0,3.439814708647694e-05,0.0,0.0,2.54435680324828e-05,0.0,-3.439814708647694e-05
BA,tabocas do brejo velho,3,199.96,0,0.0,0,3.439814708647694e-05,0.0,0.0,1.3850477401179484e-05,0.0,-3.439814708647694e-05
BA,tanque novo,3,447.39,0,0.0,0,3.439814708647694e-05,0.0,0.0,3.098902322721389e-05,0.0,-3.439814708647694e-05
BA,teofilandia,3,236.92000000000002,0,0.0,0,3.439814708647694e-05,0.0,0.0,1.641055764096541e-05,0.0,-3.439814708647694e-05
BA,teolandia,3,200.8,0,0.0,0,3.439814708647694e-05,0.0,0.0,1.3908661042992802e-05,0.0,-3.439814708647694e-05
BA,uaua,3,473.04,0,0.0,0,3.439814708647694e-05,0.0,0.0,3.276570228972766e-05,0.0,-3.439814708647694e-05
BA,xique-xique,3,230.56,0,0.0,0,3.439814708647694e-05,0.0,0.0,1.59700243529503e-05,0.0,-3.439814708647694e-05
CE,aracoiaba,3,592.44,0,0.0,0,3.439814708647694e-05,0.0,0.0,4.103609137604908e-05,0.0,-3.439814708647694e-05
CE,aurora,3,444.7,0,0.0,0,3.439814708647694e-05,0.0,0.0,3.080269704093077e-05,0.0,-3.439814708647694e-05
CE,barro,3,399.8,0,0.0,0,3.439814708647694e-05,0.0,0.0,2.7692642853528495e-05,0.0,-3.439814708647694e-05
CE,baturite,3,551.09,0,0.0,0,3.439814708647694e-05,0.0,0.0,3.817193234154832e-05,0.0,-3.439814708647694e-05
CE,beberibe,3,1823.9099999999999,0,0.0,0,3.439814708647694e-05,0.0,0.0,0.00012633538826157867,0.0,-3.439814708647694e-05
CE,bela cruz,3,848.59,0,0.0,0,3.439814708647694e-05,0.0,0.0,5.877863881709791e-05,0.0,-3.439814708647694e-05
CE,boa viagem,3,546.76,0,0.0,0,3.439814708647694e-05,0.0,0.0,3.7872009521248725e-05,0.0,-3.439814708647694e-05
CE,carire,3,236.28,0,0.0,0,3.439814708647694e-05,0.0,0.0,1.6366227247202883e-05,0.0,-3.439814708647694e-05
CE,carius,3,618.69,0,0.0,0,3.439814708647694e-05,0.0,0.0,4.285433018271522e-05,0.0,-3.439814708647694e-05
CE,catarina,3,295.29,0,0.0,0,3.439814708647694e-05,0.0,0.0,2.045362808458837e-05,0.0,-3.439814708647694e-05
CE,ibiapina,3,289.34000000000003,0,0.0,0,3.439814708647694e-05,0.0,0.0,2.004149395507738e-05,0.0,-3.439814708647694e-05
CE,ipueiras,3,1805.78,0,0.0,0,3.439814708647694e-05,0.0,0.0,0.0001250795913257746,0.0,-3.439814708647694e-05
CE,itaitinga,3,638.5500000000001,0,0.0,0,3.439814708647694e-05,0.0,0.0,4.4229957714158635e-05,0.0,-3.439814708647694e-05
CE,jaguaruana,3,1148.6100000000001,0,0.0,0,3.439814708647694e-05,0.0,0.0,7.955989621808747e-05,0.0,-3.439814708647694e-05
CE,jijoca de jericoacoara,3,993.8000000000001,0,0.0,0,3.439814708647694e-05,0.0,0.0,6.883678956437374e-05,0.0,-3.439814708647694e-05
CE,maranguape,3,345.53,0,0.0,0,3.439814708647694e-05,0.0,0.0,2.3933563994946722e-05,0.0,-3.439814708647694e-05
CE,marco,3,756.76,0,0.0,0,3.439814708647694e-05,0.0,0.0,5.241791997457785e-05,0.0,-3.439814708647694e-05
CE,monsenhor tabosa,3,412.32000000000005,0,0.0,0,3.439814708647694e-05,0.0,0.0,2.855985618150793e-05,0.0,-3.439814708647694e-05
CE,nova olinda,3,1792.93,0,0.0,0,3.439814708647694e-05,0.0,0.0,0.00012418952013851136,0.0,-3.439814708647694e-05
CE,novo oriente,3,321.4,0,0.0,0,3.439814708647694e-05,0.0,0.0,2.2262169617618953e-05,0.0,-3.439814708647694e-05
CE,parambu,3,269.22,0,0.0,0,3.439814708647694e-05,0.0,0.0,1.864785720116794e-05,0.0,-3.439814708647694e-05
CE,redencao,3,1297.66,0,0.0,0,3.439814708647694e-05,0.0,0.0,8.988402932793844e-05,0.0,-3.439814708647694e-05
CE,reriutaba,3,1331.6299999999999,0,0.0,0,3.439814708647694e-05,0.0,0.0,9.223700350936504e-05,0.0,-3.439814708647694e-05
CE,santana do cariri,3,946.6800000000001,0,0.0,0,3.439814708647694e-05,0.0,0.0,6.55729643236077e-05,0.0,-3.439814708647694e-05
CE,sucesso,3,485.92,0,0.0,0,3.439814708647694e-05,0.0,0.0,3.365785146419852e-05,0.0,-3.439814708647694e-05
CE,ubajara,3,1414.63,0,0.0,0,3.439814708647694e-05,0.0,0.0,9.798610145044277e-05,0.0,-3.439814708647694e-05
DF,taguatinga,3,574.44,0,0.0,0,3.439814708647694e-05,0.0,0.0,3.978929905147801e-05,0.0,-3.439814708647694e-05
ES,conceicao da barra,3,398.59,0,0.0,0,3.439814708647694e-05,0.0,0.0,2.7608830702821215e-05,0.0,-3.439814708647694e-05
ES,dores do rio preto,3,450.75,0,0.0,0,3.439814708647694e-05,0.0,0.0,3.1221757794467155e-05,0.0,-3.439814708647694e-05
ES,fundao,3,278.95,0,0.0,0,3.439814708647694e-05,0.0,0.0,1.9321817718838853e-05,0.0,-3.439814708647694e-05
ES,itarana,3,1010.02,0,0.0,0,3.439814708647694e-05,0.0,0.0,6.996028798129277e-05,0.0,-3.439814708647694e-05
GO,americano do brasil,3,346.28999999999996,0,0.0,0,3.439814708647694e-05,0.0,0.0,2.3986206337539723e-05,0.0,-3.439814708647694e-05
GO,aragarcas,3,247.60000000000002,0,0.0,0,3.439814708647694e-05,0.0,0.0,1.715032108687758e-05,0.0,-3.439814708647694e-05
GO,goianapolis,3,658.96,0,0.0,0,3.439814708647694e-05,0.0,0.0,4.5643681677741716e-05,0.0,-3.439814708647694e-05
GO,inaciolandia,3,952.92,0,0.0,0,3.439814708647694e-05,0.0,0.0,6.600518566279233e-05,0.0,-3.439814708647694e-05
GO,itaja,3,1001.9,0,0.0,0,3.439814708647694e-05,0.0,0.0,6.939784611043072e-05,0.0,-3.439814708647694e-05
GO,itapaci,3,302.13,0,0.0,0,3.439814708647694e-05,0.0,0.0,2.0927409167925373e-05,0.0,-3.439814708647694e-05
GO,jussara,3,130.91,0,0.0,0,3.439814708647694e-05,0.0,0.0,9.06764351164436e-06,0.0,-3.439814708647694e-05
GO,maurilandia,3,247.93,0,0.0,0,3.439814708647694e-05,0.0,0.0,1.717317894616138e-05,0.0,-3.439814708647694e-05
GO,nova veneza,3,263.97,0,0.0,0,3.439814708647694e-05,0.0,0.0,1.828420943983471e-05,0.0,-3.439814708647694e-05
GO,palmeiras de goias,3,407.33,0,0.0,0,3.439814708647694e-05,0.0,0.0,2.8214217642640724e-05,0.0,-3.439814708647694e-05
GO,piranhas,3,911.81,0,0.0,0,3.439814708647694e-05,0.0,0.0,6.315765052595251e-05,0.0,-3.439814708647694e-05
GO,sanclerlandia,3,510.34000000000003,0,0.0,0,3.439814708647694e-05,0.0,0.0,3.534933305119993e-05,0.0,-3.439814708647694e-05
GO,sao joao d'alianca,3,844.86,0,0.0,0,3.439814708647694e-05,0.0,0.0,5.8520275740950684e-05,0.0,-3.439814708647694e-05
GO,sao simao,3,294.96,0,0.0,0,3.439814708647694e-05,0.0,0.0,2.0430770225304563e-05,0.0,-3.439814708647694e-05
GO,serranopolis,3,1210.27,0,0.0,0,3.439814708647694e-05,0.0,0.0,8.38308525921459e-05,0.0,-3.439814708647694e-05
GO,uruana,3,1355.95,0,0.0,0,3.439814708647694e-05,0.0,0.0,9.392155847234108e-05,0.0,-3.439814708647694e-05
GO,urutai,3,184.79000000000002,0,0.0,0,3.439814708647694e-05,0.0,0.0,1.2799708536527092e-05,0.0,-3.439814708647694e-05
MA,cedral,3,1416.52,0,0.0,0,3.439814708647694e-05,0.0,0.0,9.811701464452272e-05,0.0,-3.439814708647694e-05
MA,chapadinha,3,287.06,0,0.0,0,3.439814708647694e-05,0.0,0.0,1.9883566927298373e-05,0.0,-3.439814708647694e-05
MA,colinas,3,1263.4,0,0.0,0,3.439814708647694e-05,0.0,0.0,8.751096793683818e-05,0.0,-3.439814708647694e-05
MA,cururupu,3,754.67,0,0.0,0,3.439814708647694e-05,0.0,0.0,5.22731535324471e-05,0.0,-3.439814708647694e-05
MA,dom pedro,3,438.68,0,0.0,0,3.439814708647694e-05,0.0,0.0,3.0385714274602e-05,0.0,-3.439814708647694e-05
MA,esperantinopolis,3,771.4100000000001,0,0.0,0,3.439814708647694e-05,0.0,0.0,5.343267039429819e-05,0.0,-3.439814708647694e-05
MA,estreito,3,427.65000000000003,0,0.0,0,3.439814708647694e-05,0.0,0.0,2.9621707644600954e-05,0.0,-3.439814708647694e-05
MA,fortuna,3,661.92,0,0.0,0,3.439814708647694e-05,0.0,0.0,4.58487097488934e-05,0.0,-3.439814708647694e-05
MA,grajau,3,827.17,0,0.0,0,3.439814708647694e-05,0.0,0.0,5.729495595085834e-05,0.0,-3.439814708647694e-05
MA,maracacume,3,619.46,0,0.0,0,3.439814708647694e-05,0.0,0.0,4.290766518771076e-05,0.0,-3.439814708647694e-05
MA,mirinzal,3,311.65,0,0.0,0,3.439814708647694e-05,0.0,0.0,2.1586823775142958e-05,0.0,-3.439814708647694e-05
MA,paraibano,3,422.91,0,0.0,0,3.439814708647694e-05,0.0,0.0,2.929338566579724e-05,0.0,-3.439814708647694e-05
MA,pedreiras,3,1141.76,0,0.0,0,3.439814708647694e-05,0.0,0.0,7.908542247234791e-05,0.0,-3.439814708647694e-05
MA,pindare mirim,3,586.2,0,0.0,0,3.439814708647694e-05,0.0,0.0,4.060387003686444e-05,0.0,-3.439814708647694e-05
MA,sao bernardo,3,923.3899999999999,0,0.0,0,3.439814708647694e-05,0.0,0.0,6.395975358809323e-05,0.0,-3.439814708647694e-05
MA,sao mateus do maranhao,3,930.7,0,0.0,0,3.439814708647694e-05,0.0,0.0,6.44660898043496e-05,0.0,-3.439814708647694e-05
MG,abadia dos dourados,3,413.5,0,0.0,0,3.439814708647694e-05,0.0,0.0,2.8641590345007585e-05,0.0,-3.439814708647694e-05
MG,aguas vermelhas,3,692.89,0,0.0,0,3.439814708647694e-05,0.0,0.0,4.7993885209558174e-05,0.0,-3.439814708647694e-05
MG,alfredo vasconcelos,3,616.74,0,0.0,0,3.439814708647694e-05,0.0,0.0,4.271926101422002e-05,0.0,-3.439814708647694e-05
MG,alterosa,3,308.64,0,0.0,0,3.439814708647694e-05,0.0,0.0,2.1378332391978577e-05,0.0,-3.439814708647694e-05
MG,andrelandia,3,169.06,0,0.0,0,3.439814708647694e-05,0.0,0.0,1.1710150577332485e-05,0.0,-3.439814708647694e-05
MG,antonio prado de minas,3,334.21,0,0.0,0,3.439814708647694e-05,0.0,0.0,2.314947015527203e-05,0.0,-3.439814708647694e-05
MG,azurita,3,220.85000000000002,0,0.0,0,3.439814708647694e-05,0.0,0.0,1.5297449160084464e-05,0.0,-3.439814708647694e-05
MG,bandeira,3,419.21,0,0.0,0,3.439814708647694e-05,0.0,0.0,2.9037100576857627e-05,0.0,-3.439814708647694e-05
MG,belo vale,3,374.48,0,0.0,0,3.439814708647694e-05,0.0,0.0,2.5938821650298528e-05,0.0,-3.439814708647694e-05
MG,buenopolis,3,1419.94,0,0.0,0,3.439814708647694e-05,0.0,0.0,9.835390518619123e-05,0.0,-3.439814708647694e-05
MG,cabo verde,3,519.17,0,0.0,0,3.439814708647694e-05,0.0,0.0,3.596095395264229e-05,0.0,-3.439814708647694e-05
MG,caiana,3,285.61,0,0.0,0,3.439814708647694e-05,0.0,0.0,1.978313087893015e-05,0.0,-3.439814708647694e-05
MG,campestre,3,384.32,0,0.0,0,3.439814708647694e-05,0.0,0.0,2.6620401454397377e-05,0.0,-3.439814708647694e-05
MG,capitolio,3,350.36,0,0.0,0,3.439814708647694e-05,0.0,0.0,2.4268119935373297e-05,0.0,-3.439814708647694e-05
MG,carbonita,3,841.12,0,0.0,0,3.439814708647694e-05,0.0,0.0,5.826122000240092e-05,0.0,-3.439814708647694e-05
MG,carmo da cachoeira,3,332.85,0,0.0,0,3.439814708647694e-05,0.0,0.0,2.3055268068526665e-05,0.0,-3.439814708647694e-05
MG,carmo de minas,3,699.53,0,0.0,0,3.439814708647694e-05,0.0,0.0,4.845381304484439e-05,0.0,-3.439814708647694e-05
MG,carneirinho,3,345.03,0,0.0,0,3.439814708647694e-05,0.0,0.0,2.389893087481975e-05,0.0,-3.439814708647694e-05
MG,carrancas,3,180.62,0,0.0,0,3.439814708647694e-05,0.0,0.0,1.2510868314668127e-05,0.0,-3.439814708647694e-05
MG,carvalhopolis,3,308.84000000000003,0,0.0,0,3.439814708647694e-05,0.0,0.0,2.1392185640029368e-05,0.0,-3.439814708647694e-05
MG,coluna,3,344.56,0,0.0,0,3.439814708647694e-05,0.0,0.0,2.3866375741900394e-05,0.0,-3.439814708647694e-05
MG,conceicao das alagoas,3,1641.3999999999999,0,0.0,0,3.439814708647694e-05,0.0,0.0,0.00011369360675283058,0.0,-3.439814708647694e-05
MG,coracao de jesus,3,173.38,0,0.0,0,3.439814708647694e-05,0.0,0.0,1.200938073522954e-05,0.0,-3.439814708647694e-05
MG,cristais,3,249.61,0,0.0,0,3.439814708647694e-05,0.0,0.0,1.7289546229788014e-05,0.0,-3.439814708647694e-05
MG,cristalia,3,517.31,0,0.0,0,3.439814708647694e-05,0.0,0.0,3.583211874576994e-05,0.0,-3.439814708647694e-05
MG,delfinopolis,3,318.02,0,0.0,0,3.439814708647694e-05,0.0,0.0,2.202804972556061e-05,0.0,-3.439814708647694e-05
MG,descoberto,3,264.02000000000004,0,0.0,0,3.439814708647694e-05,0.0,0.0,1.828767275184741e-05,0.0,-3.439814708647694e-05
MG,francisco badaro,3,435.81,0,0.0,0,3.439814708647694e-05,0.0,0.0,3.018692016507317e-05,0.0,-3.439814708647694e-05
MG,francisco sa,3,599.75,0,0.0,0,3.439814708647694e-05,0.0,0.0,4.154242759230544e-05,0.0,-3.439814708647694e-05
MG,gameleiras,3,529.94,0,0.0,0,3.439814708647694e-05,0.0,0.0,3.670695136017732e-05,0.0,-3.439814708647694e-05
MG,goncalves,3,405.07,0,0.0,0,3.439814708647694e-05,0.0,0.0,2.80576759396668e-05,0.0,-3.439814708647694e-05
MG,grao mogol,3,999.3,0,0.0,0,3.439814708647694e-05,0.0,0.0,6.921775388577045e-05,0.0,-3.439814708647694e-05
MG,ibiai,3,689.95,0,0.0,0,3.439814708647694e-05,0.0,0.0,4.779024246321157e-05,0.0,-3.439814708647694e-05
MG,ibiraci,3,443.48,0,0.0,0,3.439814708647694e-05,0.0,0.0,3.0718192227820954e-05,0.0,-3.439814708647694e-05
MG,iguatama,3,360.4,0,0.0,0,3.439814708647694e-05,0.0,0.0,2.4963552987522934e-05,0.0,-3.439814708647694e-05
MG,ipiacu,3,534.09,0,0.0,0,3.439814708647694e-05,0.0,0.0,3.69944062572312e-05,0.0,-3.439814708647694e-05
MG,itacarambi,3,399.58000000000004,0,0.0,0,3.439814708647694e-05,0.0,0.0,2.767740428067263e-05,0.0,-3.439814708647694e-05
MG,itinga,3,434.67,0,0.0,0,3.439814708647694e-05,0.0,0.0,3.010795665118367e-05,0.0,-3.439814708647694e-05
MG,liberdade,3,150.9,0,0.0,0,3.439814708647694e-05,0.0,0.0,1.0452275654320785e-05,0.0,-3.439814708647694e-05
MG,luminarias,3,468.68,0,0.0,0,3.439814708647694e-05,0.0,0.0,3.2463701482220446e-05,0.0,-3.439814708647694e-05
MG,madre de deus de minas,3,422.11,0,0.0,0,3.439814708647694e-05,0.0,0.0,2.923797267359408e-05,0.0,-3.439814708647694e-05
MG,manga,3,445.78999999999996,0,0.0,0,3.439814708647694e-05,0.0,0.0,3.087819724280757e-05,0.0,-3.439814708647694e-05
MG,maravilhas,3,461.18,0,0.0,0,3.439814708647694e-05,0.0,0.0,3.194420468031584e-05,0.0,-3.439814708647694e-05
MG,maria da fe,3,365.65,0,0.0,0,3.439814708647694e-05,0.0,0.0,2.532720074885616e-05,0.0,-3.439814708647694e-05
MG,mario campos,3,690.9,0,0.0,0,3.439814708647694e-05,0.0,0.0,4.7856045391452814e-05,0.0,-3.439814708647694e-05
MG,matipo,3,552.35,0,0.0,0,3.439814708647694e-05,0.0,0.0,3.8259207804268294e-05,0.0,-3.439814708647694e-05
MG,minas novas,3,357.14,0,0.0,0,3.439814708647694e-05,0.0,0.0,2.4737745044295065e-05,0.0,-3.439814708647694e-05
MG,montalvania,3,422.43,0,0.0,0,3.439814708647694e-05,0.0,0.0,2.9260137870475342e-05,0.0,-3.439814708647694e-05
MG,monte alegre de minas,3,199.65,0,0.0,0,3.439814708647694e-05,0.0,0.0,1.3829004866700761e-05,0.0,-3.439814708647694e-05
MG,monte belo,3,908.23,0,0.0,0,3.439814708647694e-05,0.0,0.0,6.290967738584338e-05,0.0,-3.439814708647694e-05
MG,monte verde,3,463.45000000000005,0,0.0,0,3.439814708647694e-05,0.0,0.0,3.21014390456923e-05,0.0,-3.439814708647694e-05
MG,morada nova de minas,3,730.37,0,0.0,0,3.439814708647694e-05,0.0,0.0,5.058998389427616e-05,0.0,-3.439814708647694e-05
MG,papagaios,3,367.65999999999997,0,0.0,0,3.439814708647694e-05,0.0,0.0,2.5466425891766596e-05,0.0,-3.439814708647694e-05
MG,pedralva,3,844.3199999999999,0,0.0,0,3.439814708647694e-05,0.0,0.0,5.848287197121355e-05,0.0,-3.439814708647694e-05
MG,pedrinopolis,3,553.3,0,0.0,0,3.439814708647694e-05,0.0,0.0,3.832501073250954e-05,0.0,-3.439814708647694e-05
MG,piedade do rio grande,3,466.90000000000003,0,0.0,0,3.439814708647694e-05,0.0,0.0,3.234040757456842e-05,0.0,-3.439814708647694e-05
MG,piedade dos gerais,3,440.15999999999997,0,0.0,0,3.439814708647694e-05,0.0,0.0,3.048822831017784e-05,0.0,-3.439814708647694e-05
MG,pote,3,577.53,0,0.0,0,3.439814708647694e-05,0.0,0.0,4.0003331733862707e-05,0.0,-3.439814708647694e-05
MG,prados,3,250.95,0,0.0,0,3.439814708647694e-05,0.0,0.0,1.7382362991728303e-05,0.0,-3.439814708647694e-05
MG,recreio,3,334.19,0,0.0,0,3.439814708647694e-05,0.0,0.0,2.3148084830466954e-05,0.0,-3.439814708647694e-05
MG,ritapolis,3,212.32999999999998,0,0.0,0,3.439814708647694e-05,0.0,0.0,1.4707300793120822e-05,0.0,-3.439814708647694e-05
MG,rubim,3,289.48,0,0.0,0,3.439814708647694e-05,0.0,0.0,2.005119122871293e-05,0.0,-3.439814708647694e-05
MG,santa cruz de minas,3,320.69,0,0.0,0,3.439814708647694e-05,0.0,0.0,2.2212990587038652e-05,0.0,-3.439814708647694e-05
MG,santa rita de minas,3,428.77,0,0.0,0,3.439814708647694e-05,0.0,0.0,2.9699285833685373e-05,0.0,-3.439814708647694e-05
MG,sao goncalo do para,3,975.8500000000001,0,0.0,0,3.439814708647694e-05,0.0,0.0,6.759346055181537e-05,0.0,-3.439814708647694e-05
MG,sao goncalo do rio preto,3,397.9,0,0.0,0,3.439814708647694e-05,0.0,0.0,2.756103699704599e-05,0.0,-3.439814708647694e-05
MG,sao joao batista do gloria,3,436.83000000000004,0,0.0,0,3.439814708647694e-05,0.0,0.0,3.02575717301322e-05,0.0,-3.439814708647694e-05
MG,sao pedro da uniao,3,451.64000000000004,0,0.0,0,3.439814708647694e-05,0.0,0.0,3.1283404748293175e-05,0.0,-3.439814708647694e-05
MG,sao pedro dos ferros,3,875.73,0,0.0,0,3.439814708647694e-05,0.0,0.0,6.065852457759007e-05,0.0,-3.439814708647694e-05
MG,sao sebastiao do maranhao,3,255.20999999999998,0,0.0,0,3.439814708647694e-05,0.0,0.0,1.7677437175210123e-05,0.0,-3.439814708647694e-05
MG,sao tomas de aquino,3,382.56,0,0.0,0,3.439814708647694e-05,0.0,0.0,2.6498492871550426e-05,0.0,-3.439814708647694e-05
MG,setubinha,3,328.77,0,0.0,0,3.439814708647694e-05,0.0,0.0,2.277266180829055e-05,0.0,-3.439814708647694e-05
MG,tiros,3,218.66,0,0.0,0,3.439814708647694e-05,0.0,0.0,1.5145756093928315e-05,0.0,-3.439814708647694e-05
MG,ubaporanga,3,360.71,0,0.0,0,3.439814708647694e-05,0.0,0.0,2.498502552200166e-05,0.0,-3.439814708647694e-05
MG,uniao de minas,3,128.71,0,0.0,0,3.439814708647694e-05,0.0,0.0,8.915257783085675e-06,0.0,-3.439814708647694e-05
MG,verissimo,3,353.01,0,0.0,0,3.439814708647694e-05,0.0,0.0,2.4451675472046257e-05,0.0,-3.439814708647694e-05
MG,virgem da lapa,3,864.44,0,0.0,0,3.439814708647694e-05,0.0,0.0,5.9876508725122995e-05,0.0,-3.439814708647694e-05
MS,aquidauana,3,154.75,0,0.0,0,3.439814708647694e-05,0.0,0.0,1.0718950679298486e-05,0.0,-3.439814708647694e-05
MS,bela vista,3,522.88,0,0.0,0,3.439814708647694e-05,0.0,0.0,3.621793170398444e-05,0.0,-3.439814708647694e-05
MS,dois irmaos do buriti,3,890.1500000000001,0,0.0,0,3.439814708647694e-05,0.0,0.0,6.165734376205201e-05,0.0,-3.439814708647694e-05
MS,itapora,3,248.44,0,0.0,0,3.439814708647694e-05,0.0,0.0,1.7208504728690895e-05,0.0,-3.439814708647694e-05
MS,ivinhema,3,308.82,0,0.0,0,3.439814708647694e-05,0.0,0.0,2.1390800315224286e-05,0.0,-3.439814708647694e-05
MS,mundo novo,3,745.76,0,0.0,0,3.439814708647694e-05,0.0,0.0,5.1655991331784415e-05,0.0,-3.439814708647694e-05
MS,nova alvorada do sul,3,476.88,0,0.0,0,3.439814708647694e-05,0.0,0.0,3.3031684652302824e-05,0.0,-3.439814708647694e-05
MT,alto boa vista,3,581.99,0,0.0,0,3.439814708647694e-05,0.0,0.0,4.031225916539532e-05,0.0,-3.439814708647694e-05
MT,alto taquari,3,821.17,0,0.0,0,3.439814708647694e-05,0.0,0.0,5.687935850933465e-05,0.0,-3.439814708647694e-05
MT,barra do bugres,3,943.65,0,0.0,0,3.439814708647694e-05,0.0,0.0,6.536308761563823e-05,0.0,-3.439814708647694e-05
MT,castanheira,3,189.39000000000001,0,0.0,0,3.439814708647694e-05,0.0,0.0,1.3118333241695252e-05,0.0,-3.439814708647694e-05
MT,colniza,3,875.49,0,0.0,0,3.439814708647694e-05,0.0,0.0,6.064190067992912e-05,0.0,-3.439814708647694e-05
MT,diamantino,3,445.96000000000004,0,0.0,0,3.439814708647694e-05,0.0,0.0,3.0889972503650745e-05,0.0,-3.439814708647694e-05
MT,dom aquino,3,520.36,0,0.0,0,3.439814708647694e-05,0.0,0.0,3.604338077854449e-05,0.0,-3.439814708647694e-05
MT,jaciara,3,252.88,0,0.0,0,3.439814708647694e-05,0.0,0.0,1.7516046835418424e-05,0.0,-3.439814708647694e-05
MT,juruena,3,394.38,0,0.0,0,3.439814708647694e-05,0.0,0.0,2.7317219831352096e-05,0.0,-3.439814708647694e-05
MT,nova canaa do norte,3,227.15,0,0.0,0,3.439814708647694e-05,0.0,0.0,1.5733826473684337e-05,0.0,-3.439814708647694e-05
MT,nova monte verde,3,330.93,0,0.0,0,3.439814708647694e-05,0.0,0.0,2.292227688723908e-05,0.0,-3.439814708647694e-05
MT,novo sao joaquim,3,362.64,0,0.0,0,3.439814708647694e-05,0.0,0.0,2.511870936569178e-05,0.0,-3.439814708647694e-05
MT,pedra preta,3,316.61,0,0.0,0,3.439814708647694e-05,0.0,0.0,2.1930384326802545e-05,0.0,-3.439814708647694e-05
MT,rio branco,3,142.39000000000001,0,0.0,0,3.439814708647694e-05,0.0,0.0,9.862819949759687e-06,0.0,-3.439814708647694e-05
MT,terra nova do norte,3,499.35,0,0.0,0,3.439814708647694e-05,0.0,0.0,3.458809707080904e-05,0.0,-3.439814708647694e-05
MT,vera,3,336.24,0,0.0,0,3.439814708647694e-05,0.0,0.0,2.3290080622987547e-05,0.0,-3.439814708647694e-05
MT,vila rica,3,335.36,0,0.0,0,3.439814708647694e-05,0.0,0.0,2.3229126331564073e-05,0.0,-3.439814708647694e-05
PA,augusto correa,3,440.0,0,0.0,0,3.439814708647694e-05,0.0,0.0,3.0477145711737215e-05,0.0,-3.439814708647694e-05
PA,brasil novo,3,396.1,0,0.0,0,3.439814708647694e-05,0.0,0.0,2.743635776458889e-05,0.0,-3.439814708647694e-05
PA,breu branco,3,575.7,0,0.0,0,3.439814708647694e-05,0.0,0.0,3.987657451419799e-05,0.0,-3.439814708647694e-05
PA,capanema,3,698.73,0,0.0,0,3.439814708647694e-05,0.0,0.0,4.8398400052641235e-05,0.0,-3.439814708647694e-05
PA,capitao poco,3,540.89,0,0.0,0,3.439814708647694e-05,0.0,0.0,3.7465416690958046e-05,0.0,-3.439814708647694e-05
PA,carajas,3,503.67,0,0.0,0,3.439814708647694e-05,0.0,0.0,3.48873272287061e-05,0.0,-3.439814708647694e-05
PA,concordia do para,3,1120.8999999999999,0,0.0,0,3.439814708647694e-05,0.0,0.0,7.764052870065054e-05,0.0,-3.439814708647694e-05
PA,garrafao do norte,3,762.0,0,0.0,0,3.439814708647694e-05,0.0,0.0,5.2780875073508534e-05,0.0,-3.439814708647694e-05
PA,goianesia do para,3,964.71,0,0.0,0,3.439814708647694e-05,0.0,0.0,6.682183463538639e-05,0.0,-3.439814708647694e-05
PA,hidreletrica tucurui,3,721.48,0,0.0,0,3.439814708647694e-05,0.0,0.0,4.9974207018418554e-05,0.0,-3.439814708647694e-05
PA,itaituba,3,392.63,0,0.0,0,3.439814708647694e-05,0.0,0.0,2.7196003910907685e-05,0.0,-3.439814708647694e-05
PA,tucuma,3,585.23,0,0.0,0,3.439814708647694e-05,0.0,0.0,4.0536681783818115e-05,0.0,-3.439814708647694e-05
PB,coremas,3,367.59,0,0.0,0,3.439814708647694e-05,0.0,0.0,2.546157725494882e-05,0.0,-3.439814708647694e-05
PB,cuite,3,796.51,0,0.0,0,3.439814708647694e-05,0.0,0.0,5.517125302467229e-05,0.0,-3.439814708647694e-05
PB,imaculada,3,471.90999999999997,0,0.0,0,3.439814708647694e-05,0.0,0.0,3.26874314382407e-05,0.0,-3.439814708647694e-05
PB,pocinhos,3,351.91999999999996,0,0.0,0,3.439814708647694e-05,0.0,0.0,2.4376175270169453e-05,0.0,-3.439814708647694e-05
PB,sao bento,3,720.21,0,0.0,0,3.439814708647694e-05,0.0,0.0,4.9886238893296045e-05,0.0,-3.439814708647694e-05
PB,sume,3,364.39,0,0.0,0,3.439814708647694e-05,0.0,0.0,2.5239925286136187e-05,0.0,-3.439814708647694e-05
PE,camutanga,3,385.34000000000003,0,0.0,0,3.439814708647694e-05,0.0,0.0,2.6691053019456405e-05,0.0,-3.439814708647694e-05
PE,ibimirim,3,372.03,0,0.0,0,3.439814708647694e-05,0.0,0.0,2.5769119361676352e-05,0.0,-3.439814708647694e-05
PE,ipubi,3,525.79,0,0.0,0,3.439814708647694e-05,0.0,0.0,3.6419496463123424e-05,0.0,-3.439814708647694e-05
PE,itapissuma,3,370.86,0,0.0,0,3.439814708647694e-05,0.0,0.0,2.5688077860579236e-05,0.0,-3.439814708647694e-05
PE,jaqueira,3,679.1700000000001,0,0.0,0,3.439814708647694e-05,0.0,0.0,4.704355239327401e-05,0.0,-3.439814708647694e-05
PE,joao alfredo,3,300.07,0,0.0,0,3.439814708647694e-05,0.0,0.0,2.078472071300224e-05,0.0,-3.439814708647694e-05
PE,lagoa dos gatos,3,1073.47,0,0.0,0,3.439814708647694e-05,0.0,0.0,7.43552309254058e-05,0.0,-3.439814708647694e-05
PE,lagoa grande,3,1177.1899999999998,0,0.0,0,3.439814708647694e-05,0.0,0.0,8.153952536454528e-05,0.0,-3.439814708647694e-05
PE,mirandiba,3,323.15999999999997,0,0.0,0,3.439814708647694e-05,0.0,0.0,2.2384078200465903e-05,0.0,-3.439814708647694e-05
PE,oroco,3,389.46,0,0.0,0,3.439814708647694e-05,0.0,0.0,2.697642992930267e-05,0.0,-3.439814708647694e-05
PE,pedra,3,349.79,0,0.0,0,3.439814708647694e-05,0.0,0.0,2.4228638178428545e-05,0.0,-3.439814708647694e-05
PE,saloa,3,1536.08,0,0.0,0,3.439814708647694e-05,0.0,0.0,0.00010639848632928477,0.0,-3.439814708647694e-05
PE,sanharo,3,2310.0,0,0.0,0,3.439814708647694e-05,0.0,0.0,0.00016000501498662038,0.0,-3.439814708647694e-05
PE,sao jose do egito,3,441.31,0,0.0,0,3.439814708647694e-05,0.0,0.0,3.0567884486469885e-05,0.0,-3.439814708647694e-05
PE,trindade,3,4036.9800000000005,0,0.0,0,3.439814708647694e-05,0.0,0.0,0.00027962642658038386,0.0,-3.439814708647694e-05
PE,tuparetama,3,437.69,0,0.0,0,3.439814708647694e-05,0.0,0.0,3.0317140696750594e-05,0.0,-3.439814708647694e-05
PI,barras,3,291.68,0,0.0,0,3.439814708647694e-05,0.0,0.0,2.0203576957271614e-05,0.0,-3.439814708647694e-05
PI,eliseu martins,3,403.06,0,0.0,0,3.439814708647694e-05,0.0,0.0,2.7918450796756365e-05,0.0,-3.439814708647694e-05
PI,fronteiras,3,1408.8400000000001,0,0.0,0,3.439814708647694e-05,0.0,0.0,9.758504991937241e-05,0.0,-3.439814708647694e-05
PI,jose de freitas,3,350.42,0,0.0,0,3.439814708647694e-05,0.0,0.0,2.4272275909788534e-05,0.0,-3.439814708647694e-05
PI,luzilandia,3,273.01,0,0.0,0,3.439814708647694e-05,0.0,0.0,1.89103762517304e-05,0.0,-3.439814708647694e-05
PI,paulistana,3,1013.26,0,0.0,0,3.439814708647694e-05,0.0,0.0,7.018471059971556e-05,0.0,-3.439814708647694e-05
PR,abatia,3,220.19,0,0.0,0,3.439814708647694e-05,0.0,0.0,1.5251733441516856e-05,0.0,-3.439814708647694e-05
PR,altonia,3,557.1800000000001,0,0.0,0,3.439814708647694e-05,0.0,0.0,3.859376374469487e-05,0.0,-3.439814708647694e-05
PR,angulo,3,394.06,0,0.0,0,3.439814708647694e-05,0.0,0.0,2.7295054634470832e-05,0.0,-3.439814708647694e-05
PR,areia branca dos assis,3,569.43,0,0.0,0,3.439814708647694e-05,0.0,0.0,3.944227518780573e-05,0.0,-3.439814708647694e-05
PR,bela vista do paraiso,3,658.49,0,0.0,0,3.439814708647694e-05,0.0,0.0,4.561112654482236e-05,0.0,-3.439814708647694e-05
PR,carambei,3,456.25,0,0.0,0,3.439814708647694e-05,0.0,0.0,3.160272211586387e-05,0.0,-3.439814708647694e-05
PR,cerro azul,3,250.18,0,0.0,0,3.439814708647694e-05,0.0,0.0,1.7329027986732763e-05,0.0,-3.439814708647694e-05
PR,clevelandia,3,218.19,0,0.0,0,3.439814708647694e-05,0.0,0.0,1.511320096100896e-05,0.0,-3.439814708647694e-05
PR,colonia castrolanda,3,1041.7,0,0.0,0,3.439814708647694e-05,0.0,0.0,7.215464247253786e-05,0.0,-3.439814708647694e-05
PR,corbelia,3,785.22,0,0.0,0,3.439814708647694e-05,0.0,0.0,5.438923717220522e-05,0.0,-3.439814708647694e-05
PR,cruz machado,3,523.23,0,0.0,0,3.439814708647694e-05,0.0,0.0,3.6242174888073326e-05,0.0,-3.439814708647694e-05
PR,entre rios do oeste,3,148.57999999999998,0,0.0,0,3.439814708647694e-05,0.0,0.0,1.0291577976931625e-05,0.0,-3.439814708647694e-05
PR,indianopolis,3,209.53,0,0.0,0,3.439814708647694e-05,0.0,0.0,1.451335532040977e-05,0.0,-3.439814708647694e-05
PR,janiopolis,3,316.22,0,0.0,0,3.439814708647694e-05,0.0,0.0,2.1903370493103506e-05,0.0,-3.439814708647694e-05
PR,japira,3,457.63,0,0.0,0,3.439814708647694e-05,0.0,0.0,3.169830952741432e-05,0.0,-3.439814708647694e-05
PR,joaquim tavora,3,392.01,0,0.0,0,3.439814708647694e-05,0.0,0.0,2.715305884195024e-05,0.0,-3.439814708647694e-05
PR,jundiai do sul,3,384.01,0,0.0,0,3.439814708647694e-05,0.0,0.0,2.6598928919918652e-05,0.0,-3.439814708647694e-05
PR,lobato,3,562.77,0,0.0,0,3.439814708647694e-05,0.0,0.0,3.898096202771443e-05,0.0,-3.439814708647694e-05
PR,maripa,3,432.73,0,0.0,0,3.439814708647694e-05,0.0,0.0,2.997358014509101e-05,0.0,-3.439814708647694e-05
PR,moreira sales,3,433.48,0,0.0,0,3.439814708647694e-05,0.0,0.0,3.002552982528147e-05,0.0,-3.439814708647694e-05
PR,morretes,3,639.65,0,0.0,0,3.439814708647694e-05,0.0,0.0,4.430615057843797e-05,0.0,-3.439814708647694e-05
PR,nova fatima,3,244.16,0,0.0,0,3.439814708647694e-05,0.0,0.0,1.6912045220403993e-05,0.0,-3.439814708647694e-05
PR,nova santa rosa,3,314.67,0,0.0,0,3.439814708647694e-05,0.0,0.0,2.1796007820709886e-05,0.0,-3.439814708647694e-05
PR,paranacity,3,222.6,0,0.0,0,3.439814708647694e-05,0.0,0.0,1.5418665080528872e-05,0.0,-3.439814708647694e-05
PR,peabiru,3,398.09000000000003,0,0.0,0,3.439814708647694e-05,0.0,0.0,2.7574197582694245e-05,0.0,-3.439814708647694e-05
PR,pien,3,346.28,0,0.0,0,3.439814708647694e-05,0.0,0.0,2.3985513675137184e-05,0.0,-3.439814708647694e-05
PR,pitanga,3,607.71,0,0.0,0,3.439814708647694e-05,0.0,0.0,4.209378686472687e-05,0.0,-3.439814708647694e-05
PR,quinta do sol,3,178.66000000000003,0,0.0,0,3.439814708647694e-05,0.0,0.0,1.2375106483770389e-05,0.0,-3.439814708647694e-05
PR,reserva,3,371.55,0,0.0,0,3.439814708647694e-05,0.0,0.0,2.5735871566354458e-05,0.0,-3.439814708647694e-05
PR,rio bonito do iguacu,3,467.87,0,0.0,0,3.439814708647694e-05,0.0,0.0,3.240759582761475e-05,0.0,-3.439814708647694e-05
PR,salgado filho,3,219.94,0,0.0,0,3.439814708647694e-05,0.0,0.0,1.523441688145337e-05,0.0,-3.439814708647694e-05
PR,santa tereza do oeste,3,420.59000000000003,0,0.0,0,3.439814708647694e-05,0.0,0.0,2.913268798840808e-05,0.0,-3.439814708647694e-05
PR,santa terezinha de itaipu,3,378.11,0,0.0,0,3.439814708647694e-05,0.0,0.0,2.619025810242036e-05,0.0,-3.439814708647694e-05
PR,santo antonio do sudoeste,3,268.07,0,0.0,0,3.439814708647694e-05,0.0,0.0,1.8568201024875896e-05,0.0,-3.439814708647694e-05
PR,sao pedro do ivai,3,546.72,0,0.0,0,3.439814708647694e-05,0.0,0.0,3.786923887163857e-05,0.0,-3.439814708647694e-05
PR,tomazina,3,411.31,0,0.0,0,3.439814708647694e-05,0.0,0.0,2.848989727885144e-05,0.0,-3.439814708647694e-05
PR,urai,3,334.39,0,0.0,0,3.439814708647694e-05,0.0,0.0,2.316193807851774e-05,0.0,-3.439814708647694e-05
PR,ventania,3,209.88,0,0.0,0,3.439814708647694e-05,0.0,0.0,1.453759850449865e-05,0.0,-3.439814708647694e-05
PR,vera cruz do oeste,3,488.34000000000003,0,0.0,0,3.439814708647694e-05,0.0,0.0,3.382547576561307e-05,0.0,-3.439814708647694e-05
PR,vere,3,848.97,0,0.0,0,3.439814708647694e-05,0.0,0.0,5.8804959988394416e-05,0.0,-3.439814708647694e-05
RJ,anta,3,291.53,0,0.0,0,3.439814708647694e-05,0.0,0.0,2.019318702123352e-05,0.0,-3.439814708647694e-05
RJ,arrozal,3,912.81,0,0.0,0,3.439814708647694e-05,0.0,0.0,6.322691676620647e-05,0.0,-3.439814708647694e-05
RJ,governador portela,3,380.3,0,0.0,0,3.439814708647694e-05,0.0,0.0,2.6341951168576506e-05,0.0,-3.439814708647694e-05
RJ,ipiabas,3,663.14,0,0.0,0,3.439814708647694e-05,0.0,0.0,4.593321456200322e-05,0.0,-3.439814708647694e-05
RJ,rio claro,3,444.48,0,0.0,0,3.439814708647694e-05,0.0,0.0,3.07874584680749e-05,0.0,-3.439814708647694e-05
RJ,sao jose de uba,3,544.52,0,0.0,0,3.439814708647694e-05,0.0,0.0,3.771685314307988e-05,0.0,-3.439814708647694e-05
RJ,sao jose do turvo,3,285.36,0,0.0,0,3.439814708647694e-05,0.0,0.0,1.9765814318866662e-05,0.0,-3.439814708647694e-05
RN,apodi,3,492.07,0,0.0,0,3.439814708647694e-05,0.0,0.0,3.4083838841760294e-05,0.0,-3.439814708647694e-05
RN,areia branca,3,312.99,0,0.0,0,3.439814708647694e-05,0.0,0.0,2.167964053708325e-05,0.0,-3.439814708647694e-05
RN,goianinha,3,454.71000000000004,0,0.0,0,3.439814708647694e-05,0.0,0.0,3.1496052105872796e-05,0.0,-3.439814708647694e-05
RN,jardim do serido,3,555.81,0,0.0,0,3.439814708647694e-05,0.0,0.0,3.849886899554695e-05,0.0,-3.439814708647694e-05
RN,parelhas,3,1244.7800000000002,0,0.0,0,3.439814708647694e-05,0.0,0.0,8.622123054330966e-05,0.0,-3.439814708647694e-05
RN,patu,3,302.87,0,0.0,0,3.439814708647694e-05,0.0,0.0,2.0978666185713295e-05,0.0,-3.439814708647694e-05
RN,sao miguel,3,1004.52,0,0.0,0,3.439814708647694e-05,0.0,0.0,6.957932365989605e-05,0.0,-3.439814708647694e-05
RN,upanema,3,1476.25,0,0.0,0,3.439814708647694e-05,0.0,0.0,0.00010225428717489105,0.0,-3.439814708647694e-05
RO,alta floresta d'oeste,3,805.5,0,0.0,0,3.439814708647694e-05,0.0,0.0,5.579395652455528e-05,0.0,-3.439814708647694e-05
RO,colorado do oeste,3,334.64,0,0.0,0,3.439814708647694e-05,0.0,0.0,2.317925463858123e-05,0.0,-3.439814708647694e-05
RO,guajara-mirim,3,202.85,0,0.0,0,3.439814708647694e-05,0.0,0.0,1.4050656835513395e-05,0.0,-3.439814708647694e-05
RO,machadinho d'oeste,3,572.96,0,0.0,0,3.439814708647694e-05,0.0,0.0,3.968678501590217e-05,0.0,-3.439814708647694e-05
RO,sao miguel do guapore,3,622.23,0,0.0,0,3.439814708647694e-05,0.0,0.0,4.3099532673214194e-05,0.0,-3.439814708647694e-05
RO,urupa,3,403.21000000000004,0,0.0,0,3.439814708647694e-05,0.0,0.0,2.792884073279446e-05,0.0,-3.439814708647694e-05
RS,arroio grande,3,457.84000000000003,0,0.0,0,3.439814708647694e-05,0.0,0.0,3.1712855437867654e-05,0.0,-3.439814708647694e-05
RS,arvorezinha,3,208.9,0,0.0,0,3.439814708647694e-05,0.0,0.0,1.4469717589049781e-05,0.0,-3.439814708647694e-05
RS,barros cassal,3,800.36,0,0.0,0,3.439814708647694e-05,0.0,0.0,5.543792804964999e-05,0.0,-3.439814708647694e-05
RS,cacequi,3,342.23,0,0.0,0,3.439814708647694e-05,0.0,0.0,2.3704985402108698e-05,0.0,-3.439814708647694e-05
RS,campos borges,3,877.04,0,0.0,0,3.439814708647694e-05,0.0,0.0,6.0749263352322734e-05,0.0,-3.439814708647694e-05
RS,capao do cipo,3,400.98,0,0.0,0,3.439814708647694e-05,0.0,0.0,2.7774377017028154e-05,0.0,-3.439814708647694e-05
RS,catuipe,3,526.94,0,0.0,0,3.439814708647694e-05,0.0,0.0,3.6499152639415475e-05,0.0,-3.439814708647694e-05
RS,colorado,3,259.8,0,0.0,0,3.439814708647694e-05,0.0,0.0,1.7995369217975746e-05,0.0,-3.439814708647694e-05
RS,cristal,3,631.04,0,0.0,0,3.439814708647694e-05,0.0,0.0,4.3709768249851475e-05,0.0,-3.439814708647694e-05
RS,cruzeiro do sul,3,2383.28,0,0.0,0,3.439814708647694e-05,0.0,0.0,0.00016508084507242972,0.0,-3.439814708647694e-05
RS,entre-ijuis,3,585.04,0,0.0,0,3.439814708647694e-05,0.0,0.0,4.052352119816986e-05,0.0,-3.439814708647694e-05
RS,gaurama,3,356.61,0,0.0,0,3.439814708647694e-05,0.0,0.0,2.4701033936960473e-05,0.0,-3.439814708647694e-05
RS,ilopolis,3,231.57999999999998,0,0.0,0,3.439814708647694e-05,0.0,0.0,1.6040675918009326e-05,0.0,-3.439814708647694e-05
RS,imigrante,3,357.35,0,0.0,0,3.439814708647694e-05,0.0,0.0,2.4752290954748395e-05,0.0,-3.439814708647694e-05
RS,jaguari,3,209.34000000000003,0,0.0,0,3.439814708647694e-05,0.0,0.0,1.4500194734761521e-05,0.0,-3.439814708647694e-05
RS,lavras do sul,3,646.56,0,0.0,0,3.439814708647694e-05,0.0,0.0,4.478478029859275e-05,0.0,-3.439814708647694e-05
RS,manoel viana,3,260.36,0,0.0,0,3.439814708647694e-05,0.0,0.0,1.803415831251796e-05,0.0,-3.439814708647694e-05
RS,morro reuter,3,741.4,0,0.0,0,3.439814708647694e-05,0.0,0.0,5.1353990524277205e-05,0.0,-3.439814708647694e-05
RS,nova alvorada,3,331.88,0,0.0,0,3.439814708647694e-05,0.0,0.0,2.2988079815480333e-05,0.0,-3.439814708647694e-05
RS,nova hartz,3,755.22,0,0.0,0,3.439814708647694e-05,0.0,0.0,5.231124996458677e-05,0.0,-3.439814708647694e-05
RS,pantano grande,3,348.93,0,0.0,0,3.439814708647694e-05,0.0,0.0,2.416906921181015e-05,0.0,-3.439814708647694e-05
RS,parai,3,290.6,0,0.0,0,3.439814708647694e-05,0.0,0.0,2.0128769417797353e-05,0.0,-3.439814708647694e-05
RS,planalto,3,337.81,0,0.0,0,3.439814708647694e-05,0.0,0.0,2.3398828620186245e-05,0.0,-3.439814708647694e-05
RS,restinga seca,3,324.33,0,0.0,0,3.439814708647694e-05,0.0,0.0,2.2465119701563022e-05,0.0,-3.439814708647694e-05
RS,roque gonzales,3,433.62,0,0.0,0,3.439814708647694e-05,0.0,0.0,3.0035227098917023e-05,0.0,-3.439814708647694e-05
RS,salto do jacui,3,170.56,0,0.0,0,3.439814708647694e-05,0.0,0.0,1.1814049937713408e-05,0.0,-3.439814708647694e-05
RS,sao valentim,3,609.47,0,0.0,0,3.439814708647694e-05,0.0,0.0,4.221569544757382e-05,0.0,-3.439814708647694e-05
RS,sobradinho,3,403.11,0,0.0,0,3.439814708647694e-05,0.0,0.0,2.7921914108769065e-05,0.0,-3.439814708647694e-05
RS,tenente portela,3,604.0500000000001,0,0.0,0,3.439814708647694e-05,0.0,0.0,4.184027242539742e-05,0.0,-3.439814708647694e-05
RS,toropi,3,1682.98,0,0.0,0,3.439814708647694e-05,0.0,0.0,0.00011657369702258976,0.0,-3.439814708647694e-05
RS,tres arroios,3,236.8,0,0.0,0,3.439814708647694e-05,0.0,0.0,1.6402245692134938e-05,0.0,-3.439814708647694e-05
RS,trindade do sul,3,3372.73,0,0.0,0,3.439814708647694e-05,0.0,0.0,0.00023361632649169874,0.0,-3.439814708647694e-05
RS,tupancireta,3,413.15,0,0.0,0,3.439814708647694e-05,0.0,0.0,2.8617347160918702e-05,0.0,-3.439814708647694e-05
RS,vale real,3,264.34,0,0.0,0,3.439814708647694e-05,0.0,0.0,1.8309837948728668e-05,0.0,-3.439814708647694e-05
RS,vera cruz,3,676.1,0,0.0,0,3.439814708647694e-05,0.0,0.0,4.683090503569439e-05,0.0,-3.439814708647694e-05
RS,vila langaro,3,191.91,0,0.0,0,3.439814708647694e-05,0.0,0.0,1.3292884167135202e-05,0.0,-3.439814708647694e-05
SC,anchieta,3,357.53,0,0.0,0,3.439814708647694e-05,0.0,0.0,2.47647588779941e-05,0.0,-3.439814708647694e-05
SC,ascurra,3,316.47,0,0.0,0,3.439814708647694e-05,0.0,0.0,2.1920687053166994e-05,0.0,-3.439814708647694e-05
SC,balneario gaivota,3,329.12,0,0.0,0,3.439814708647694e-05,0.0,0.0,2.2796904992379437e-05,0.0,-3.439814708647694e-05
SC,balneario rincao,3,444.3,0,0.0,0,3.439814708647694e-05,0.0,0.0,3.077499054482919e-05,0.0,-3.439814708647694e-05
SC,caibi,3,180.41,0,0.0,0,3.439814708647694e-05,0.0,0.0,1.2496322404214796e-05,0.0,-3.439814708647694e-05
SC,cocal do sul,3,283.63,0,0.0,0,3.439814708647694e-05,0.0,0.0,1.964598372322733e-05,0.0,-3.439814708647694e-05
SC,corupa,3,424.94,0,0.0,0,3.439814708647694e-05,0.0,0.0,2.9433996133512754e-05,0.0,-3.439814708647694e-05
SC,cunha pora,3,667.9,0,0.0,0,3.439814708647694e-05,0.0,0.0,4.626292186561201e-05,0.0,-3.439814708647694e-05
SC,dionisio cerqueira,3,500.53999999999996,0,0.0,0,3.439814708647694e-05,0.0,0.0,3.4670523896711236e-05,0.0,-3.439814708647694e-05
SC,governador celso ramos,3,463.36,0,0.0,0,3.439814708647694e-05,0.0,0.0,3.209520508406945e-05,0.0,-3.439814708647694e-05
SC,grao para,3,269.92999999999995,0,0.0,0,3.439814708647694e-05,0.0,0.0,1.8697036231748237e-05,0.0,-3.439814708647694e-05
SC,irani,3,372.31999999999994,0,0.0,0,3.439814708647694e-05,0.0,0.0,2.5789206571349995e-05,0.0,-3.439814708647694e-05
SC,ita,3,368.03,0,0.0,0,3.439814708647694e-05,0.0,0.0,2.5492054400660557e-05,0.0,-3.439814708647694e-05
SC,major vieira,3,329.03,0,0.0,0,3.439814708647694e-05,0.0,0.0,2.279067103075658e-05,0.0,-3.439814708647694e-05
SC,massaranduba,3,479.34,0,0.0,0,3.439814708647694e-05,0.0,0.0,3.3202079603327536e-05,0.0,-3.439814708647694e-05
SC,nova erechim,3,306.78,0,0.0,0,3.439814708647694e-05,0.0,0.0,2.124949718510623e-05,0.0,-3.439814708647694e-05
SC,petrolandia,3,712.05,0,0.0,0,3.439814708647694e-05,0.0,0.0,4.9321026372823824e-05,0.0,-3.439814708647694e-05
SC,ponte serrada,3,483.78,0,0.0,0,3.439814708647694e-05,0.0,0.0,3.350962171005506e-05,0.0,-3.439814708647694e-05
SC,pouso redondo,3,655.27,0,0.0,0,3.439814708647694e-05,0.0,0.0,4.5388089251204646e-05,0.0,-3.439814708647694e-05
SC,rio do oeste,3,433.84000000000003,0,0.0,0,3.439814708647694e-05,0.0,0.0,3.0050465671772893e-05,0.0,-3.439814708647694e-05
SC,rio fortuna,3,527.47,0,0.0,0,3.439814708647694e-05,0.0,0.0,3.653586374675006e-05,0.0,-3.439814708647694e-05
SC,riqueza,3,302.68,0,0.0,0,3.439814708647694e-05,0.0,0.0,2.0965505600065046e-05,0.0,-3.439814708647694e-05
SC,sangao,3,316.25,0,0.0,0,3.439814708647694e-05,0.0,0.0,2.190544848031112e-05,0.0,-3.439814708647694e-05
SC,sao jose do cedro,3,291.55,0,0.0,0,3.439814708647694e-05,0.0,0.0,2.0194572346038602e-05,0.0,-3.439814708647694e-05
SC,sao jose do cerrito,3,333.34000000000003,0,0.0,0,3.439814708647694e-05,0.0,0.0,2.30892085262511e-05,0.0,-3.439814708647694e-05
SC,sao ludgero,3,746.51,0,0.0,0,3.439814708647694e-05,0.0,0.0,5.1707941011974876e-05,0.0,-3.439814708647694e-05
SC,timbe do sul,3,262.92,0,0.0,0,3.439814708647694e-05,0.0,0.0,1.8211479887568064e-05,0.0,-3.439814708647694e-05
SC,trombudo central,3,183.42,0,0.0,0,3.439814708647694e-05,0.0,0.0,1.270481378737918e-05,0.0,-3.439814708647694e-05
SC,urubici,3,378.58,0,0.0,0,3.439814708647694e-05,0.0,0.0,2.6222813235339713e-05,0.0,-3.439814708647694e-05
SE,propria,3,559.99,0,0.0,0,3.439814708647694e-05,0.0,0.0,3.878840187980846e-05,0.0,-3.439814708647694e-05
SE,sao francisco,3,1072.06,0,0.0,0,3.439814708647694e-05,0.0,0.0,7.425756552664772e-05,0.0,-3.439814708647694e-05
SE,umbauba,3,315.39,0,0.0,0,3.439814708647694e-05,0.0,0.0,2.1845879513692726e-05,0.0,-3.439814708647694e-05
SP,aguas de santa barbara,3,202.03,0,0.0,0,3.439814708647694e-05,0.0,0.0,1.3993858518505157e-05,0.0,-3.439814708647694e-05
SP,alambari,3,228.94,0,0.0,0,3.439814708647694e-05,0.0,0.0,1.5857813043738902e-05,0.0,-3.439814708647694e-05
SP,analandia,3,473.42,0,0.0,0,3.439814708647694e-05,0.0,0.0,3.2792023461024167e-05,0.0,-3.439814708647694e-05
SP,arandu,3,332.64,0,0.0,0,3.439814708647694e-05,0.0,0.0,2.304072215807333e-05,0.0,-3.439814708647694e-05
SP,arealva,3,236.92000000000002,0,0.0,0,3.439814708647694e-05,0.0,0.0,1.641055764096541e-05,0.0,-3.439814708647694e-05
SP,areias,3,568.63,0,0.0,0,3.439814708647694e-05,0.0,0.0,3.938686219560257e-05,0.0,-3.439814708647694e-05
SP,areiopolis,3,944.24,0,0.0,0,3.439814708647694e-05,0.0,0.0,6.540395469738806e-05,0.0,-3.439814708647694e-05
SP,barra do turvo,3,380.5,0,0.0,0,3.439814708647694e-05,0.0,0.0,2.6355804416627294e-05,0.0,-3.439814708647694e-05
SP,cruzalia,3,348.25,0,0.0,0,3.439814708647694e-05,0.0,0.0,2.4121968168437465e-05,0.0,-3.439814708647694e-05
SP,eldorado,3,343.28999999999996,0,0.0,0,3.439814708647694e-05,0.0,0.0,2.3778407616777878e-05,0.0,-3.439814708647694e-05
SP,estrela do norte,3,210.76999999999998,0,0.0,0,3.439814708647694e-05,0.0,0.0,1.4599245458324663e-05,0.0,-3.439814708647694e-05
SP,gastao vidigal,3,283.72,0,0.0,0,3.439814708647694e-05,0.0,0.0,1.9652217684850188e-05,0.0,-3.439814708647694e-05
SP,guapiara,3,251.95,0,0.0,0,3.439814708647694e-05,0.0,0.0,1.745162923198225e-05,0.0,-3.439814708647694e-05
SP,herculandia,3,220.64,0,0.0,0,3.439814708647694e-05,0.0,0.0,1.5282903249631134e-05,0.0,-3.439814708647694e-05
SP,ilha comprida,3,254.85000000000002,0,0.0,0,3.439814708647694e-05,0.0,0.0,1.7652501328718705e-05,0.0,-3.439814708647694e-05
SP,indiana,3,389.33,0,0.0,0,3.439814708647694e-05,0.0,0.0,2.6967425318069658e-05,0.0,-3.439814708647694e-05
SP,inubia paulista,3,344.7,0,0.0,0,3.439814708647694e-05,0.0,0.0,2.387607301553595e-05,0.0,-3.439814708647694e-05
SP,irapua,3,237.35,0,0.0,0,3.439814708647694e-05,0.0,0.0,1.6440342124274608e-05,0.0,-3.439814708647694e-05
SP,jambeiro,3,282.06,0,0.0,0,3.439814708647694e-05,0.0,0.0,1.953723572602863e-05,0.0,-3.439814708647694e-05
SP,joao ramalho,3,479.57000000000005,0,0.0,0,3.439814708647694e-05,0.0,0.0,3.321801083858595e-05,0.0,-3.439814708647694e-05
SP,lagoinha,3,668.73,0,0.0,0,3.439814708647694e-05,0.0,0.0,4.6320412845022786e-05,0.0,-3.439814708647694e-05
SP,luiziania,3,270.23,0,0.0,0,3.439814708647694e-05,0.0,0.0,1.8717816103824426e-05,0.0,-3.439814708647694e-05
SP,lupercio,3,172.11,0,0.0,0,3.439814708647694e-05,0.0,0.0,1.1921412610107027e-05,0.0,-3.439814708647694e-05
SP,manduri,3,287.21,0,0.0,0,3.439814708647694e-05,0.0,0.0,1.9893956863336464e-05,0.0,-3.439814708647694e-05
SP,mineiros do tiete,3,257.34000000000003,0,0.0,0,3.439814708647694e-05,0.0,0.0,1.7824974266951034e-05,0.0,-3.439814708647694e-05
SP,mombuca,3,144.47,0,0.0,0,3.439814708647694e-05,0.0,0.0,1.0006893729487898e-05,0.0,-3.439814708647694e-05
SP,nuporanga,3,895.41,0,0.0,0,3.439814708647694e-05,0.0,0.0,6.202168418578777e-05,0.0,-3.439814708647694e-05
SP,oriente,3,1075.02,0,0.0,0,3.439814708647694e-05,0.0,0.0,7.44625935977994e-05,0.0,-3.439814708647694e-05
SP,oscar bressane,3,339.93,0,0.0,0,3.439814708647694e-05,0.0,0.0,2.3545673049524617e-05,0.0,-3.439814708647694e-05
SP,ouro verde,3,356.03999999999996,0,0.0,0,3.439814708647694e-05,0.0,0.0,2.4661552180015718e-05,0.0,-3.439814708647694e-05
SP,poloni,3,222.41,0,0.0,0,3.439814708647694e-05,0.0,0.0,1.540550449488062e-05,0.0,-3.439814708647694e-05
SP,quadra,3,501.88,0,0.0,0,3.439814708647694e-05,0.0,0.0,3.476334065865153e-05,0.0,-3.439814708647694e-05
SP,reginopolis,3,1719.3200000000002,0,0.0,0,3.439814708647694e-05,0.0,0.0,0.00011909083219341825,0.0,-3.439814708647694e-05
SP,ribeira,3,248.03,0,0.0,0,3.439814708647694e-05,0.0,0.0,1.7180105570186776e-05,0.0,-3.439814708647694e-05
SP,riolandia,3,470.31000000000006,0,0.0,0,3.439814708647694e-05,0.0,0.0,3.257660545383439e-05,0.0,-3.439814708647694e-05
SP,rosana,3,172.34,0,0.0,0,3.439814708647694e-05,0.0,0.0,1.1937343845365435e-05,0.0,-3.439814708647694e-05
SP,sabino,3,802.87,0,0.0,0,3.439814708647694e-05,0.0,0.0,5.56117863126874e-05,0.0,-3.439814708647694e-05
SP,saltinho,3,640.19,0,0.0,0,3.439814708647694e-05,0.0,0.0,4.434355434817511e-05,0.0,-3.439814708647694e-05
SP,santa cruz da conceicao,3,476.27,0,0.0,0,3.439814708647694e-05,0.0,0.0,3.2989432245747914e-05,0.0,-3.439814708647694e-05
SP,santa rita d'oeste,3,219.73,0,0.0,0,3.439814708647694e-05,0.0,0.0,1.521987097100004e-05,0.0,-3.439814708647694e-05
SP,santo antonio da alegria,3,250.03,0,0.0,0,3.439814708647694e-05,0.0,0.0,1.7318638050694672e-05,0.0,-3.439814708647694e-05
SP,sao joao de iracema,3,213.38,0,0.0,0,3.439814708647694e-05,0.0,0.0,1.4780030345387469e-05,0.0,-3.439814708647694e-05
SP,sao jose da bela vista,3,379.07,0,0.0,0,3.439814708647694e-05,0.0,0.0,2.6256753693064147e-05,0.0,-3.439814708647694e-05
SP,sao luis do paraitinga,3,945.99,0,0.0,0,3.439814708647694e-05,0.0,0.0,6.552517061783246e-05,0.0,-3.439814708647694e-05
SP,sao sebastiao da grama,3,954.02,0,0.0,0,3.439814708647694e-05,0.0,0.0,6.608137852707167e-05,0.0,-3.439814708647694e-05
SP,silveiras,3,474.25,0,0.0,0,3.439814708647694e-05,0.0,0.0,3.2849514440434936e-05,0.0,-3.439814708647694e-05
SP,taquarivai,3,738.9000000000001,0,0.0,0,3.439814708647694e-05,0.0,0.0,5.118082492364234e-05,0.0,-3.439814708647694e-05
SP,uchoa,3,641.29,0,0.0,0,3.439814708647694e-05,0.0,0.0,4.441974721245444e-05,0.0,-3.439814708647694e-05
SP,urania,3,980.28,0,0.0,0,3.439814708647694e-05,0.0,0.0,6.790030999614035e-05,0.0,-3.439814708647694e-05
SP,valentim gentil,3,418.87,0,0.0,0,3.439814708647694e-05,0.0,0.0,2.9013550055171287e-05,0.0,-3.439814708647694e-05
SP,vista alegre do alto,3,327.66999999999996,0,0.0,0,3.439814708647694e-05,0.0,0.0,2.2696468944011207e-05,0.0,-3.439814708647694e-05
TO,araguatins,3,558.44,0,0.0,0,3.439814708647694e-05,0.0,0.0,3.8681039207414846e-05,0.0,-3.439814708647694e-05
TO,colinas do tocantins,3,643.0799999999999,0,0.0,0,3.439814708647694e-05,0.0,0.0,4.454373378250901e-05,0.0,-3.439814708647694e-05
TO,conceicao do tocantins,3,433.97,0,0.0,0,3.439814708647694e-05,0.0,0.0,3.005947028300591e-05,0.0,-3.439814708647694e-05
TO,cristalandia,3,1067.93,0,0.0,0,3.439814708647694e-05,0.0,0.0,7.397149595439891e-05,0.0,-3.439814708647694e-05
TO,formoso do araguaia,3,354.12,0,0.0,0,3.439814708647694e-05,0.0,0.0,2.452856099872814e-05,0.0,-3.439814708647694e-05
TO,pedro afonso,3,368.9,0,0.0,0,3.439814708647694e-05,0.0,0.0,2.5552316029681494e-05,0.0,-3.439814708647694e-05
TO,taguatinga,3,454.45000000000005,0,0.0,0,3.439814708647694e-05,0.0,0.0,3.1478042883406765e-05,0.0,-3.439814708647694e-05
AC,senador guiomard,2,547.09,0,0.0,0,2.2932098057651293e-05,0.0,0.0,3.789486738053253e-05,0.0,-2.2932098057651293e-05
AC,xapuri,2,445.89,0,0.0,0,2.2932098057651293e-05,0.0,0.0,3.088512386683297e-05,0.0,-2.2932098057651293e-05
AL,anadia,2,462.59999999999997,0,0.0,0,2.2932098057651293e-05,0.0,0.0,3.204256274147644e-05,0.0,-2.2932098057651293e-05
AL,belem,2,527.74,0,0.0,0,2.2932098057651293e-05,0.0,0.0,3.6554565631618626e-05,0.0,-2.2932098057651293e-05
AL,boca da mata,2,298.03,0,0.0,0,2.2932098057651293e-05,0.0,0.0,2.0643417582884184e-05,0.0,-2.2932098057651293e-05
AL,colonia leopoldina,2,531.85,0,0.0,0,2.2932098057651293e-05,0.0,0.0,3.683924987906236e-05,0.0,-2.2932098057651293e-05
AL,feliz deserto,2,423.75,0,0.0,0,2.2932098057651293e-05,0.0,0.0,2.9351569307610556e-05,0.0,-2.2932098057651293e-05
AL,igaci,2,395.0,0,0.0,0,2.2932098057651293e-05,0.0,0.0,2.7360164900309542e-05,0.0,-2.2932098057651293e-05
AL,igreja nova,2,315.90999999999997,0,0.0,0,2.2932098057651293e-05,0.0,0.0,2.1881897958624778e-05,0.0,-2.2932098057651293e-05
AL,junqueiro,2,464.40999999999997,0,0.0,0,2.2932098057651293e-05,0.0,0.0,3.2167934636336084e-05,0.0,-2.2932098057651293e-05
AL,maravilha,2,297.54,0,0.0,0,2.2932098057651293e-05,0.0,0.0,2.0609477125159754e-05,0.0,-2.2932098057651293e-05
AL,mata grande,2,469.34999999999997,0,0.0,0,2.2932098057651293e-05,0.0,0.0,3.251010986319059e-05,0.0,-2.2932098057651293e-05
AL,olho d'agua das flores,2,346.07,0,0.0,0,2.2932098057651293e-05,0.0,0.0,2.3970967764683856e-05,0.0,-2.2932098057651293e-05
AL,paulo jacinto,2,857.0899999999999,0,0.0,0,2.2932098057651293e-05,0.0,0.0,5.9367401859256466e-05,0.0,-2.2932098057651293e-05
AL,porto calvo,2,397.93,0,0.0,0,2.2932098057651293e-05,0.0,0.0,2.756311498425361e-05,0.0,-2.2932098057651293e-05
AL,sao jose da laje,2,296.36,0,0.0,0,2.2932098057651293e-05,0.0,0.0,2.052774296166009e-05,0.0,-2.2932098057651293e-05
AL,sao luis do quitunde,2,351.54999999999995,0,0.0,0,2.2932098057651293e-05,0.0,0.0,2.4350546761275492e-05,0.0,-2.2932098057651293e-05
AL,sao miguel dos campos,2,1054.11,0,0.0,0,2.2932098057651293e-05,0.0,0.0,7.301423651408934e-05,0.0,-2.2932098057651293e-05
AL,satuba,2,438.32,0,0.0,0,2.2932098057651293e-05,0.0,0.0,3.036077842811058e-05,0.0,-2.2932098057651293e-05
AP,laranjal do jari,2,426.17999999999995,0,0.0,0,2.2932098057651293e-05,0.0,0.0,2.9519886271427646e-05,0.0,-2.2932098057651293e-05
BA,abare,2,224.73,0,0.0,0,2.2932098057651293e-05,0.0,0.0,1.556620217226978e-05,0.0,-2.2932098057651293e-05
BA,antonio cardoso,2,439.92,0,0.0,0,2.2932098057651293e-05,0.0,0.0,3.04716044125169e-05,0.0,-2.2932098057651293e-05
BA,arembepe,2,494.05999999999995,0,0.0,0,2.2932098057651293e-05,0.0,0.0,3.422167865986565e-05,0.0,-2.2932098057651293e-05
BA,baianopolis,2,493.28,0,0.0,0,2.2932098057651293e-05,0.0,0.0,3.4167650992467574e-05,0.0,-2.2932098057651293e-05
BA,barra,2,194.84,0,0.0,0,2.2932098057651293e-05,0.0,0.0,1.349583425107927e-05,0.0,-2.2932098057651293e-05
BA,barro alto,2,132.18,0,0.0,0,2.2932098057651293e-05,0.0,0.0,9.155611636766875e-06,0.0,-2.2932098057651293e-05
BA,belo campo,2,138.45,0,0.0,0,2.2932098057651293e-05,0.0,0.0,9.58991096315913e-06,0.0,-2.2932098057651293e-05
BA,bom jesus da serra,2,322.28999999999996,0,0.0,0,2.2932098057651293e-05,0.0,0.0,2.2323816571444966e-05,0.0,-2.2932098057651293e-05
BA,boninal,2,909.8,0,0.0,0,2.2932098057651293e-05,0.0,0.0,6.301842538304208e-05,0.0,-2.2932098057651293e-05
BA,buritirama,2,286.11,0,0.0,0,2.2932098057651293e-05,0.0,0.0,1.9817763999057124e-05,0.0,-2.2932098057651293e-05
BA,caldeirao grande,2,268.87,0,0.0,0,2.2932098057651293e-05,0.0,0.0,1.8623614017079055e-05,0.0,-2.2932098057651293e-05
BA,carinhanha,2,451.5,0,0.0,0,2.2932098057651293e-05,0.0,0.0,3.127370747465762e-05,0.0,-2.2932098057651293e-05
BA,castro alves,2,101.76,0,0.0,0,2.2932098057651293e-05,0.0,0.0,7.04853260824177e-06,0.0,-2.2932098057651293e-05
BA,conceicao da feira,2,802.95,0,0.0,0,2.2932098057651293e-05,0.0,0.0,5.561732761190772e-05,0.0,-2.2932098057651293e-05
BA,conde,2,881.52,0,0.0,0,2.2932098057651293e-05,0.0,0.0,6.105957610866042e-05,0.0,-2.2932098057651293e-05
BA,correntina,2,188.11,0,0.0,0,2.2932098057651293e-05,0.0,0.0,1.30296724541702e-05,0.0,-2.2932098057651293e-05
BA,cristopolis,2,113.94999999999999,0,0.0,0,2.2932098057651293e-05,0.0,0.0,7.892888076937398e-06,0.0,-2.2932098057651293e-05
BA,fatima,2,522.28,0,0.0,0,2.2932098057651293e-05,0.0,0.0,3.617637195983207e-05,0.0,-2.2932098057651293e-05
BA,guaratinga,2,76.57,0,0.0,0,2.2932098057651293e-05,0.0,0.0,5.303716016244814e-06,0.0,-2.2932098057651293e-05
BA,ibiassuce,2,218.42,0,0.0,0,2.2932098057651293e-05,0.0,0.0,1.5129132196267368e-05,0.0,-2.2932098057651293e-05
BA,ibipitanga,2,396.71999999999997,0,0.0,0,2.2932098057651293e-05,0.0,0.0,2.747930283354633e-05,0.0,-2.2932098057651293e-05
BA,ibirataia,2,91.72,0,0.0,0,2.2932098057651293e-05,0.0,0.0,6.35309955609213e-06,0.0,-2.2932098057651293e-05
BA,ichu,2,197.92,0,0.0,0,2.2932098057651293e-05,0.0,0.0,1.3709174271061429e-05,0.0,-2.2932098057651293e-05
BA,iguai,2,587.1400000000001,0,0.0,0,2.2932098057651293e-05,0.0,0.0,4.066898030270316e-05,0.0,-2.2932098057651293e-05
BA,iramaia,2,199.37,0,0.0,0,2.2932098057651293e-05,0.0,0.0,1.3809610319429655e-05,0.0,-2.2932098057651293e-05
BA,irara,2,222.82,0,0.0,0,2.2932098057651293e-05,0.0,0.0,1.543390365338474e-05,0.0,-2.2932098057651293e-05
BA,itabatan,2,196.39999999999998,0,0.0,0,2.2932098057651293e-05,0.0,0.0,1.3603889585875427e-05,0.0,-2.2932098057651293e-05
BA,itagi,2,164.64,0,0.0,0,2.2932098057651293e-05,0.0,0.0,1.1403993795410032e-05,0.0,-2.2932098057651293e-05
BA,itagiba,2,144.86,0,0.0,0,2.2932098057651293e-05,0.0,0.0,1.003390756318694e-05,0.0,-2.2932098057651293e-05
BA,itapicuru,2,181.54,0,0.0,0,2.2932098057651293e-05,0.0,0.0,1.2574593255701758e-05,0.0,-2.2932098057651293e-05
BA,itatim,2,251.76999999999998,0,0.0,0,2.2932098057651293e-05,0.0,0.0,1.743916130873654e-05,0.0,-2.2932098057651293e-05
BA,itubera,2,135.39,0,0.0,0,2.2932098057651293e-05,0.0,0.0,9.377956267982048e-06,0.0,-2.2932098057651293e-05
BA,jaguaquara,2,237.14000000000001,0,0.0,0,2.2932098057651293e-05,0.0,0.0,1.642579621382128e-05,0.0,-2.2932098057651293e-05
BA,jucurucu,2,478.31,0,0.0,0,2.2932098057651293e-05,0.0,0.0,3.313073537586597e-05,0.0,-2.2932098057651293e-05
BA,jussari,2,213.19,0,0.0,0,2.2932098057651293e-05,0.0,0.0,1.4766869759739218e-05,0.0,-2.2932098057651293e-05
BA,mairi,2,974.31,0,0.0,0,2.2932098057651293e-05,0.0,0.0,6.748679054182427e-05,0.0,-2.2932098057651293e-05
BA,maragogipe,2,195.04000000000002,0,0.0,0,2.2932098057651293e-05,0.0,0.0,1.3509687499130061e-05,0.0,-2.2932098057651293e-05
BA,mascote,2,158.99,0,0.0,0,2.2932098057651293e-05,0.0,0.0,1.1012639537975226e-05,0.0,-2.2932098057651293e-05
BA,milagres,2,563.4399999999999,0,0.0,0,2.2932098057651293e-05,0.0,0.0,3.902737040868458e-05,0.0,-2.2932098057651293e-05
BA,morpara,2,393.72999999999996,0,0.0,0,2.2932098057651293e-05,0.0,0.0,2.7272196775187025e-05,0.0,-2.2932098057651293e-05
BA,muquem do sao francisco,2,104.21,0,0.0,0,2.2932098057651293e-05,0.0,0.0,7.218234896863942e-06,0.0,-2.2932098057651293e-05
BA,nazare,2,326.82000000000005,0,0.0,0,2.2932098057651293e-05,0.0,0.0,2.263759263979536e-05,0.0,-2.2932098057651293e-05
BA,nova canaa,2,210.07999999999998,0,0.0,0,2.2932098057651293e-05,0.0,0.0,1.455145175254944e-05,0.0,-2.2932098057651293e-05
BA,nova soure,2,145.7,0,0.0,0,2.2932098057651293e-05,0.0,0.0,1.0092091205000254e-05,0.0,-2.2932098057651293e-05
BA,olindina,2,229.59,0,0.0,0,2.2932098057651293e-05,0.0,0.0,1.590283609990397e-05,0.0,-2.2932098057651293e-05
BA,oliveira dos brejinhos,2,185.84,0,0.0,0,2.2932098057651293e-05,0.0,0.0,1.2872438088793735e-05,0.0,-2.2932098057651293e-05
BA,palmeiras,2,292.3,0,0.0,0,2.2932098057651293e-05,0.0,0.0,2.0246522026229063e-05,0.0,-2.2932098057651293e-05
BA,paripiranga,2,156.65,0,0.0,0,2.2932098057651293e-05,0.0,0.0,1.0850556535780988e-05,0.0,-2.2932098057651293e-05
BA,piata,2,131.35,0,0.0,0,2.2932098057651293e-05,0.0,0.0,9.098120657356097e-06,0.0,-2.2932098057651293e-05
BA,pindai,2,171.54,0,0.0,0,2.2932098057651293e-05,0.0,0.0,1.1881930853162275e-05,0.0,-2.2932098057651293e-05
BA,pintadas,2,520.5,0,0.0,0,2.2932098057651293e-05,0.0,0.0,3.6053078052180044e-05,0.0,-2.2932098057651293e-05
BA,piripa,2,110.84,0,0.0,0,2.2932098057651293e-05,0.0,0.0,7.67747006974762e-06,0.0,-2.2932098057651293e-05
BA,pocoes,2,399.2,0,0.0,0,2.2932098057651293e-05,0.0,0.0,2.7651083109376125e-05,0.0,-2.2932098057651293e-05
BA,rio do antonio,2,301.75,0,0.0,0,2.2932098057651293e-05,0.0,0.0,2.0901087996628873e-05,0.0,-2.2932098057651293e-05
BA,santa teresinha,2,338.1,0,0.0,0,2.2932098057651293e-05,0.0,0.0,2.341891582985989e-05,0.0,-2.2932098057651293e-05
BA,santana,2,164.94,0,0.0,0,2.2932098057651293e-05,0.0,0.0,1.1424773667486217e-05,0.0,-2.2932098057651293e-05
BA,sao felipe,2,827.01,0,0.0,0,2.2932098057651293e-05,0.0,0.0,5.728387335241771e-05,0.0,-2.2932098057651293e-05
BA,sao jose da vitoria,2,225.76000000000002,0,0.0,0,2.2932098057651293e-05,0.0,0.0,1.563754639973135e-05,0.0,-2.2932098057651293e-05
BA,sapeacu,2,303.47,0,0.0,0,2.2932098057651293e-05,0.0,0.0,2.1020225929865665e-05,0.0,-2.2932098057651293e-05
BA,saude,2,169.98000000000002,0,0.0,0,2.2932098057651293e-05,0.0,0.0,1.1773875518366118e-05,0.0,-2.2932098057651293e-05
BA,serra dourada,2,234.2,0,0.0,0,2.2932098057651293e-05,0.0,0.0,1.622215346747467e-05,0.0,-2.2932098057651293e-05
BA,sitio do quinto,2,131.65,0,0.0,0,2.2932098057651293e-05,0.0,0.0,9.118900529432282e-06,0.0,-2.2932098057651293e-05
BA,tapiramuta,2,1476.8999999999999,0,0.0,0,2.2932098057651293e-05,0.0,0.0,0.0001022993102310561,0.0,-2.2932098057651293e-05
BA,urandi,2,767.8100000000001,0,0.0,0,2.2932098057651293e-05,0.0,0.0,5.318331192938398e-05,0.0,-2.2932098057651293e-05
BA,urucuca,2,257.27,0,0.0,0,2.2932098057651293e-05,0.0,0.0,1.7820125630133255e-05,0.0,-2.2932098057651293e-05
BA,utinga,2,283.43,0,0.0,0,2.2932098057651293e-05,0.0,0.0,1.9632130475176542e-05,0.0,-2.2932098057651293e-05
BA,wanderley,2,333.11,0,0.0,0,2.2932098057651293e-05,0.0,0.0,2.307327729099269e-05,0.0,-2.2932098057651293e-05
CE,abaiara,2,332.15,0,0.0,0,2.2932098057651293e-05,0.0,0.0,2.3006781700348897e-05,0.0,-2.2932098057651293e-05
CE,altaneira,2,496.26,0,0.0,0,2.2932098057651293e-05,0.0,0.0,3.437406438842434e-05,0.0,-2.2932098057651293e-05
CE,alto santo,2,697.74,0,0.0,0,2.2932098057651293e-05,0.0,0.0,4.832982647478983e-05,0.0,-2.2932098057651293e-05
CE,aratuba,2,429.74,0,0.0,0,2.2932098057651293e-05,0.0,0.0,2.9766474086731704e-05,0.0,-2.2932098057651293e-05
CE,arneiroz,2,462.53,0,0.0,0,2.2932098057651293e-05,0.0,0.0,3.2037714104658664e-05,0.0,-2.2932098057651293e-05
CE,caririacu,2,519.14,0,0.0,0,2.2932098057651293e-05,0.0,0.0,3.595887596543467e-05,0.0,-2.2932098057651293e-05
CE,carnaubal,2,265.88,0,0.0,0,2.2932098057651293e-05,0.0,0.0,1.841650795871975e-05,0.0,-2.2932098057651293e-05
CE,deputado irapuan pinheiro,2,239.0,0,0.0,0,2.2932098057651293e-05,0.0,0.0,1.655463142069362e-05,0.0,-2.2932098057651293e-05
CE,frecheirinha,2,213.71,0,0.0,0,2.2932098057651293e-05,0.0,0.0,1.4802888204671272e-05,0.0,-2.2932098057651293e-05
CE,ipaporanga,2,453.81,0,0.0,0,2.2932098057651293e-05,0.0,0.0,3.143371248964424e-05,0.0,-2.2932098057651293e-05
CE,iracema,2,308.77,0,0.0,0,2.2932098057651293e-05,0.0,0.0,2.138733700321159e-05,0.0,-2.2932098057651293e-05
CE,iraucuba,2,244.13,0,0.0,0,2.2932098057651293e-05,0.0,0.0,1.6909967233196375e-05,0.0,-2.2932098057651293e-05
CE,jardim,2,473.44000000000005,0,0.0,0,2.2932098057651293e-05,0.0,0.0,3.2793408785829245e-05,0.0,-2.2932098057651293e-05
CE,lavras da mangabeira,2,986.46,0,0.0,0,2.2932098057651293e-05,0.0,0.0,6.832837536090975e-05,0.0,-2.2932098057651293e-05
CE,massape,2,182.79000000000002,0,0.0,0,2.2932098057651293e-05,0.0,0.0,1.2661176056019194e-05,0.0,-2.2932098057651293e-05
CE,meruoca,2,160.85,0,0.0,0,2.2932098057651293e-05,0.0,0.0,1.1141474744847569e-05,0.0,-2.2932098057651293e-05
CE,milagres,2,452.89,0,0.0,0,2.2932098057651293e-05,0.0,0.0,3.1369987548610606e-05,0.0,-2.2932098057651293e-05
CE,milha,2,288.29999999999995,0,0.0,0,2.2932098057651293e-05,0.0,0.0,1.9969457065213265e-05,0.0,-2.2932098057651293e-05
CE,miraima,2,291.3,0,0.0,0,2.2932098057651293e-05,0.0,0.0,2.0177255785975114e-05,0.0,-2.2932098057651293e-05
CE,ocara,2,162.69,0,0.0,0,2.2932098057651293e-05,0.0,0.0,1.1268924626914835e-05,0.0,-2.2932098057651293e-05
CE,oros,2,160.71,0,0.0,0,2.2932098057651293e-05,0.0,0.0,1.1131777471212017e-05,0.0,-2.2932098057651293e-05
CE,pacoti,2,222.29000000000002,0,0.0,0,2.2932098057651293e-05,0.0,0.0,1.539719254605015e-05,0.0,-2.2932098057651293e-05
CE,pedra branca,2,88.15,0,0.0,0,2.2932098057651293e-05,0.0,0.0,6.1058190783855355e-06,0.0,-2.2932098057651293e-05
CE,penaforte,2,559.03,0,0.0,0,2.2932098057651293e-05,0.0,0.0,3.8721906289164664e-05,0.0,-2.2932098057651293e-05
CE,pentecoste,2,299.21,0,0.0,0,2.2932098057651293e-05,0.0,0.0,2.0725151746383843e-05,0.0,-2.2932098057651293e-05
CE,pereiro,2,222.0,0,0.0,0,2.2932098057651293e-05,0.0,0.0,1.53771053363765e-05,0.0,-2.2932098057651293e-05
CE,quixelo,2,200.25,0,0.0,0,2.2932098057651293e-05,0.0,0.0,1.387056461085313e-05,0.0,-2.2932098057651293e-05
CE,quixere,2,837.1600000000001,0,0.0,0,2.2932098057651293e-05,0.0,0.0,5.798692569099529e-05,0.0,-2.2932098057651293e-05
CE,solonopole,2,785.74,0,0.0,0,2.2932098057651293e-05,0.0,0.0,5.442525561713727e-05,0.0,-2.2932098057651293e-05
CE,trairi,2,543.53,0,0.0,0,2.2932098057651293e-05,0.0,0.0,3.7648279565228466e-05,0.0,-2.2932098057651293e-05
CE,uruoca,2,295.57,0,0.0,0,2.2932098057651293e-05,0.0,0.0,2.0473022631859472e-05,0.0,-2.2932098057651293e-05
CE,varzea alegre,2,198.65,0,0.0,0,2.2932098057651293e-05,0.0,0.0,1.3759738626446813e-05,0.0,-2.2932098057651293e-05
ES,alto rio novo,2,327.23,0,0.0,0,2.2932098057651293e-05,0.0,0.0,2.2665991798299474e-05,0.0,-2.2932098057651293e-05
ES,braco do rio,2,138.93,0,0.0,0,2.2932098057651293e-05,0.0,0.0,9.623158758481026e-06,0.0,-2.2932098057651293e-05
ES,celina,2,208.23,0,0.0,0,2.2932098057651293e-05,0.0,0.0,1.4423309208079635e-05,0.0,-2.2932098057651293e-05
ES,governador lindenberg,2,136.28,0,0.0,0,2.2932098057651293e-05,0.0,0.0,9.439603221808063e-06,0.0,-2.2932098057651293e-05
ES,irupi,2,287.63,0,0.0,0,2.2932098057651293e-05,0.0,0.0,1.9923048684243125e-05,0.0,-2.2932098057651293e-05
ES,itaoca,2,497.2,0,0.0,0,2.2932098057651293e-05,0.0,0.0,3.443917465426305e-05,0.0,-2.2932098057651293e-05
ES,jacigua,2,175.11,0,0.0,0,2.2932098057651293e-05,0.0,0.0,1.2129211330868873e-05,0.0,-2.2932098057651293e-05
ES,jeronimo monteiro,2,321.11,0,0.0,0,2.2932098057651293e-05,0.0,0.0,2.224208240794531e-05,0.0,-2.2932098057651293e-05
ES,muniz freire,2,279.13,0,0.0,0,2.2932098057651293e-05,0.0,0.0,1.9334285642084565e-05,0.0,-2.2932098057651293e-05
ES,vila nelita,2,167.98000000000002,0,0.0,0,2.2932098057651293e-05,0.0,0.0,1.1635343037858222e-05,0.0,-2.2932098057651293e-05
GO,alto horizonte,2,285.15,0,0.0,0,2.2932098057651293e-05,0.0,0.0,1.975126840841333e-05,0.0,-2.2932098057651293e-05
GO,alvorada do norte,2,221.72,0,0.0,0,2.2932098057651293e-05,0.0,0.0,1.53577107891054e-05,0.0,-2.2932098057651293e-05
GO,araguapaz,2,160.89,0,0.0,0,2.2932098057651293e-05,0.0,0.0,1.1144245394457727e-05,0.0,-2.2932098057651293e-05
GO,bonfinopolis,2,512.6,0,0.0,0,2.2932098057651293e-05,0.0,0.0,3.5505874754173854e-05,0.0,-2.2932098057651293e-05
GO,brazabrantes,2,82.7,0,0.0,0,2.2932098057651293e-05,0.0,0.0,5.728318069001517e-06,0.0,-2.2932098057651293e-05
GO,cachoeira dourada,2,185.02,0,0.0,0,2.2932098057651293e-05,0.0,0.0,1.28156397717855e-05,0.0,-2.2932098057651293e-05
GO,campo alegre de goias,2,240.27,0,0.0,0,2.2932098057651293e-05,0.0,0.0,1.664259954581614e-05,0.0,-2.2932098057651293e-05
GO,carmo do rio verde,2,206.32,0,0.0,0,2.2932098057651293e-05,0.0,0.0,1.4291010689194595e-05,0.0,-2.2932098057651293e-05
GO,cavalcante,2,228.07,0,0.0,0,2.2932098057651293e-05,0.0,0.0,1.579755141471797e-05,0.0,-2.2932098057651293e-05
GO,corumba de goias,2,163.28,0,0.0,0,2.2932098057651293e-05,0.0,0.0,1.1309791708664664e-05,0.0,-2.2932098057651293e-05
GO,cumari,2,229.51,0,0.0,0,2.2932098057651293e-05,0.0,0.0,1.5897294800683655e-05,0.0,-2.2932098057651293e-05
GO,damianopolis,2,63.84,0,0.0,0,2.2932098057651293e-05,0.0,0.0,4.421956777812054e-06,0.0,-2.2932098057651293e-05
GO,domiciano ribeiro,2,149.38,0,0.0,0,2.2932098057651293e-05,0.0,0.0,1.0346990969134783e-05,0.0,-2.2932098057651293e-05
GO,doverlandia,2,311.87,0,0.0,0,2.2932098057651293e-05,0.0,0.0,2.1602062347998828e-05,0.0,-2.2932098057651293e-05
GO,hidrolina,2,218.96,0,0.0,0,2.2932098057651293e-05,0.0,0.0,1.51665359660045e-05,0.0,-2.2932098057651293e-05
GO,indiara,2,385.65000000000003,0,0.0,0,2.2932098057651293e-05,0.0,0.0,2.671252555393513e-05,0.0,-2.2932098057651293e-05
GO,itaguacu,2,114.10000000000001,0,0.0,0,2.2932098057651293e-05,0.0,0.0,7.903278012975492e-06,0.0,-2.2932098057651293e-05
GO,itaguaru,2,117.66,0,0.0,0,2.2932098057651293e-05,0.0,0.0,8.149865828279547e-06,0.0,-2.2932098057651293e-05
GO,itapirapua,2,495.34000000000003,0,0.0,0,2.2932098057651293e-05,0.0,0.0,3.431033944739071e-05,0.0,-2.2932098057651293e-05
GO,jesupolis,2,195.34,0,0.0,0,2.2932098057651293e-05,0.0,0.0,1.3530467371206243e-05,0.0,-2.2932098057651293e-05
GO,mambai,2,921.9,0,0.0,0,2.2932098057651293e-05,0.0,0.0,6.385654689011485e-05,0.0,-2.2932098057651293e-05
GO,matrincha,2,207.18,0,0.0,0,2.2932098057651293e-05,0.0,0.0,1.4350579655812991e-05,0.0,-2.2932098057651293e-05
GO,mundo novo,2,340.15,0,0.0,0,2.2932098057651293e-05,0.0,0.0,2.3560911622380484e-05,0.0,-2.2932098057651293e-05
GO,nazario,2,274.39,0,0.0,0,2.2932098057651293e-05,0.0,0.0,1.9005963663280848e-05,0.0,-2.2932098057651293e-05
GO,paranaiguara,2,230.37,0,0.0,0,2.2932098057651293e-05,0.0,0.0,1.595686376730205e-05,0.0,-2.2932098057651293e-05
GO,santa cruz de goias,2,779.6899999999999,0,0.0,0,2.2932098057651293e-05,0.0,0.0,5.400619486360088e-05,0.0,-2.2932098057651293e-05
GO,santa fe de goias,2,1670.36,0,0.0,0,2.2932098057651293e-05,0.0,0.0,0.00011569955707058492,0.0,-2.2932098057651293e-05
GO,simolandia,2,169.73,0,0.0,0,2.2932098057651293e-05,0.0,0.0,1.175655895830263e-05,0.0,-2.2932098057651293e-05
GO,turvania,2,117.35000000000001,0,0.0,0,2.2932098057651293e-05,0.0,0.0,8.128393293800824e-06,0.0,-2.2932098057651293e-05
GO,vianopolis,2,437.64,0,0.0,0,2.2932098057651293e-05,0.0,0.0,3.0313677384737894e-05,0.0,-2.2932098057651293e-05
GO,vicentinopolis,2,420.55,0,0.0,0,2.2932098057651293e-05,0.0,0.0,2.9129917338797922e-05,0.0,-2.2932098057651293e-05
MA,arari,2,828.79,0,0.0,0,2.2932098057651293e-05,0.0,0.0,5.7407167260069735e-05,0.0,-2.2932098057651293e-05
MA,bacuri,2,444.21,0,0.0,0,2.2932098057651293e-05,0.0,0.0,3.076875658320633e-05,0.0,-2.2932098057651293e-05
MA,boa vista do gurupi,2,154.75,0,0.0,0,2.2932098057651293e-05,0.0,0.0,1.0718950679298486e-05,0.0,-2.2932098057651293e-05
MA,bom jesus das selvas,2,301.41999999999996,0,0.0,0,2.2932098057651293e-05,0.0,0.0,2.0878230137345066e-05,0.0,-2.2932098057651293e-05
MA,campestre do maranhao,2,340.95000000000005,0,0.0,0,2.2932098057651293e-05,0.0,0.0,2.3616324614583646e-05,0.0,-2.2932098057651293e-05
MA,capinzal do norte,2,460.6,0,0.0,0,2.2932098057651293e-05,0.0,0.0,3.190403026096855e-05,0.0,-2.2932098057651293e-05
MA,carolina,2,500.69,0,0.0,0,2.2932098057651293e-05,0.0,0.0,3.4680913832749326e-05,0.0,-2.2932098057651293e-05
MA,carutapera,2,251.23000000000002,0,0.0,0,2.2932098057651293e-05,0.0,0.0,1.740175753899941e-05,0.0,-2.2932098057651293e-05
MA,coelho neto,2,418.6,0,0.0,0,2.2932098057651293e-05,0.0,0.0,2.8994848170302723e-05,0.0,-2.2932098057651293e-05
MA,joao lisboa,2,338.53,0,0.0,0,2.2932098057651293e-05,0.0,0.0,2.3448700313169085e-05,0.0,-2.2932098057651293e-05
MA,maioba,2,696.9499999999999,0,0.0,0,2.2932098057651293e-05,0.0,0.0,4.82751061449892e-05,0.0,-2.2932098057651293e-05
MA,mata roma,2,260.90999999999997,0,0.0,0,2.2932098057651293e-05,0.0,0.0,1.8072254744657625e-05,0.0,-2.2932098057651293e-05
MA,matoes do norte,2,772.28,0,0.0,0,2.2932098057651293e-05,0.0,0.0,5.349293202331912e-05,0.0,-2.2932098057651293e-05
MA,pastos bons,2,210.22,0,0.0,0,2.2932098057651293e-05,0.0,0.0,1.4561149026184993e-05,0.0,-2.2932098057651293e-05
MA,porto franco,2,349.14,0,0.0,0,2.2932098057651293e-05,0.0,0.0,2.4183615122263478e-05,0.0,-2.2932098057651293e-05
MA,santa helena,2,660.26,0,0.0,0,2.2932098057651293e-05,0.0,0.0,4.5733727790071844e-05,0.0,-2.2932098057651293e-05
MA,santa luzia,2,313.52,0,0.0,0,2.2932098057651293e-05,0.0,0.0,2.1716351644417842e-05,0.0,-2.2932098057651293e-05
MA,sao bento,2,661.03,0,0.0,0,2.2932098057651293e-05,0.0,0.0,4.5787062795067385e-05,0.0,-2.2932098057651293e-05
MA,satubinha,2,229.97000000000003,0,0.0,0,2.2932098057651293e-05,0.0,0.0,1.5929157271200474e-05,0.0,-2.2932098057651293e-05
MA,sucupira do norte,2,404.20000000000005,0,0.0,0,2.2932098057651293e-05,0.0,0.0,2.799741431064587e-05,0.0,-2.2932098057651293e-05
MA,tutoia,2,556.87,0,0.0,0,2.2932098057651293e-05,0.0,0.0,3.857229121021614e-05,0.0,-2.2932098057651293e-05
MA,vitorino freire,2,1626.18,0,0.0,0,2.2932098057651293e-05,0.0,0.0,0.00011263937457616551,0.0,-2.2932098057651293e-05
MG,acaiaca,2,207.9,0,0.0,0,2.2932098057651293e-05,0.0,0.0,1.4400451348795833e-05,0.0,-2.2932098057651293e-05
MG,agua comprida,2,140.65,0,0.0,0,2.2932098057651293e-05,0.0,0.0,9.742296691717817e-06,0.0,-2.2932098057651293e-05
MG,alpercata,2,260.77,0,0.0,0,2.2932098057651293e-05,0.0,0.0,1.8062557471022074e-05,0.0,-2.2932098057651293e-05
MG,alto caparao,2,522.0799999999999,0,0.0,0,2.2932098057651293e-05,0.0,0.0,3.6162518711781275e-05,0.0,-2.2932098057651293e-05
MG,alto jequitiba,2,183.74,0,0.0,0,2.2932098057651293e-05,0.0,0.0,1.2726978984260445e-05,0.0,-2.2932098057651293e-05
MG,alvarenga,2,245.10999999999999,0,0.0,0,2.2932098057651293e-05,0.0,0.0,1.6977848148645246e-05,0.0,-2.2932098057651293e-05
MG,antonio pereira,2,122.32,0,0.0,0,2.2932098057651293e-05,0.0,0.0,8.472646507862946e-06,0.0,-2.2932098057651293e-05
MG,aracitaba,2,156.74,0,0.0,0,2.2932098057651293e-05,0.0,0.0,1.0856790497403844e-05,0.0,-2.2932098057651293e-05
MG,araponga,2,305.13,0,0.0,0,2.2932098057651293e-05,0.0,0.0,2.113520788868722e-05,0.0,-2.2932098057651293e-05
MG,ataleia,2,200.69,0,0.0,0,2.2932098057651293e-05,0.0,0.0,1.3901041756564867e-05,0.0,-2.2932098057651293e-05
MG,baldim,2,699.0400000000001,0,0.0,0,2.2932098057651293e-05,0.0,0.0,4.841987258711996e-05,0.0,-2.2932098057651293e-05
MG,bandeira do sul,2,466.28999999999996,0,0.0,0,2.2932098057651293e-05,0.0,0.0,3.229815516801351e-05,0.0,-2.2932098057651293e-05
MG,bias fortes,2,108.47999999999999,0,0.0,0,2.2932098057651293e-05,0.0,0.0,7.514001742748301e-06,0.0,-2.2932098057651293e-05
MG,bonfim,2,239.14,0,0.0,0,2.2932098057651293e-05,0.0,0.0,1.6564328694329173e-05,0.0,-2.2932098057651293e-05
MG,bonfinopolis de minas,2,1433.75,0,0.0,0,2.2932098057651293e-05,0.0,0.0,9.931047196409825e-05,0.0,-2.2932098057651293e-05
MG,bras pires,2,108.02,0,0.0,0,2.2932098057651293e-05,0.0,0.0,7.482139272231486e-06,0.0,-2.2932098057651293e-05
MG,cabeceira grande,2,348.75,0,0.0,0,2.2932098057651293e-05,0.0,0.0,2.4156601288564438e-05,0.0,-2.2932098057651293e-05
MG,cachoeira da prata,2,214.43,0,0.0,0,2.2932098057651293e-05,0.0,0.0,1.4852759897654115e-05,0.0,-2.2932098057651293e-05
MG,cachoeira de pajeu,2,333.12,0,0.0,0,2.2932098057651293e-05,0.0,0.0,2.307396995339523e-05,0.0,-2.2932098057651293e-05
MG,cachoeira do campo,2,909.84,0,0.0,0,2.2932098057651293e-05,0.0,0.0,6.302119603265225e-05,0.0,-2.2932098057651293e-05
MG,campanario,2,313.28999999999996,0,0.0,0,2.2932098057651293e-05,0.0,0.0,2.1700420409159432e-05,0.0,-2.2932098057651293e-05
MG,cantagalo,2,314.4,0,0.0,0,2.2932098057651293e-05,0.0,0.0,2.1777305935841315e-05,0.0,-2.2932098057651293e-05
MG,capetinga,2,239.37,0,0.0,0,2.2932098057651293e-05,0.0,0.0,1.6580259929587583e-05,0.0,-2.2932098057651293e-05
MG,caputira,2,590.6600000000001,0,0.0,0,2.2932098057651293e-05,0.0,0.0,4.0912797468397054e-05,0.0,-2.2932098057651293e-05
MG,carlos chagas,2,157.37,0,0.0,0,2.2932098057651293e-05,0.0,0.0,1.090042822876383e-05,0.0,-2.2932098057651293e-05
MG,chacara,2,226.28,0,0.0,0,2.2932098057651293e-05,0.0,0.0,1.56735648446634e-05,0.0,-2.2932098057651293e-05
MG,chale,2,156.22,0,0.0,0,2.2932098057651293e-05,0.0,0.0,1.082077205247179e-05,0.0,-2.2932098057651293e-05
MG,chaveslandia,2,277.51,0,0.0,0,2.2932098057651293e-05,0.0,0.0,1.9222074332873166e-05,0.0,-2.2932098057651293e-05
MG,conceicao do para,2,399.14,0,0.0,0,2.2932098057651293e-05,0.0,0.0,2.764692713496089e-05,0.0,-2.2932098057651293e-05
MG,coroaci,2,374.99,0,0.0,0,2.2932098057651293e-05,0.0,0.0,2.597414743282804e-05,0.0,-2.2932098057651293e-05
MG,crisolita,2,134.24,0,0.0,0,2.2932098057651293e-05,0.0,0.0,9.298300091690009e-06,0.0,-2.2932098057651293e-05
MG,cruzeiro da fortaleza,2,144.29999999999998,0,0.0,0,2.2932098057651293e-05,0.0,0.0,9.995118468644725e-06,0.0,-2.2932098057651293e-05
MG,diogo de vasconcelos,2,244.70999999999998,0,0.0,0,2.2932098057651293e-05,0.0,0.0,1.6950141652543667e-05,0.0,-2.2932098057651293e-05
MG,dionisio,2,154.42000000000002,0,0.0,0,2.2932098057651293e-05,0.0,0.0,1.0696092820014684e-05,0.0,-2.2932098057651293e-05
MG,divisa alegre,2,232.35000000000002,0,0.0,0,2.2932098057651293e-05,0.0,0.0,1.609401092300487e-05,0.0,-2.2932098057651293e-05
MG,dom vicoso,2,313.8,0,0.0,0,2.2932098057651293e-05,0.0,0.0,2.1735746191688948e-05,0.0,-2.2932098057651293e-05
MG,dona euzebia,2,354.94000000000005,0,0.0,0,2.2932098057651293e-05,0.0,0.0,2.458535931573638e-05,0.0,-2.2932098057651293e-05
MG,durande,2,146.19,0,0.0,0,2.2932098057651293e-05,0.0,0.0,1.012603166272469e-05,0.0,-2.2932098057651293e-05
MG,estrela do indaia,2,147.5,0,0.0,0,2.2932098057651293e-05,0.0,0.0,1.0216770437457362e-05,0.0,-2.2932098057651293e-05
MG,ferros,2,147.36,0,0.0,0,2.2932098057651293e-05,0.0,0.0,1.0207073163821809e-05,0.0,-2.2932098057651293e-05
MG,florestal,2,231.32,0,0.0,0,2.2932098057651293e-05,0.0,0.0,1.60226666955433e-05,0.0,-2.2932098057651293e-05
MG,formoso,2,867.1,0,0.0,0,2.2932098057651293e-05,0.0,0.0,6.0060756924198495e-05,0.0,-2.2932098057651293e-05
MG,francisco dumont,2,141.87,0,0.0,0,2.2932098057651293e-05,0.0,0.0,9.826801504827633e-06,0.0,-2.2932098057651293e-05
MG,fruta de leite,2,212.16,0,0.0,0,2.2932098057651293e-05,0.0,0.0,1.4695525532277652e-05,0.0,-2.2932098057651293e-05
MG,goiabeira,2,302.27,0,0.0,0,2.2932098057651293e-05,0.0,0.0,2.0937106441560924e-05,0.0,-2.2932098057651293e-05
MG,guarara,2,546.5699999999999,0,0.0,0,2.2932098057651293e-05,0.0,0.0,3.785884893560047e-05,0.0,-2.2932098057651293e-05
MG,guarda-mor,2,123.10999999999999,0,0.0,0,2.2932098057651293e-05,0.0,0.0,8.527366837663563e-06,0.0,-2.2932098057651293e-05
MG,guidoval,2,400.11,0,0.0,0,2.2932098057651293e-05,0.0,0.0,2.771411538800722e-05,0.0,-2.2932098057651293e-05
MG,icarai de minas,2,313.03,0,0.0,0,2.2932098057651293e-05,0.0,0.0,2.1682411186693408e-05,0.0,-2.2932098057651293e-05
MG,imbe de minas,2,245.81,0,0.0,0,2.2932098057651293e-05,0.0,0.0,1.702633451682301e-05,0.0,-2.2932098057651293e-05
MG,inconfidentes,2,208.97,0,0.0,0,2.2932098057651293e-05,0.0,0.0,1.4474566225867558e-05,0.0,-2.2932098057651293e-05
MG,irai de minas,2,536.9399999999999,0,0.0,0,2.2932098057651293e-05,0.0,0.0,3.719181504195495e-05,0.0,-2.2932098057651293e-05
MG,itamogi,2,269.03,0,0.0,0,2.2932098057651293e-05,0.0,0.0,1.8634696615519685e-05,0.0,-2.2932098057651293e-05
MG,itatiaiucu,2,167.15,0,0.0,0,2.2932098057651293e-05,0.0,0.0,1.1577852058447444e-05,0.0,-2.2932098057651293e-05
MG,itueta,2,508.94000000000005,0,0.0,0,2.2932098057651293e-05,0.0,0.0,3.525236031484441e-05,0.0,-2.2932098057651293e-05
MG,jacinto,2,144.46,0,0.0,0,2.2932098057651293e-05,0.0,0.0,1.0006201067085359e-05,0.0,-2.2932098057651293e-05
MG,jequitai,2,243.3,0,0.0,0,2.2932098057651293e-05,0.0,0.0,1.6852476253785602e-05,0.0,-2.2932098057651293e-05
MG,jequitiba,2,703.86,0,0.0,0,2.2932098057651293e-05,0.0,0.0,4.875373586514399e-05,0.0,-2.2932098057651293e-05
MG,ladainha,2,210.20999999999998,0,0.0,0,2.2932098057651293e-05,0.0,0.0,1.4560456363782452e-05,0.0,-2.2932098057651293e-05
MG,leandro ferreira,2,248.1,0,0.0,0,2.2932098057651293e-05,0.0,0.0,1.7184954207004552e-05,0.0,-2.2932098057651293e-05
MG,limeira do oeste,2,502.43000000000006,0,0.0,0,2.2932098057651293e-05,0.0,0.0,3.48014370907912e-05,0.0,-2.2932098057651293e-05
MG,luisburgo,2,314.57,0,0.0,0,2.2932098057651293e-05,0.0,0.0,2.178908119668449e-05,0.0,-2.2932098057651293e-05
MG,luizlandia do oeste,2,265.31,0,0.0,0,2.2932098057651293e-05,0.0,0.0,1.8377026201775e-05,0.0,-2.2932098057651293e-05
MG,luz,2,200.53,0,0.0,0,2.2932098057651293e-05,0.0,0.0,1.3889959158124235e-05,0.0,-2.2932098057651293e-05
MG,machacalis,2,175.17,0,0.0,0,2.2932098057651293e-05,0.0,0.0,1.2133367305284108e-05,0.0,-2.2932098057651293e-05
MG,materlandia,2,116.65,0,0.0,0,2.2932098057651293e-05,0.0,0.0,8.07990692562306e-06,0.0,-2.2932098057651293e-05
MG,mato verde,2,552.64,0,0.0,0,2.2932098057651293e-05,0.0,0.0,3.8279295013941936e-05,0.0,-2.2932098057651293e-05
MG,medeiros,2,317.7,0,0.0,0,2.2932098057651293e-05,0.0,0.0,2.2005884528679346e-05,0.0,-2.2932098057651293e-05
MG,monte formoso,2,103.19,0,0.0,0,2.2932098057651293e-05,0.0,0.0,7.147583331804916e-06,0.0,-2.2932098057651293e-05
MG,montezuma,2,220.35,0,0.0,0,2.2932098057651293e-05,0.0,0.0,1.5262816039957488e-05,0.0,-2.2932098057651293e-05
MG,ouro verde de minas,2,114.19,0,0.0,0,2.2932098057651293e-05,0.0,0.0,7.909511974598346e-06,0.0,-2.2932098057651293e-05
MG,pains,2,406.77,0,0.0,0,2.2932098057651293e-05,0.0,0.0,2.817542854809851e-05,0.0,-2.2932098057651293e-05
MG,paiva,2,181.74,0,0.0,0,2.2932098057651293e-05,0.0,0.0,1.258844650375255e-05,0.0,-2.2932098057651293e-05
MG,patrocinio do muriae,2,134.38,0,0.0,0,2.2932098057651293e-05,0.0,0.0,9.30799736532556e-06,0.0,-2.2932098057651293e-05
MG,periquito,2,1588.1,0,0.0,0,2.2932098057651293e-05,0.0,0.0,0.00011000171614729514,0.0,-2.2932098057651293e-05
MG,perpetuo socorro,2,182.3,0,0.0,0,2.2932098057651293e-05,0.0,0.0,1.262723559829476e-05,0.0,-2.2932098057651293e-05
MG,piau,2,161.44,0,0.0,0,2.2932098057651293e-05,0.0,0.0,1.1182341826597398e-05,0.0,-2.2932098057651293e-05
MG,pirauba,2,307.69,0,0.0,0,2.2932098057651293e-05,0.0,0.0,2.1312529463737324e-05,0.0,-2.2932098057651293e-05
MG,planura,2,151.1,0,0.0,0,2.2932098057651293e-05,0.0,0.0,1.0466128902371574e-05,0.0,-2.2932098057651293e-05
MG,pocrane,2,98.19,0,0.0,0,2.2932098057651293e-05,0.0,0.0,6.801252130535175e-06,0.0,-2.2932098057651293e-05
MG,ponto dos volantes,2,74.3,0,0.0,0,2.2932098057651293e-05,0.0,0.0,5.146481650868352e-06,0.0,-2.2932098057651293e-05
MG,porto firme,2,188.5,0,0.0,0,2.2932098057651293e-05,0.0,0.0,1.3056686287869238e-05,0.0,-2.2932098057651293e-05
MG,pouso alto,2,249.29,0,0.0,0,2.2932098057651293e-05,0.0,0.0,1.726738103290675e-05,0.0,-2.2932098057651293e-05
MG,presidente kubitschek,2,156.06,0,0.0,0,2.2932098057651293e-05,0.0,0.0,1.0809689454031158e-05,0.0,-2.2932098057651293e-05
MG,resende costa,2,231.92000000000002,0,0.0,0,2.2932098057651293e-05,0.0,0.0,1.606422643969567e-05,0.0,-2.2932098057651293e-05
MG,riachinho,2,124.05000000000001,0,0.0,0,2.2932098057651293e-05,0.0,0.0,8.592477103502276e-06,0.0,-2.2932098057651293e-05
MG,riacho dos machados,2,331.25,0,0.0,0,2.2932098057651293e-05,0.0,0.0,2.2944442084120345e-05,0.0,-2.2932098057651293e-05
MG,rodeiro,2,482.21000000000004,0,0.0,0,2.2932098057651293e-05,0.0,0.0,3.340087371285637e-05,0.0,-2.2932098057651293e-05
MG,romaria,2,310.46,0,0.0,0,2.2932098057651293e-05,0.0,0.0,2.150439694924076e-05,0.0,-2.2932098057651293e-05
MG,santa cruz de salinas,2,261.72,0,0.0,0,2.2932098057651293e-05,0.0,0.0,1.8128360399263326e-05,0.0,-2.2932098057651293e-05
MG,santa cruz do prata,2,158.72,0,0.0,0,2.2932098057651293e-05,0.0,0.0,1.099393765310666e-05,0.0,-2.2932098057651293e-05
MG,santa helena de minas,2,303.63,0,0.0,0,2.2932098057651293e-05,0.0,0.0,2.1031308528306296e-05,0.0,-2.2932098057651293e-05
MG,santa margarida,2,400.35,0,0.0,0,2.2932098057651293e-05,0.0,0.0,2.773073928566817e-05,0.0,-2.2932098057651293e-05
MG,santa maria de itabira,2,379.67,0,0.0,0,2.2932098057651293e-05,0.0,0.0,2.6298313437216517e-05,0.0,-2.2932098057651293e-05
MG,santa maria do suacui,2,517.75,0,0.0,0,2.2932098057651293e-05,0.0,0.0,3.586259589148168e-05,0.0,-2.2932098057651293e-05
MG,santa rita do ibitipoca,2,216.81,0,0.0,0,2.2932098057651293e-05,0.0,0.0,1.5017613549458512e-05,0.0,-2.2932098057651293e-05
MG,santana dos montes,2,296.46,0,0.0,0,2.2932098057651293e-05,0.0,0.0,2.0534669585685485e-05,0.0,-2.2932098057651293e-05
MG,santo antonio do grama,2,275.36,0,0.0,0,2.2932098057651293e-05,0.0,0.0,1.907315191632718e-05,0.0,-2.2932098057651293e-05
MG,santo antonio do itambe,2,145.65,0,0.0,0,2.2932098057651293e-05,0.0,0.0,1.0088627892987557e-05,0.0,-2.2932098057651293e-05
MG,sao bras do suacui,2,129.71,0,0.0,0,2.2932098057651293e-05,0.0,0.0,8.984524023339623e-06,0.0,-2.2932098057651293e-05
MG,sao francisco de paula,2,115.41999999999999,0,0.0,0,2.2932098057651293e-05,0.0,0.0,7.994709450110702e-06,0.0,-2.2932098057651293e-05
MG,sao goncalo do abaete,2,216.48000000000002,0,0.0,0,2.2932098057651293e-05,0.0,0.0,1.499475569017471e-05,0.0,-2.2932098057651293e-05
MG,sao joao da mata,2,228.39,0,0.0,0,2.2932098057651293e-05,0.0,0.0,1.5819716611599232e-05,0.0,-2.2932098057651293e-05
MG,sao joao do manhuacu,2,199.26000000000002,0,0.0,0,2.2932098057651293e-05,0.0,0.0,1.3801991033001721e-05,0.0,-2.2932098057651293e-05
MG,sao joao do manteninha,2,490.92999999999995,0,0.0,0,2.2932098057651293e-05,0.0,0.0,3.400487532787079e-05,0.0,-2.2932098057651293e-05
MG,sao joao do oriente,2,318.11,0,0.0,0,2.2932098057651293e-05,0.0,0.0,2.2034283687183468e-05,0.0,-2.2932098057651293e-05
MG,sao jose do goiabal,2,247.67000000000002,0,0.0,0,2.2932098057651293e-05,0.0,0.0,1.7155169723695355e-05,0.0,-2.2932098057651293e-05
MG,sao roque de minas,2,210.54,0,0.0,0,2.2932098057651293e-05,0.0,0.0,1.4583314223066255e-05,0.0,-2.2932098057651293e-05
MG,sao thome das letras,2,85.5,0,0.0,0,2.2932098057651293e-05,0.0,0.0,5.922263541712572e-06,0.0,-2.2932098057651293e-05
MG,senador modestino goncalves,2,153.17000000000002,0,0.0,0,2.2932098057651293e-05,0.0,0.0,1.060951001969725e-05,0.0,-2.2932098057651293e-05
MG,senhora de oliveira,2,169.94,0,0.0,0,2.2932098057651293e-05,0.0,0.0,1.1771104868755958e-05,0.0,-2.2932098057651293e-05
MG,sericita,2,253.62,0,0.0,0,2.2932098057651293e-05,0.0,0.0,1.7567303853206346e-05,0.0,-2.2932098057651293e-05
MG,serra azul de minas,2,388.01,0,0.0,0,2.2932098057651293e-05,0.0,0.0,2.6875993880934444e-05,0.0,-2.2932098057651293e-05
MG,silvianopolis,2,186.76000000000002,0,0.0,0,2.2932098057651293e-05,0.0,0.0,1.293616302982737e-05,0.0,-2.2932098057651293e-05
MG,taquaracu de minas,2,392.66,0,0.0,0,2.2932098057651293e-05,0.0,0.0,2.7198081898115306e-05,0.0,-2.2932098057651293e-05
MG,turvolandia,2,176.08999999999997,0,0.0,0,2.2932098057651293e-05,0.0,0.0,1.2197092246317739e-05,0.0,-2.2932098057651293e-05
MG,varjao de minas,2,131.9,0,0.0,0,2.2932098057651293e-05,0.0,0.0,9.136217089495769e-06,0.0,-2.2932098057651293e-05
MG,varzelandia,2,131.44,0,0.0,0,2.2932098057651293e-05,0.0,0.0,9.104354618978953e-06,0.0,-2.2932098057651293e-05
MG,virgolandia,2,413.44000000000005,0,0.0,0,2.2932098057651293e-05,0.0,0.0,2.8637434370592352e-05,0.0,-2.2932098057651293e-05
MS,agua clara,2,259.16999999999996,0,0.0,0,2.2932098057651293e-05,0.0,0.0,1.7951731486615754e-05,0.0,-2.2932098057651293e-05
MS,anastacio,2,153.35,0,0.0,0,2.2932098057651293e-05,0.0,0.0,1.0621977942942959e-05,0.0,-2.2932098057651293e-05
MS,bataypora,2,292.02,0,0.0,0,2.2932098057651293e-05,0.0,0.0,2.0227127478957957e-05,0.0,-2.2932098057651293e-05
MS,deodapolis,2,111.21000000000001,0,0.0,0,2.2932098057651293e-05,0.0,0.0,7.703098578641581e-06,0.0,-2.2932098057651293e-05
MS,jaraguari,2,110.52,0,0.0,0,2.2932098057651293e-05,0.0,0.0,7.655304872866356e-06,0.0,-2.2932098057651293e-05
MS,jardim,2,238.32,0,0.0,0,2.2932098057651293e-05,0.0,0.0,1.6507530377320936e-05,0.0,-2.2932098057651293e-05
MT,arenapolis,2,396.46000000000004,0,0.0,0,2.2932098057651293e-05,0.0,0.0,2.746129361108031e-05,0.0,-2.2932098057651293e-05
MT,campinapolis,2,387.09000000000003,0,0.0,0,2.2932098057651293e-05,0.0,0.0,2.6812268939900816e-05,0.0,-2.2932098057651293e-05
MT,carlinda,2,245.67000000000002,0,0.0,0,2.2932098057651293e-05,0.0,0.0,1.701663724318746e-05,0.0,-2.2932098057651293e-05
MT,cotriguacu,2,220.48000000000002,0,0.0,0,2.2932098057651293e-05,0.0,0.0,1.5271820651190503e-05,0.0,-2.2932098057651293e-05
MT,figueiropolis d'oeste,2,114.42,0,0.0,0,2.2932098057651293e-05,0.0,0.0,7.925443209856754e-06,0.0,-2.2932098057651293e-05
MT,gaucha do norte,2,214.94,0,0.0,0,2.2932098057651293e-05,0.0,0.0,1.4888085680183628e-05,0.0,-2.2932098057651293e-05
MT,juscimeira,2,167.0,0,0.0,0,2.2932098057651293e-05,0.0,0.0,1.1567462122409351e-05,0.0,-2.2932098057651293e-05
MT,nova olimpia,2,272.03999999999996,0,0.0,0,2.2932098057651293e-05,0.0,0.0,1.884318799868407e-05,0.0,-2.2932098057651293e-05
MT,paranatinga,2,2574.3199999999997,0,0.0,0,2.2932098057651293e-05,0.0,0.0,0.00017831346761054394,0.0,-2.2932098057651293e-05
MT,peixoto de azevedo,2,304.15999999999997,0,0.0,0,2.2932098057651293e-05,0.0,0.0,2.1068019635640887e-05,0.0,-2.2932098057651293e-05
MT,poxoreu,2,172.59,0,0.0,0,2.2932098057651293e-05,0.0,0.0,1.1954660405428922e-05,0.0,-2.2932098057651293e-05
MT,reserva do cabacal,2,440.88,0,0.0,0,2.2932098057651293e-05,0.0,0.0,3.0538100003160685e-05,0.0,-2.2932098057651293e-05
MT,ribeiraozinho,2,358.01,0,0.0,0,2.2932098057651293e-05,0.0,0.0,2.4798006673316e-05,0.0,-2.2932098057651293e-05
MT,salto do ceu,2,175.61,0,0.0,0,2.2932098057651293e-05,0.0,0.0,1.2163844450995846e-05,0.0,-2.2932098057651293e-05
MT,sao jose do rio claro,2,351.04999999999995,0,0.0,0,2.2932098057651293e-05,0.0,0.0,2.4315913641148516e-05,0.0,-2.2932098057651293e-05
MT,sao jose dos quatro marcos,2,312.23,0,0.0,0,2.2932098057651293e-05,0.0,0.0,2.162699819449025e-05,0.0,-2.2932098057651293e-05
MT,tabapora,2,286.07000000000005,0,0.0,0,2.2932098057651293e-05,0.0,0.0,1.981499334944697e-05,0.0,-2.2932098057651293e-05
PA,benevides,2,343.03000000000003,0,0.0,0,2.2932098057651293e-05,0.0,0.0,2.3760398394311857e-05,0.0,-2.2932098057651293e-05
PA,bom jesus do tocantins,2,506.46,0,0.0,0,2.2932098057651293e-05,0.0,0.0,3.508058003901461e-05,0.0,-2.2932098057651293e-05
PA,bonito,2,357.6,0,0.0,0,2.2932098057651293e-05,0.0,0.0,2.4769607514811884e-05,0.0,-2.2932098057651293e-05
PA,curuca,2,604.45,0,0.0,0,2.2932098057651293e-05,0.0,0.0,4.1867978921499e-05,0.0,-2.2932098057651293e-05
PA,ipixuna do para,2,242.99,0,0.0,0,2.2932098057651293e-05,0.0,0.0,1.6831003719306877e-05,0.0,-2.2932098057651293e-05
PA,mae do rio,2,203.61,0,0.0,0,2.2932098057651293e-05,0.0,0.0,1.4103299178106397e-05,0.0,-2.2932098057651293e-05
PA,mojui dos campos,2,180.87,0,0.0,0,2.2932098057651293e-05,0.0,0.0,1.2528184874731613e-05,0.0,-2.2932098057651293e-05
PA,novo repartimento,2,260.16,0,0.0,0,2.2932098057651293e-05,0.0,0.0,1.8020305064467167e-05,0.0,-2.2932098057651293e-05
PA,oeiras do para,2,247.45999999999998,0,0.0,0,2.2932098057651293e-05,0.0,0.0,1.7140623813242024e-05,0.0,-2.2932098057651293e-05
PA,placas,2,318.58000000000004,0,0.0,0,2.2932098057651293e-05,0.0,0.0,2.2066838820102823e-05,0.0,-2.2932098057651293e-05
PA,porto trombetas,2,300.28999999999996,0,0.0,0,2.2932098057651293e-05,0.0,0.0,2.0799959285858107e-05,0.0,-2.2932098057651293e-05
PA,santa maria do para,2,164.89,0,0.0,0,2.2932098057651293e-05,0.0,0.0,1.142131035547352e-05,0.0,-2.2932098057651293e-05
PA,santana do araguaia,2,481.59,0,0.0,0,2.2932098057651293e-05,0.0,0.0,3.335792864389892e-05,0.0,-2.2932098057651293e-05
PA,sao joao de pirabas,2,305.33000000000004,0,0.0,0,2.2932098057651293e-05,0.0,0.0,2.114906113673801e-05,0.0,-2.2932098057651293e-05
PA,sao sebastiao da boa vista,2,264.6,0,0.0,0,2.2932098057651293e-05,0.0,0.0,1.83278471711947e-05,0.0,-2.2932098057651293e-05
PA,vigia,2,236.75,0,0.0,0,2.2932098057651293e-05,0.0,0.0,1.6398782380122237e-05,0.0,-2.2932098057651293e-05
PB,alagoinha,2,339.52000000000004,0,0.0,0,2.2932098057651293e-05,0.0,0.0,2.35172738910205e-05,0.0,-2.2932098057651293e-05
PB,alhandra,2,1307.91,0,0.0,0,2.2932098057651293e-05,0.0,0.0,9.059400829054141e-05,0.0,-2.2932098057651293e-05
PB,areia,2,233.46,0,0.0,0,2.2932098057651293e-05,0.0,0.0,1.617089644968675e-05,0.0,-2.2932098057651293e-05
PB,conceicao,2,175.24,0,0.0,0,2.2932098057651293e-05,0.0,0.0,1.2138215942101885e-05,0.0,-2.2932098057651293e-05
PB,cubati,2,187.59,0,0.0,0,2.2932098057651293e-05,0.0,0.0,1.2993654009238146e-05,0.0,-2.2932098057651293e-05
PB,frei martinho,2,393.21000000000004,0,0.0,0,2.2932098057651293e-05,0.0,0.0,2.723617833025498e-05,0.0,-2.2932098057651293e-05
PB,itaporanga,2,349.91999999999996,0,0.0,0,2.2932098057651293e-05,0.0,0.0,2.4237642789661554e-05,0.0,-2.2932098057651293e-05
PB,junco do serido,2,318.42,0,0.0,0,2.2932098057651293e-05,0.0,0.0,2.205575622166219e-05,0.0,-2.2932098057651293e-05
PB,mari,2,142.45,0,0.0,0,2.2932098057651293e-05,0.0,0.0,9.866975924174922e-06,0.0,-2.2932098057651293e-05
PB,pedras de fogo,2,204.63,0,0.0,0,2.2932098057651293e-05,0.0,0.0,1.4173950743165422e-05,0.0,-2.2932098057651293e-05
PB,sape,2,2042.83,0,0.0,0,2.2932098057651293e-05,0.0,0.0,0.00014149915357797302,0.0,-2.2932098057651293e-05
PB,soledade,2,468.69,0,0.0,0,2.2932098057651293e-05,0.0,0.0,3.2464394144622985e-05,0.0,-2.2932098057651293e-05
PE,amaraji,2,521.89,0,0.0,0,2.2932098057651293e-05,0.0,0.0,3.614935812613303e-05,0.0,-2.2932098057651293e-05
PE,aracoiaba,2,120.71,0,0.0,0,2.2932098057651293e-05,0.0,0.0,8.361127861054088e-06,0.0,-2.2932098057651293e-05
PE,barra de guabiraba,2,565.8,0,0.0,0,2.2932098057651293e-05,0.0,0.0,3.9190838735683895e-05,0.0,-2.2932098057651293e-05
PE,belem do sao francisco,2,771.02,0,0.0,0,2.2932098057651293e-05,0.0,0.0,5.340565656059915e-05,0.0,-2.2932098057651293e-05
PE,bodoco,2,269.03000000000003,0,0.0,0,2.2932098057651293e-05,0.0,0.0,1.863469661551969e-05,0.0,-2.2932098057651293e-05
PE,buenos aires,2,311.83,0,0.0,0,2.2932098057651293e-05,0.0,0.0,2.159929169838867e-05,0.0,-2.2932098057651293e-05
PE,camocim de sao felix,2,420.26,0,0.0,0,2.2932098057651293e-05,0.0,0.0,2.9109830129124273e-05,0.0,-2.2932098057651293e-05
PE,canhotinho,2,430.49,0,0.0,0,2.2932098057651293e-05,0.0,0.0,2.9818423766922165e-05,0.0,-2.2932098057651293e-05
PE,caraiba,2,487.15,0,0.0,0,2.2932098057651293e-05,0.0,0.0,3.374304893971087e-05,0.0,-2.2932098057651293e-05
PE,cortes,2,305.32000000000005,0,0.0,0,2.2932098057651293e-05,0.0,0.0,2.114836847433547e-05,0.0,-2.2932098057651293e-05
PE,dormentes,2,1067.73,0,0.0,0,2.2932098057651293e-05,0.0,0.0,7.395764270634813e-05,0.0,-2.2932098057651293e-05
PE,gloria do goita,2,587.92,0,0.0,0,2.2932098057651293e-05,0.0,0.0,4.072300797010123e-05,0.0,-2.2932098057651293e-05
PE,iati,2,428.38,0,0.0,0,2.2932098057651293e-05,0.0,0.0,2.9672271999986333e-05,0.0,-2.2932098057651293e-05
PE,inaja,2,432.33,0,0.0,0,2.2932098057651293e-05,0.0,0.0,2.9945873648989428e-05,0.0,-2.2932098057651293e-05
PE,itambe,2,141.69,0,0.0,0,2.2932098057651293e-05,0.0,0.0,9.814333581581923e-06,0.0,-2.2932098057651293e-05
PE,itapetim,2,371.99,0,0.0,0,2.2932098057651293e-05,0.0,0.0,2.5766348712066195e-05,0.0,-2.2932098057651293e-05
PE,itaquitinga,2,127.78999999999999,0,0.0,0,2.2932098057651293e-05,0.0,0.0,8.851532842052042e-06,0.0,-2.2932098057651293e-05
PE,jatauba,2,212.12,0,0.0,0,2.2932098057651293e-05,0.0,0.0,1.4692754882667495e-05,0.0,-2.2932098057651293e-05
PE,jatoba,2,523.25,0,0.0,0,2.2932098057651293e-05,0.0,0.0,3.6243560212878404e-05,0.0,-2.2932098057651293e-05
PE,jupi,2,666.86,0,0.0,0,2.2932098057651293e-05,0.0,0.0,4.6190884975747906e-05,0.0,-2.2932098057651293e-05
PE,lagoa do carro,2,880.78,0,0.0,0,2.2932098057651293e-05,0.0,0.0,6.10083190908725e-05,0.0,-2.2932098057651293e-05
PE,lagoa do ouro,2,373.35,0,0.0,0,2.2932098057651293e-05,0.0,0.0,2.5860550798811566e-05,0.0,-2.2932098057651293e-05
PE,macaparana,2,208.71,0,0.0,0,2.2932098057651293e-05,0.0,0.0,1.4456557003401532e-05,0.0,-2.2932098057651293e-05
PE,moreilandia,2,295.12,0,0.0,0,2.2932098057651293e-05,0.0,0.0,2.0441852823745196e-05,0.0,-2.2932098057651293e-05
PE,panelas,2,210.48999999999998,0,0.0,0,2.2932098057651293e-05,0.0,0.0,1.4579850911053558e-05,0.0,-2.2932098057651293e-05
PE,paudalho,2,950.1400000000001,0,0.0,0,2.2932098057651293e-05,0.0,0.0,6.581262551488636e-05,0.0,-2.2932098057651293e-05
PE,riacho das almas,2,268.77,0,0.0,0,2.2932098057651293e-05,0.0,0.0,1.861668739305366e-05,0.0,-2.2932098057651293e-05
PE,rio formoso,2,268.93,0,0.0,0,2.2932098057651293e-05,0.0,0.0,1.8627769991494294e-05,0.0,-2.2932098057651293e-05
PE,santa cruz,2,362.46000000000004,0,0.0,0,2.2932098057651293e-05,0.0,0.0,2.510624144244607e-05,0.0,-2.2932098057651293e-05
PE,santa maria da boa vista,2,488.57000000000005,0,0.0,0,2.2932098057651293e-05,0.0,0.0,3.384140700087148e-05,0.0,-2.2932098057651293e-05
PE,sao jose do belmonte,2,299.84000000000003,0,0.0,0,2.2932098057651293e-05,0.0,0.0,2.0768789477743835e-05,0.0,-2.2932098057651293e-05
PE,serrita,2,483.72,0,0.0,0,2.2932098057651293e-05,0.0,0.0,3.350546573563983e-05,0.0,-2.2932098057651293e-05
PE,tacaratu,2,263.65,0,0.0,0,2.2932098057651293e-05,0.0,0.0,1.8262044242953443e-05,0.0,-2.2932098057651293e-05
PE,venturosa,2,1297.06,0,0.0,0,2.2932098057651293e-05,0.0,0.0,8.984246958378607e-05,0.0,-2.2932098057651293e-05
PI,agua branca,2,213.41,0,0.0,0,2.2932098057651293e-05,0.0,0.0,1.4782108332595087e-05,0.0,-2.2932098057651293e-05
PI,avelino lopes,2,142.72,0,0.0,0,2.2932098057651293e-05,0.0,0.0,9.885677809043489e-06,0.0,-2.2932098057651293e-05
PI,bom jesus,2,870.96,0,0.0,0,2.2932098057651293e-05,0.0,0.0,6.0328124611578735e-05,0.0,-2.2932098057651293e-05
PI,castelo do piaui,2,577.67,0,0.0,0,2.2932098057651293e-05,0.0,0.0,4.001302900749826e-05,0.0,-2.2932098057651293e-05
PI,piracuruca,2,347.44,0,0.0,0,2.2932098057651293e-05,0.0,0.0,2.4065862513831767e-05,0.0,-2.2932098057651293e-05
PI,sao miguel do tapuio,2,524.54,0,0.0,0,2.2932098057651293e-05,0.0,0.0,3.633291366280599e-05,0.0,-2.2932098057651293e-05
PR,altamira do parana,2,307.11,0,0.0,0,2.2932098057651293e-05,0.0,0.0,2.1272355044390036e-05,0.0,-2.2932098057651293e-05
PR,alto alegre,2,200.69,0,0.0,0,2.2932098057651293e-05,0.0,0.0,1.3901041756564867e-05,0.0,-2.2932098057651293e-05
PR,alto parana,2,451.84,0,0.0,0,2.2932098057651293e-05,0.0,0.0,3.1297257996343956e-05,0.0,-2.2932098057651293e-05
PR,amapora,2,180.65,0,0.0,0,2.2932098057651293e-05,0.0,0.0,1.2512946301875745e-05,0.0,-2.2932098057651293e-05
PR,barbosa ferraz,2,562.5699999999999,0,0.0,0,2.2932098057651293e-05,0.0,0.0,3.896710877966364e-05,0.0,-2.2932098057651293e-05
PR,bocaiuva do sul,2,72.7,0,0.0,0,2.2932098057651293e-05,0.0,0.0,5.035655666462035e-06,0.0,-2.2932098057651293e-05
PR,cafeara,2,309.82,0,0.0,0,2.2932098057651293e-05,0.0,0.0,2.1460066555478235e-05,0.0,-2.2932098057651293e-05
PR,california,2,133.95,0,0.0,0,2.2932098057651293e-05,0.0,0.0,9.278212882016362e-06,0.0,-2.2932098057651293e-05
PR,cambira,2,519.35,0,0.0,0,2.2932098057651293e-05,0.0,0.0,3.5973421875888006e-05,0.0,-2.2932098057651293e-05
PR,campina da lagoa,2,593.8199999999999,0,0.0,0,2.2932098057651293e-05,0.0,0.0,4.113167878759952e-05,0.0,-2.2932098057651293e-05
PR,cantagalo,2,153.84,0,0.0,0,2.2932098057651293e-05,0.0,0.0,1.0655918400667392e-05,0.0,-2.2932098057651293e-05
PR,colonia jordaozinho,2,1071.03,0,0.0,0,2.2932098057651293e-05,0.0,0.0,7.418622129918615e-05,0.0,-2.2932098057651293e-05
PR,congonhinhas,2,338.86,0,0.0,0,2.2932098057651293e-05,0.0,0.0,2.3471558172452892e-05,0.0,-2.2932098057651293e-05
PR,curiuva,2,211.76999999999998,0,0.0,0,2.2932098057651293e-05,0.0,0.0,1.4668511698578611e-05,0.0,-2.2932098057651293e-05
PR,espigao alto do iguacu,2,209.32,0,0.0,0,2.2932098057651293e-05,0.0,0.0,1.4498809409956439e-05,0.0,-2.2932098057651293e-05
PR,flor da serra do sul,2,232.06,0,0.0,0,2.2932098057651293e-05,0.0,0.0,1.607392371333122e-05,0.0,-2.2932098057651293e-05
PR,florai,2,422.95,0,0.0,0,2.2932098057651293e-05,0.0,0.0,2.9296156315407394e-05,0.0,-2.2932098057651293e-05
PR,florestopolis,2,296.47,0,0.0,0,2.2932098057651293e-05,0.0,0.0,2.0535362248088028e-05,0.0,-2.2932098057651293e-05
PR,grandes rios,2,157.75,0,0.0,0,2.2932098057651293e-05,0.0,0.0,1.092674940006033e-05,0.0,-2.2932098057651293e-05
PR,guaraci,2,701.96,0,0.0,0,2.2932098057651293e-05,0.0,0.0,4.8622130008661486e-05,0.0,-2.2932098057651293e-05
PR,imbau,2,154.87,0,0.0,0,2.2932098057651293e-05,0.0,0.0,1.072726262812896e-05,0.0,-2.2932098057651293e-05
PR,inaja,2,90.3,0,0.0,0,2.2932098057651293e-05,0.0,0.0,6.254741494931523e-06,0.0,-2.2932098057651293e-05
PR,ipora,2,254.26,0,0.0,0,2.2932098057651293e-05,0.0,0.0,1.761163424696887e-05,0.0,-2.2932098057651293e-05
PR,itaguaje,2,168.96,0,0.0,0,2.2932098057651293e-05,0.0,0.0,1.1703223953307091e-05,0.0,-2.2932098057651293e-05
PR,itambaraca,2,326.27,0,0.0,0,2.2932098057651293e-05,0.0,0.0,2.2599496207655682e-05,0.0,-2.2932098057651293e-05
PR,ivai,2,645.77,0,0.0,0,2.2932098057651293e-05,0.0,0.0,4.473005996879213e-05,0.0,-2.2932098057651293e-05
PR,ivate,2,158.01,0,0.0,0,2.2932098057651293e-05,0.0,0.0,1.0944758622526355e-05,0.0,-2.2932098057651293e-05
PR,jaboti,2,196.96,0,0.0,0,2.2932098057651293e-05,0.0,0.0,1.364267868041764e-05,0.0,-2.2932098057651293e-05
PR,jardim alegre,2,161.44,0,0.0,0,2.2932098057651293e-05,0.0,0.0,1.1182341826597398e-05,0.0,-2.2932098057651293e-05
PR,juranda,2,69.94,0,0.0,0,2.2932098057651293e-05,0.0,0.0,4.844480843361138e-06,0.0,-2.2932098057651293e-05
PR,kalore,2,563.96,0,0.0,0,2.2932098057651293e-05,0.0,0.0,3.906338885361663e-05,0.0,-2.2932098057651293e-05
PR,lindoeste,2,198.25,0,0.0,0,2.2932098057651293e-05,0.0,0.0,1.3732032130345232e-05,0.0,-2.2932098057651293e-05
PR,luiziana,2,186.57,0,0.0,0,2.2932098057651293e-05,0.0,0.0,1.2923002444179118e-05,0.0,-2.2932098057651293e-05
PR,lunardelli,2,250.08,0,0.0,0,2.2932098057651293e-05,0.0,0.0,1.732210136270737e-05,0.0,-2.2932098057651293e-05
PR,lupionopolis,2,248.77,0,0.0,0,2.2932098057651293e-05,0.0,0.0,1.72313625879747e-05,0.0,-2.2932098057651293e-05
PR,matelandia,2,87.6,0,0.0,0,2.2932098057651293e-05,0.0,0.0,6.067722646245863e-06,0.0,-2.2932098057651293e-05
PR,maua da serra,2,167.12,0,0.0,0,2.2932098057651293e-05,0.0,0.0,1.1575774071239825e-05,0.0,-2.2932098057651293e-05
PR,mercedes,2,266.38,0,0.0,0,2.2932098057651293e-05,0.0,0.0,1.8451141078846725e-05,0.0,-2.2932098057651293e-05
PR,nossa senhora das gracas,2,80.75,0,0.0,0,2.2932098057651293e-05,0.0,0.0,5.593248900506318e-06,0.0,-2.2932098057651293e-05
PR,nova aurora,2,219.38,0,0.0,0,2.2932098057651293e-05,0.0,0.0,1.5195627786911158e-05,0.0,-2.2932098057651293e-05
PR,nova cantu,2,234.31,0,0.0,0,2.2932098057651293e-05,0.0,0.0,1.6229772753902605e-05,0.0,-2.2932098057651293e-05
PR,palmeirinha,2,93.8,0,0.0,0,2.2932098057651293e-05,0.0,0.0,6.497173335820342e-06,0.0,-2.2932098057651293e-05
PR,paraiso do norte,2,269.21000000000004,0,0.0,0,2.2932098057651293e-05,0.0,0.0,1.86471645387654e-05,0.0,-2.2932098057651293e-05
PR,pato bragado,2,124.83,0,0.0,0,2.2932098057651293e-05,0.0,0.0,8.646504770900356e-06,0.0,-2.2932098057651293e-05
PR,perola,2,313.31,0,0.0,0,2.2932098057651293e-05,0.0,0.0,2.1701805733964515e-05,0.0,-2.2932098057651293e-05
PR,perola d'oeste,2,672.75,0,0.0,0,2.2932098057651293e-05,0.0,0.0,4.659886313084366e-05,0.0,-2.2932098057651293e-05
PR,porto amazonas,2,93.21,0,0.0,0,2.2932098057651293e-05,0.0,0.0,6.4563062540705125e-06,0.0,-2.2932098057651293e-05
PR,quitandinha,2,405.09,0,0.0,0,2.2932098057651293e-05,0.0,0.0,2.805906126447188e-05,0.0,-2.2932098057651293e-05
PR,roncador,2,191.73,0,0.0,0,2.2932098057651293e-05,0.0,0.0,1.328041624388949e-05,0.0,-2.2932098057651293e-05
PR,rondon,2,318.86,0,0.0,0,2.2932098057651293e-05,0.0,0.0,2.2086233367373926e-05,0.0,-2.2932098057651293e-05
PR,santa isabel do ivai,2,97.75,0,0.0,0,2.2932098057651293e-05,0.0,0.0,6.7707749848234375e-06,0.0,-2.2932098057651293e-05
PR,santa izabel do oeste,2,356.35,0,0.0,0,2.2932098057651293e-05,0.0,0.0,2.4683024714494446e-05,0.0,-2.2932098057651293e-05
PR,sao joao do ivai,2,229.56,0,0.0,0,2.2932098057651293e-05,0.0,0.0,1.590075811269635e-05,0.0,-2.2932098057651293e-05
PR,sao joao do triunfo,2,201.82,0,0.0,0,2.2932098057651293e-05,0.0,0.0,1.3979312608051827e-05,0.0,-2.2932098057651293e-05
PR,sao tome,2,271.55,0,0.0,0,2.2932098057651293e-05,0.0,0.0,1.8809247540959636e-05,0.0,-2.2932098057651293e-05
PR,serranopolis do iguacu,2,305.73,0,0.0,0,2.2932098057651293e-05,0.0,0.0,2.117676763283959e-05,0.0,-2.2932098057651293e-05
PR,tamarana,2,160.84,0,0.0,0,2.2932098057651293e-05,0.0,0.0,1.1140782082445031e-05,0.0,-2.2932098057651293e-05
PR,terra roxa,2,200.29,0,0.0,0,2.2932098057651293e-05,0.0,0.0,1.3873335260463287e-05,0.0,-2.2932098057651293e-05
PR,tunas do parana,2,233.3,0,0.0,0,2.2932098057651293e-05,0.0,0.0,1.615981385124612e-05,0.0,-2.2932098057651293e-05
PR,turvo,2,142.68,0,0.0,0,2.2932098057651293e-05,0.0,0.0,9.882907159433331e-06,0.0,-2.2932098057651293e-05
PR,vila nova,2,117.19,0,0.0,0,2.2932098057651293e-05,0.0,0.0,8.11731069536019e-06,0.0,-2.2932098057651293e-05
PR,wenceslau braz,2,250.51,0,0.0,0,2.2932098057651293e-05,0.0,0.0,1.7351885846016567e-05,0.0,-2.2932098057651293e-05
RJ,glicerio,2,480.25,0,0.0,0,2.2932098057651293e-05,0.0,0.0,3.326511188195863e-05,0.0,-2.2932098057651293e-05
RJ,monnerat,2,376.86,0,0.0,0,2.2932098057651293e-05,0.0,0.0,2.6103675302102924e-05,0.0,-2.2932098057651293e-05
RJ,raposo,2,650.84,0,0.0,0,2.2932098057651293e-05,0.0,0.0,4.508123980687965e-05,0.0,-2.2932098057651293e-05
RJ,santo eduardo,2,260.06,0,0.0,0,2.2932098057651293e-05,0.0,0.0,1.8013378440441773e-05,0.0,-2.2932098057651293e-05
RJ,tocos,2,381.47,0,0.0,0,2.2932098057651293e-05,0.0,0.0,2.6422992669673625e-05,0.0,-2.2932098057651293e-05
RJ,visconde de maua,2,188.05,0,0.0,0,2.2932098057651293e-05,0.0,0.0,1.3025516479754962e-05,0.0,-2.2932098057651293e-05
RJ,werneck,2,445.60999999999996,0,0.0,0,2.2932098057651293e-05,0.0,0.0,3.086572931956186e-05,0.0,-2.2932098057651293e-05
RN,acu,2,553.4499999999999,0,0.0,0,2.2932098057651293e-05,0.0,0.0,3.8335400668547634e-05,0.0,-2.2932098057651293e-05
RN,alexandria,2,221.92,0,0.0,0,2.2932098057651293e-05,0.0,0.0,1.5371564037156186e-05,0.0,-2.2932098057651293e-05
RN,caraubas,2,944.3900000000001,0,0.0,0,2.2932098057651293e-05,0.0,0.0,6.541434463342616e-05,0.0,-2.2932098057651293e-05
RN,carnaubais,2,429.65000000000003,0,0.0,0,2.2932098057651293e-05,0.0,0.0,2.9760240125108853e-05,0.0,-2.2932098057651293e-05
RN,ceara-mirim,2,351.02,0,0.0,0,2.2932098057651293e-05,0.0,0.0,2.43138356539409e-05,0.0,-2.2932098057651293e-05
RN,extremoz,2,160.14,0,0.0,0,2.2932098057651293e-05,0.0,0.0,1.1092295714267265e-05,0.0,-2.2932098057651293e-05
RN,guamare,2,242.64,0,0.0,0,2.2932098057651293e-05,0.0,0.0,1.6806760535217992e-05,0.0,-2.2932098057651293e-05
RN,ielmo marinho,2,240.32,0,0.0,0,2.2932098057651293e-05,0.0,0.0,1.6646062857828835e-05,0.0,-2.2932098057651293e-05
RN,itau,2,761.37,0,0.0,0,2.2932098057651293e-05,0.0,0.0,5.273723734214855e-05,0.0,-2.2932098057651293e-05
RN,joao camara,2,1466.81,0,0.0,0,2.2932098057651293e-05,0.0,0.0,0.00010160041386689378,0.0,-2.2932098057651293e-05
RN,lagoa nova,2,205.2,0,0.0,0,2.2932098057651293e-05,0.0,0.0,1.4213432500110173e-05,0.0,-2.2932098057651293e-05
RN,martins,2,250.31,0,0.0,0,2.2932098057651293e-05,0.0,0.0,1.7338032597965775e-05,0.0,-2.2932098057651293e-05
RN,nova cruz,2,583.25,0,0.0,0,2.2932098057651293e-05,0.0,0.0,4.0399534628115295e-05,0.0,-2.2932098057651293e-05
RN,pendencias,2,410.02,0,0.0,0,2.2932098057651293e-05,0.0,0.0,2.8400543828923845e-05,0.0,-2.2932098057651293e-05
RN,portalegre,2,513.01,0,0.0,0,2.2932098057651293e-05,0.0,0.0,3.553427391267797e-05,0.0,-2.2932098057651293e-05
RN,rodolfo fernandes,2,168.19,0,0.0,0,2.2932098057651293e-05,0.0,0.0,1.1649888948311549e-05,0.0,-2.2932098057651293e-05
RN,sao jose de mipibu,2,748.3299999999999,0,0.0,0,2.2932098057651293e-05,0.0,0.0,5.183400556923706e-05,0.0,-2.2932098057651293e-05
RN,sao miguel do gostoso,2,473.04,0,0.0,0,2.2932098057651293e-05,0.0,0.0,3.276570228972766e-05,0.0,-2.2932098057651293e-05
RN,sao paulo do potengi,2,319.78,0,0.0,0,2.2932098057651293e-05,0.0,0.0,2.2149958308407557e-05,0.0,-2.2932098057651293e-05
RN,sao vicente,2,376.40999999999997,0,0.0,0,2.2932098057651293e-05,0.0,0.0,2.6072505493988644e-05,0.0,-2.2932098057651293e-05
RN,serra de sao bento,2,328.15,0,0.0,0,2.2932098057651293e-05,0.0,0.0,2.2729716739333105e-05,0.0,-2.2932098057651293e-05
RO,buritis,2,335.58,0,0.0,0,2.2932098057651293e-05,0.0,0.0,2.324436490441994e-05,0.0,-2.2932098057651293e-05
RO,costa marques,2,1658.28,0,0.0,0,2.2932098057651293e-05,0.0,0.0,0.00011486282088831724,0.0,-2.2932098057651293e-05
RO,extrema,2,970.43,0,0.0,0,2.2932098057651293e-05,0.0,0.0,6.721803752963896e-05,0.0,-2.2932098057651293e-05
RO,nova brasilandia d'oeste,2,472.14,0,0.0,0,2.2932098057651293e-05,0.0,0.0,3.270336267349911e-05,0.0,-2.2932098057651293e-05
RO,nova mamore,2,803.1600000000001,0,0.0,0,2.2932098057651293e-05,0.0,0.0,5.563187352236105e-05,0.0,-2.2932098057651293e-05
RO,presidente medici,2,188.32999999999998,0,0.0,0,2.2932098057651293e-05,0.0,0.0,1.3044911027026066e-05,0.0,-2.2932098057651293e-05
RO,sao francisco do guapore,2,405.61,0,0.0,0,2.2932098057651293e-05,0.0,0.0,2.8095079709403934e-05,0.0,-2.2932098057651293e-05
RO,seringueiras,2,504.64,0,0.0,0,2.2932098057651293e-05,0.0,0.0,3.495451548175242e-05,0.0,-2.2932098057651293e-05
RS,acegua,2,282.39,0,0.0,0,2.2932098057651293e-05,0.0,0.0,1.9560093585312435e-05,0.0,-2.2932098057651293e-05
RS,agua santa,2,227.59,0,0.0,0,2.2932098057651293e-05,0.0,0.0,1.5764303619396074e-05,0.0,-2.2932098057651293e-05
RS,ajuricaba,2,245.37,0,0.0,0,2.2932098057651293e-05,0.0,0.0,1.6995857371111274e-05,0.0,-2.2932098057651293e-05
RS,ametista do sul,2,275.51,0,0.0,0,2.2932098057651293e-05,0.0,0.0,1.908354185236527e-05,0.0,-2.2932098057651293e-05
RS,ararica,2,252.0,0,0.0,0,2.2932098057651293e-05,0.0,0.0,1.745509254399495e-05,0.0,-2.2932098057651293e-05
RS,arroio do tigre,2,319.0,0,0.0,0,2.2932098057651293e-05,0.0,0.0,2.209593064100948e-05,0.0,-2.2932098057651293e-05
RS,augusto pestana,2,143.95,0,0.0,0,2.2932098057651293e-05,0.0,0.0,9.970875284555844e-06,0.0,-2.2932098057651293e-05
RS,aurea,2,451.5,0,0.0,0,2.2932098057651293e-05,0.0,0.0,3.127370747465762e-05,0.0,-2.2932098057651293e-05
RS,barracao,2,132.2,0,0.0,0,2.2932098057651293e-05,0.0,0.0,9.156996961571952e-06,0.0,-2.2932098057651293e-05
RS,bom retiro do sul,2,1484.21,0,0.0,0,2.2932098057651293e-05,0.0,0.0,0.00010280564644731247,0.0,-2.2932098057651293e-05
RS,boqueirao do leao,2,300.14,0,0.0,0,2.2932098057651293e-05,0.0,0.0,2.0789569349820016e-05,0.0,-2.2932098057651293e-05
RS,campestre da serra,2,1390.06,0,0.0,0,2.2932098057651293e-05,0.0,0.0,9.628422992740325e-05,0.0,-2.2932098057651293e-05
RS,campina das missoes,2,211.0,0,0.0,0,2.2932098057651293e-05,0.0,0.0,1.4615176693583072e-05,0.0,-2.2932098057651293e-05
RS,campo novo,2,593.01,0,0.0,0,2.2932098057651293e-05,0.0,0.0,4.1075573132993825e-05,0.0,-2.2932098057651293e-05
RS,capao da porteira,2,215.13,0,0.0,0,2.2932098057651293e-05,0.0,0.0,1.4901246265831878e-05,0.0,-2.2932098057651293e-05
RS,capela de santana,2,417.53000000000003,0,0.0,0,2.2932098057651293e-05,0.0,0.0,2.8920733293230998e-05,0.0,-2.2932098057651293e-05
RS,coqueiro baixo,2,121.76,0,0.0,0,2.2932098057651293e-05,0.0,0.0,8.433857413320734e-06,0.0,-2.2932098057651293e-05
RS,coxilha,2,191.5,0,0.0,0,2.2932098057651293e-05,0.0,0.0,1.3264485008631083e-05,0.0,-2.2932098057651293e-05
RS,david canabarro,2,222.77,0,0.0,0,2.2932098057651293e-05,0.0,0.0,1.5430440341372045e-05,0.0,-2.2932098057651293e-05
RS,dona francisca,2,340.15,0,0.0,0,2.2932098057651293e-05,0.0,0.0,2.3560911622380484e-05,0.0,-2.2932098057651293e-05
RS,formigueiro,2,311.27,0,0.0,0,2.2932098057651293e-05,0.0,0.0,2.1560502603846458e-05,0.0,-2.2932098057651293e-05
RS,glorinha,2,283.3,0,0.0,0,2.2932098057651293e-05,0.0,0.0,1.962312586394353e-05,0.0,-2.2932098057651293e-05
RS,guarani das missoes,2,102.94,0,0.0,0,2.2932098057651293e-05,0.0,0.0,7.130266771741429e-06,0.0,-2.2932098057651293e-05
RS,ibiaca,2,320.87,0,0.0,0,2.2932098057651293e-05,0.0,0.0,2.222545851028436e-05,0.0,-2.2932098057651293e-05
RS,ipe,2,229.22000000000003,0,0.0,0,2.2932098057651293e-05,0.0,0.0,1.5877207591010012e-05,0.0,-2.2932098057651293e-05
RS,irai,2,598.26,0,0.0,0,2.2932098057651293e-05,0.0,0.0,4.1439220894327055e-05,0.0,-2.2932098057651293e-05
RS,jari,2,421.21000000000004,0,0.0,0,2.2932098057651293e-05,0.0,0.0,2.917563305736553e-05,0.0,-2.2932098057651293e-05
RS,macambara,2,205.72,0,0.0,0,2.2932098057651293e-05,0.0,0.0,1.4249450945042226e-05,0.0,-2.2932098057651293e-05
RS,mato leitao,2,226.59,0,0.0,0,2.2932098057651293e-05,0.0,0.0,1.5695037379142124e-05,0.0,-2.2932098057651293e-05
RS,maximiliano de almeida,2,353.51,0,0.0,0,2.2932098057651293e-05,0.0,0.0,2.448630859217323e-05,0.0,-2.2932098057651293e-05
RS,montauri,2,514.42,0,0.0,0,2.2932098057651293e-05,0.0,0.0,3.563193931143604e-05,0.0,-2.2932098057651293e-05
RS,nonoai,2,252.67,0,0.0,0,2.2932098057651293e-05,0.0,0.0,1.7501500924965093e-05,0.0,-2.2932098057651293e-05
RS,nova esperanca do sul,2,368.64,0,0.0,0,2.2932098057651293e-05,0.0,0.0,2.5534306807215467e-05,0.0,-2.2932098057651293e-05
RS,nova palma,2,466.62,0,0.0,0,2.2932098057651293e-05,0.0,0.0,3.232101302729732e-05,0.0,-2.2932098057651293e-05
RS,novo barreiro,2,232.02999999999997,0,0.0,0,2.2932098057651293e-05,0.0,0.0,1.6071845726123603e-05,0.0,-2.2932098057651293e-05
RS,pedro osorio,2,599.37,0,0.0,0,2.2932098057651293e-05,0.0,0.0,4.151610642100894e-05,0.0,-2.2932098057651293e-05
RS,protasio alves,2,165.06,0,0.0,0,2.2932098057651293e-05,0.0,0.0,1.1433085616316691e-05,0.0,-2.2932098057651293e-05
RS,putinga,2,182.56,0,0.0,0,2.2932098057651293e-05,0.0,0.0,1.2645244820760786e-05,0.0,-2.2932098057651293e-05
RS,quevedos,2,131.69,0,0.0,0,2.2932098057651293e-05,0.0,0.0,9.12167117904244e-06,0.0,-2.2932098057651293e-05
RS,redentora,2,449.34000000000003,0,0.0,0,2.2932098057651293e-05,0.0,0.0,3.1124092395709094e-05,0.0,-2.2932098057651293e-05
RS,roca sales,2,237.16,0,0.0,0,2.2932098057651293e-05,0.0,0.0,1.6427181538626356e-05,0.0,-2.2932098057651293e-05
RS,rodeio bonito,2,264.44,0,0.0,0,2.2932098057651293e-05,0.0,0.0,1.8316764572754066e-05,0.0,-2.2932098057651293e-05
RS,santa barbara do sul,2,180.09,0,0.0,0,2.2932098057651293e-05,0.0,0.0,1.2474157207333534e-05,0.0,-2.2932098057651293e-05
RS,santa clara do sul,2,394.12,0,0.0,0,2.2932098057651293e-05,0.0,0.0,2.7299210608886068e-05,0.0,-2.2932098057651293e-05
RS,santana da boa vista,2,115.8,0,0.0,0,2.2932098057651293e-05,0.0,0.0,8.021030621407203e-06,0.0,-2.2932098057651293e-05
RS,santo antonio do palma,2,104.09,0,0.0,0,2.2932098057651293e-05,0.0,0.0,7.20992294803347e-06,0.0,-2.2932098057651293e-05
RS,sao francisco de assis,2,145.39,0,0.0,0,2.2932098057651293e-05,0.0,0.0,1.0070618670521529e-05,0.0,-2.2932098057651293e-05
RS,sao jose do hortencio,2,373.23,0,0.0,0,2.2932098057651293e-05,0.0,0.0,2.5852238849981093e-05,0.0,-2.2932098057651293e-05
RS,sao paulo das missoes,2,459.26,0,0.0,0,2.2932098057651293e-05,0.0,0.0,3.1811213499028255e-05,0.0,-2.2932098057651293e-05
RS,sao vendelino,2,194.28,0,0.0,0,2.2932098057651293e-05,0.0,0.0,1.3457045156537059e-05,0.0,-2.2932098057651293e-05
RS,seberi,2,169.67000000000002,0,0.0,0,2.2932098057651293e-05,0.0,0.0,1.1752402983887395e-05,0.0,-2.2932098057651293e-05
RS,sertao,2,352.07,0,0.0,0,2.2932098057651293e-05,0.0,0.0,2.4386565206207547e-05,0.0,-2.2932098057651293e-05
RS,sinimbu,2,112.11,0,0.0,0,2.2932098057651293e-05,0.0,0.0,7.765438194870134e-06,0.0,-2.2932098057651293e-05
RS,tucunduva,2,305.32,0,0.0,0,2.2932098057651293e-05,0.0,0.0,2.1148368474335467e-05,0.0,-2.2932098057651293e-05
RS,tupandi,2,222.07,0,0.0,0,2.2932098057651293e-05,0.0,0.0,1.5381953973194277e-05,0.0,-2.2932098057651293e-05
RS,tuparendi,2,291.12,0,0.0,0,2.2932098057651293e-05,0.0,0.0,2.0164787862729404e-05,0.0,-2.2932098057651293e-05
RS,victor graeff,2,181.25,0,0.0,0,2.2932098057651293e-05,0.0,0.0,1.2554506046028114e-05,0.0,-2.2932098057651293e-05
RS,vila flores,2,254.88,0,0.0,0,2.2932098057651293e-05,0.0,0.0,1.765457931592632e-05,0.0,-2.2932098057651293e-05
SC,agronomica,2,281.5,0,0.0,0,2.2932098057651293e-05,0.0,0.0,1.9498446631486422e-05,0.0,-2.2932098057651293e-05
SC,anitapolis,2,642.38,0,0.0,0,2.2932098057651293e-05,0.0,0.0,4.449524741433125e-05,0.0,-2.2932098057651293e-05
SC,antonio carlos,2,245.94,0,0.0,0,2.2932098057651293e-05,0.0,0.0,1.7035339128056023e-05,0.0,-2.2932098057651293e-05
SC,aurora,2,425.47,0,0.0,0,2.2932098057651293e-05,0.0,0.0,2.947070724084735e-05,0.0,-2.2932098057651293e-05
SC,bom jesus,2,993.16,0,0.0,0,2.2932098057651293e-05,0.0,0.0,6.87924591706112e-05,0.0,-2.2932098057651293e-05
SC,botuvera,2,215.17000000000002,0,0.0,0,2.2932098057651293e-05,0.0,0.0,1.4904016915442037e-05,0.0,-2.2932098057651293e-05
SC,campo alegre,2,230.39,0,0.0,0,2.2932098057651293e-05,0.0,0.0,1.5958249092107128e-05,0.0,-2.2932098057651293e-05
SC,celso ramos,2,1440.96,0,0.0,0,2.2932098057651293e-05,0.0,0.0,9.980988155632922e-05,0.0,-2.2932098057651293e-05
SC,ibicare,2,262.09000000000003,0,0.0,0,2.2932098057651293e-05,0.0,0.0,1.8153988908157287e-05,0.0,-2.2932098057651293e-05
SC,ipira,2,194.74,0,0.0,0,2.2932098057651293e-05,0.0,0.0,1.3488907627053876e-05,0.0,-2.2932098057651293e-05
SC,jabora,2,302.78999999999996,0,0.0,0,2.2932098057651293e-05,0.0,0.0,2.0973124886492976e-05,0.0,-2.2932098057651293e-05
SC,jaguaruna,2,196.89,0,0.0,0,2.2932098057651293e-05,0.0,0.0,1.3637830043599863e-05,0.0,-2.2932098057651293e-05
SC,lontras,2,357.94,0,0.0,0,2.2932098057651293e-05,0.0,0.0,2.4793158036498223e-05,0.0,-2.2932098057651293e-05
SC,luiz alves,2,144.4,0,0.0,0,2.2932098057651293e-05,0.0,0.0,1.0002045092670122e-05,0.0,-2.2932098057651293e-05
SC,meleiro,2,189.41,0,0.0,0,2.2932098057651293e-05,0.0,0.0,1.3119718566500331e-05,0.0,-2.2932098057651293e-05
SC,mondai,2,458.31,0,0.0,0,2.2932098057651293e-05,0.0,0.0,3.1745410570787006e-05,0.0,-2.2932098057651293e-05
SC,monte carlo,2,372.87,0,0.0,0,2.2932098057651293e-05,0.0,0.0,2.582730300348967e-05,0.0,-2.2932098057651293e-05
SC,nova itaberaba,2,344.77,0,0.0,0,2.2932098057651293e-05,0.0,0.0,2.3880921652353725e-05,0.0,-2.2932098057651293e-05
SC,nova veneza,2,402.46000000000004,0,0.0,0,2.2932098057651293e-05,0.0,0.0,2.7876891052603998e-05,0.0,-2.2932098057651293e-05
SC,palmeira,2,267.13,0,0.0,0,2.2932098057651293e-05,0.0,0.0,1.8503090759037186e-05,0.0,-2.2932098057651293e-05
SC,passos maia,2,248.1,0,0.0,0,2.2932098057651293e-05,0.0,0.0,1.7184954207004552e-05,0.0,-2.2932098057651293e-05
SC,paulo lopes,2,271.66,0,0.0,0,2.2932098057651293e-05,0.0,0.0,1.8816866827387573e-05,0.0,-2.2932098057651293e-05
SC,peritiba,2,144.70999999999998,0,0.0,0,2.2932098057651293e-05,0.0,0.0,1.0023517627148844e-05,0.0,-2.2932098057651293e-05
SC,rancho queimado,2,343.99,0,0.0,0,2.2932098057651293e-05,0.0,0.0,2.3826893984955645e-05,0.0,-2.2932098057651293e-05
SC,rio das antas,2,213.78,0,0.0,0,2.2932098057651293e-05,0.0,0.0,1.4807736841489048e-05,0.0,-2.2932098057651293e-05
SC,santa rosa de lima,2,232.79,0,0.0,0,2.2932098057651293e-05,0.0,0.0,1.6124488068716603e-05,0.0,-2.2932098057651293e-05
SC,sao domingos,2,182.18,0,0.0,0,2.2932098057651293e-05,0.0,0.0,1.2618923649464286e-05,0.0,-2.2932098057651293e-05
SC,sao joao do sul,2,902.37,0,0.0,0,2.2932098057651293e-05,0.0,0.0,6.250377721795524e-05,0.0,-2.2932098057651293e-05
SC,sao martinho,2,489.99,0,0.0,0,2.2932098057651293e-05,0.0,0.0,3.3939765062032086e-05,0.0,-2.2932098057651293e-05
SC,sao pedro de alcantara,2,312.90999999999997,0,0.0,0,2.2932098057651293e-05,0.0,0.0,2.1674099237862932e-05,0.0,-2.2932098057651293e-05
SC,witmarsum,2,109.55,0,0.0,0,2.2932098057651293e-05,0.0,0.0,7.588116619820027e-06,0.0,-2.2932098057651293e-05
SC,xavantina,2,217.70999999999998,0,0.0,0,2.2932098057651293e-05,0.0,0.0,1.5079953165687064e-05,0.0,-2.2932098057651293e-05
SC,zortea,2,137.57,0,0.0,0,2.2932098057651293e-05,0.0,0.0,9.528956671735655e-06,0.0,-2.2932098057651293e-05
SE,barra dos coqueiros,2,340.64,0,0.0,0,2.2932098057651293e-05,0.0,0.0,2.3594852080104918e-05,0.0,-2.2932098057651293e-05
SE,caninde de sao francisco,2,359.83,0,0.0,0,2.2932098057651293e-05,0.0,0.0,2.4924071230578182e-05,0.0,-2.2932098057651293e-05
SE,capela,2,889.17,0,0.0,0,2.2932098057651293e-05,0.0,0.0,6.158946284660312e-05,0.0,-2.2932098057651293e-05
SE,cedro de sao joao,2,2058.38,0,0.0,0,2.2932098057651293e-05,0.0,0.0,0.00014257624361392192,0.0,-2.2932098057651293e-05
SE,itabaianinha,2,289.33,0,0.0,0,2.2932098057651293e-05,0.0,0.0,2.0040801292674836e-05,0.0,-2.2932098057651293e-05
SE,nossa senhora da gloria,2,274.72,0,0.0,0,2.2932098057651293e-05,0.0,0.0,1.9028821522564655e-05,0.0,-2.2932098057651293e-05
SE,tobias barreto,2,264.52,0,0.0,0,2.2932098057651293e-05,0.0,0.0,1.832230587197438e-05,0.0,-2.2932098057651293e-05
SP,aguas de sao pedro,2,304.03,0,0.0,0,2.2932098057651293e-05,0.0,0.0,2.105901502440787e-05,0.0,-2.2932098057651293e-05
SP,alvares florence,2,227.23,0,0.0,0,2.2932098057651293e-05,0.0,0.0,1.5739367772904652e-05,0.0,-2.2932098057651293e-05
SP,alvaro de carvalho,2,399.0,0,0.0,0,2.2932098057651293e-05,0.0,0.0,2.7637229861325337e-05,0.0,-2.2932098057651293e-05
SP,aparecida de sao manuel,2,256.78999999999996,0,0.0,0,2.2932098057651293e-05,0.0,0.0,1.7786877834811357e-05,0.0,-2.2932098057651293e-05
SP,bento de abreu,2,371.48,0,0.0,0,2.2932098057651293e-05,0.0,0.0,2.5731022929536682e-05,0.0,-2.2932098057651293e-05
SP,caiua,2,170.99,0,0.0,0,2.2932098057651293e-05,0.0,0.0,1.1843834421022605e-05,0.0,-2.2932098057651293e-05
SP,campina do monte alegre,2,291.99,0,0.0,0,2.2932098057651293e-05,0.0,0.0,2.022504949175034e-05,0.0,-2.2932098057651293e-05
SP,candido rodrigues,2,134.3,0,0.0,0,2.2932098057651293e-05,0.0,0.0,9.302456066105245e-06,0.0,-2.2932098057651293e-05
SP,canitar,2,317.91999999999996,0,0.0,0,2.2932098057651293e-05,0.0,0.0,2.2021123101535213e-05,0.0,-2.2932098057651293e-05
SP,capela do alto,2,660.22,0,0.0,0,2.2932098057651293e-05,0.0,0.0,4.573095714046169e-05,0.0,-2.2932098057651293e-05
SP,coroados,2,239.34,0,0.0,0,2.2932098057651293e-05,0.0,0.0,1.6578181942379964e-05,0.0,-2.2932098057651293e-05
SP,coronel macedo,2,118.25,0,0.0,0,2.2932098057651293e-05,0.0,0.0,8.190732910029376e-06,0.0,-2.2932098057651293e-05
SP,corumbatai,2,74.13,0,0.0,0,2.2932098057651293e-05,0.0,0.0,5.13470639002518e-06,0.0,-2.2932098057651293e-05
SP,dumont,2,153.1,0,0.0,0,2.2932098057651293e-05,0.0,0.0,1.060466138287947e-05,0.0,-2.2932098057651293e-05
SP,echapora,2,847.25,0,0.0,0,2.2932098057651293e-05,0.0,0.0,5.868582205515762e-05,0.0,-2.2932098057651293e-05
SP,espirito santo do turvo,2,268.84000000000003,0,0.0,0,2.2932098057651293e-05,0.0,0.0,1.862153602987144e-05,0.0,-2.2932098057651293e-05
SP,floreal,2,225.0,0,0.0,0,2.2932098057651293e-05,0.0,0.0,1.5584904057138347e-05,0.0,-2.2932098057651293e-05
SP,gaviao peixoto,2,142.04000000000002,0,0.0,0,2.2932098057651293e-05,0.0,0.0,9.838576765670805e-06,0.0,-2.2932098057651293e-05
SP,getulina,2,131.01999999999998,0,0.0,0,2.2932098057651293e-05,0.0,0.0,9.075262798072294e-06,0.0,-2.2932098057651293e-05
SP,glicerio,2,366.88,0,0.0,0,2.2932098057651293e-05,0.0,0.0,2.541239822436852e-05,0.0,-2.2932098057651293e-05
SP,guaraci,2,571.39,0,0.0,0,2.2932098057651293e-05,0.0,0.0,3.957803701870347e-05,0.0,-2.2932098057651293e-05
SP,guariroba,2,320.56,0,0.0,0,2.2932098057651293e-05,0.0,0.0,2.220398597580564e-05,0.0,-2.2932098057651293e-05
SP,iacri,2,81.62,0,0.0,0,2.2932098057651293e-05,0.0,0.0,5.653510529527253e-06,0.0,-2.2932098057651293e-05
SP,indiapora,2,341.32,0,0.0,0,2.2932098057651293e-05,0.0,0.0,2.3641953123477603e-05,0.0,-2.2932098057651293e-05
SP,ipua,2,121.99,0,0.0,0,2.2932098057651293e-05,0.0,0.0,8.449788648579142e-06,0.0,-2.2932098057651293e-05
SP,itaju,2,1008.37,0,0.0,0,2.2932098057651293e-05,0.0,0.0,6.984599868487376e-05,0.0,-2.2932098057651293e-05
SP,itapirapua paulista,2,514.0699999999999,0,0.0,0,2.2932098057651293e-05,0.0,0.0,3.560769612734715e-05,0.0,-2.2932098057651293e-05
SP,itirapina,2,179.21,0,0.0,0,2.2932098057651293e-05,0.0,0.0,1.2413202915910059e-05,0.0,-2.2932098057651293e-05
SP,jaborandi,2,137.69,0,0.0,0,2.2932098057651293e-05,0.0,0.0,9.537268620566129e-06,0.0,-2.2932098057651293e-05
SP,jaci,2,143.41000000000003,0,0.0,0,2.2932098057651293e-05,0.0,0.0,9.933471514818715e-06,0.0,-2.2932098057651293e-05
SP,julio mesquita,2,984.59,0,0.0,0,2.2932098057651293e-05,0.0,0.0,6.819884749163487e-05,0.0,-2.2932098057651293e-05
SP,jumirim,2,408.24,0,0.0,0,2.2932098057651293e-05,0.0,0.0,2.827724992127182e-05,0.0,-2.2932098057651293e-05
SP,lourdes,2,223.84,0,0.0,0,2.2932098057651293e-05,0.0,0.0,1.5504555218443767e-05,0.0,-2.2932098057651293e-05
SP,lucianopolis,2,199.97,0,0.0,0,2.2932098057651293e-05,0.0,0.0,1.3851170063582023e-05,0.0,-2.2932098057651293e-05
SP,magda,2,496.07,0,0.0,0,2.2932098057651293e-05,0.0,0.0,3.4360903802776085e-05,0.0,-2.2932098057651293e-05
SP,mariapolis,2,140.98000000000002,0,0.0,0,2.2932098057651293e-05,0.0,0.0,9.76515455100162e-06,0.0,-2.2932098057651293e-05
SP,marinopolis,2,188.98,0,0.0,0,2.2932098057651293e-05,0.0,0.0,1.3089934083191132e-05,0.0,-2.2932098057651293e-05
SP,mirante do paranapanema,2,242.49,0,0.0,0,2.2932098057651293e-05,0.0,0.0,1.67963705991799e-05,0.0,-2.2932098057651293e-05
SP,mogi-mirim,2,112.61,0,0.0,0,2.2932098057651293e-05,0.0,0.0,7.800071314997109e-06,0.0,-2.2932098057651293e-05
SP,moncoes,2,379.13,0,0.0,0,2.2932098057651293e-05,0.0,0.0,2.6260909667479383e-05,0.0,-2.2932098057651293e-05
SP,motuca,2,182.29,0,0.0,0,2.2932098057651293e-05,0.0,0.0,1.262654293589222e-05,0.0,-2.2932098057651293e-05
SP,murutinga do sul,2,855.71,0,0.0,0,2.2932098057651293e-05,0.0,0.0,5.927181444770603e-05,0.0,-2.2932098057651293e-05
SP,narandiba,2,436.65999999999997,0,0.0,0,2.2932098057651293e-05,0.0,0.0,3.0245796469289023e-05,0.0,-2.2932098057651293e-05
SP,neves paulista,2,128.65,0,0.0,0,2.2932098057651293e-05,0.0,0.0,8.911101808670438e-06,0.0,-2.2932098057651293e-05
SP,nipoa,2,372.35,0,0.0,0,2.2932098057651293e-05,0.0,0.0,2.579128455855762e-05,0.0,-2.2932098057651293e-05
SP,nossa senhora do remedio,2,163.29000000000002,0,0.0,0,2.2932098057651293e-05,0.0,0.0,1.1310484371067205e-05,0.0,-2.2932098057651293e-05
SP,nova campina,2,209.51999999999998,0,0.0,0,2.2932098057651293e-05,0.0,0.0,1.4512662658007228e-05,0.0,-2.2932098057651293e-05
SP,nova canaa paulista,2,139.15,0,0.0,0,2.2932098057651293e-05,0.0,0.0,9.638397331336894e-06,0.0,-2.2932098057651293e-05
SP,paranapua,2,87.80000000000001,0,0.0,0,2.2932098057651293e-05,0.0,0.0,6.081575894296653e-06,0.0,-2.2932098057651293e-05
SP,patrocinio paulista,2,1147.46,0,0.0,0,2.2932098057651293e-05,0.0,0.0,7.948024004179542e-05,0.0,-2.2932098057651293e-05
SP,pindorama,2,405.52,0,0.0,0,2.2932098057651293e-05,0.0,0.0,2.8088845747781077e-05,0.0,-2.2932098057651293e-05
SP,porangaba,2,195.63,0,0.0,0,2.2932098057651293e-05,0.0,0.0,1.3550554580879889e-05,0.0,-2.2932098057651293e-05
SP,potim,2,279.84,0,0.0,0,2.2932098057651293e-05,0.0,0.0,1.9383464672664866e-05,0.0,-2.2932098057651293e-05
SP,presidente alves,2,140.42000000000002,0,0.0,0,2.2932098057651293e-05,0.0,0.0,9.72636545645941e-06,0.0,-2.2932098057651293e-05
SP,queluz,2,249.89999999999998,0,0.0,0,2.2932098057651293e-05,0.0,0.0,1.7309633439461657e-05,0.0,-2.2932098057651293e-05
SP,ribeirao branco,2,515.49,0,0.0,0,2.2932098057651293e-05,0.0,0.0,3.5706054188507766e-05,0.0,-2.2932098057651293e-05
SP,ribeirao do sul,2,294.12,0,0.0,0,2.2932098057651293e-05,0.0,0.0,2.0372586583491247e-05,0.0,-2.2932098057651293e-05
SP,rinopolis,2,134.56,0,0.0,0,2.2932098057651293e-05,0.0,0.0,9.320465288571271e-06,0.0,-2.2932098057651293e-05
SP,rubiacea,2,250.15,0,0.0,0,2.2932098057651293e-05,0.0,0.0,1.7326949999525145e-05,0.0,-2.2932098057651293e-05
SP,salmourao,2,90.27,0,0.0,0,2.2932098057651293e-05,0.0,0.0,6.252663507723905e-06,0.0,-2.2932098057651293e-05
SP,santa ernestina,2,280.13,0,0.0,0,2.2932098057651293e-05,0.0,0.0,1.940355188233851e-05,0.0,-2.2932098057651293e-05
SP,santa lucia,2,189.57,0,0.0,0,2.2932098057651293e-05,0.0,0.0,1.3130801164940961e-05,0.0,-2.2932098057651293e-05
SP,santa maria da serra,2,169.42,0,0.0,0,2.2932098057651293e-05,0.0,0.0,1.1735086423823905e-05,0.0,-2.2932098057651293e-05
SP,santa mercedes,2,269.57,0,0.0,0,2.2932098057651293e-05,0.0,0.0,1.867210038525682e-05,0.0,-2.2932098057651293e-05
SP,santo antonio do pinhal,2,1252.69,0,0.0,0,2.2932098057651293e-05,0.0,0.0,8.676912650371838e-05,0.0,-2.2932098057651293e-05
SP,sao francisco,2,166.72,0,0.0,0,2.2932098057651293e-05,0.0,0.0,1.1548067575138246e-05,0.0,-2.2932098057651293e-05
SP,sao pedro do turvo,2,117.9,0,0.0,0,2.2932098057651293e-05,0.0,0.0,8.166489725940494e-06,0.0,-2.2932098057651293e-05
SP,sarapui,2,280.89,0,0.0,0,2.2932098057651293e-05,0.0,0.0,1.9456194224931512e-05,0.0,-2.2932098057651293e-05
SP,taciba,2,419.6,0,0.0,0,2.2932098057651293e-05,0.0,0.0,2.906411441055667e-05,0.0,-2.2932098057651293e-05
SP,tapirai,2,140.53,0,0.0,0,2.2932098057651293e-05,0.0,0.0,9.733984742887343e-06,0.0,-2.2932098057651293e-05
SP,tejupa,2,382.4,0,0.0,0,2.2932098057651293e-05,0.0,0.0,2.6487410273109796e-05,0.0,-2.2932098057651293e-05
SP,terra roxa,2,193.48,0,0.0,0,2.2932098057651293e-05,0.0,0.0,1.3401632164333899e-05,0.0,-2.2932098057651293e-05
SP,timburi,2,327.43,0,0.0,0,2.2932098057651293e-05,0.0,0.0,2.2679845046350262e-05,0.0,-2.2932098057651293e-05
SP,vargem,2,101.5,0,0.0,0,2.2932098057651293e-05,0.0,0.0,7.0305233857757436e-06,0.0,-2.2932098057651293e-05
SP,zacarias,2,229.85,0,0.0,0,2.2932098057651293e-05,0.0,0.0,1.5920845322369998e-05,0.0,-2.2932098057651293e-05
TO,alianca do tocantins,2,264.0,0,0.0,0,2.2932098057651293e-05,0.0,0.0,1.828628742704233e-05,0.0,-2.2932098057651293e-05
TO,arraias,2,254.23000000000002,0,0.0,0,2.2932098057651293e-05,0.0,0.0,1.7609556259761255e-05,0.0,-2.2932098057651293e-05
TO,bandeirantes do tocantins,2,432.20000000000005,0,0.0,0,2.2932098057651293e-05,0.0,0.0,2.993686903775642e-05,0.0,-2.2932098057651293e-05
TO,barrolandia,2,124.53999999999999,0,0.0,0,2.2932098057651293e-05,0.0,0.0,8.62641756122671e-06,0.0,-2.2932098057651293e-05
TO,cariri do tocantins,2,354.26,0,0.0,0,2.2932098057651293e-05,0.0,0.0,2.4538258272363692e-05,0.0,-2.2932098057651293e-05
TO,colmeia,2,180.69,0,0.0,0,2.2932098057651293e-05,0.0,0.0,1.2515716951485903e-05,0.0,-2.2932098057651293e-05
TO,goianorte,2,229.5,0,0.0,0,2.2932098057651293e-05,0.0,0.0,1.5896602138281115e-05,0.0,-2.2932098057651293e-05
TO,miranorte,2,733.42,0,0.0,0,2.2932098057651293e-05,0.0,0.0,5.0801245927050693e-05,0.0,-2.2932098057651293e-05
TO,parana,2,195.25,0,0.0,0,2.2932098057651293e-05,0.0,0.0,1.3524233409583388e-05,0.0,-2.2932098057651293e-05
TO,pindorama do tocantins,2,174.18,0,0.0,0,2.2932098057651293e-05,0.0,0.0,1.20647937274327e-05,0.0,-2.2932098057651293e-05
TO,xambioa,2,378.73,0,0.0,0,2.2932098057651293e-05,0.0,0.0,2.6233203171377808e-05,0.0,-2.2932098057651293e-05
AC,brasileia,1,139.53,0,0.0,0,1.1466049028825647e-05,0.0,0.0,9.664718502633395e-06,0.0,-1.1466049028825647e-05
AC,epitaciolandia,1,139.52,0,0.0,0,1.1466049028825647e-05,0.0,0.0,9.664025840230855e-06,0.0,-1.1466049028825647e-05
AC,manoel urbano,1,248.71,0,0.0,0,1.1466049028825647e-05,0.0,0.0,1.722720661355946e-05,0.0,-1.1466049028825647e-05
AC,porto acre,1,104.35,0,0.0,0,1.1466049028825647e-05,0.0,0.0,7.227932170499496e-06,0.0,-1.1466049028825647e-05
AL,agua branca,1,132.1,0,0.0,0,1.1466049028825647e-05,0.0,0.0,9.150070337546558e-06,0.0,-1.1466049028825647e-05
AL,atalaia,1,137.65,0,0.0,0,1.1466049028825647e-05,0.0,0.0,9.534497970955972e-06,0.0,-1.1466049028825647e-05
AL,barra de santo antonio,1,315.76,0,0.0,0,1.1466049028825647e-05,0.0,0.0,2.1871508022586687e-05,0.0,-1.1466049028825647e-05
AL,barra de sao miguel,1,168.45,0,0.0,0,1.1466049028825647e-05,0.0,0.0,1.1667898170777575e-05,0.0,-1.1466049028825647e-05
AL,cajueiro,1,138.15,0,0.0,0,1.1466049028825647e-05,0.0,0.0,9.569131091082946e-06,0.0,-1.1466049028825647e-05
AL,campo alegre,1,997.96,0,0.0,0,1.1466049028825647e-05,0.0,0.0,6.912493712383015e-05,0.0,-1.1466049028825647e-05
AL,canapi,1,377.32,0,0.0,0,1.1466049028825647e-05,0.0,0.0,2.613553777261974e-05,0.0,-1.1466049028825647e-05
AL,coite do noia,1,111.01,0,0.0,0,1.1466049028825647e-05,0.0,0.0,7.689245330590792e-06,0.0,-1.1466049028825647e-05
AL,dois riachos,1,152.25,0,0.0,0,1.1466049028825647e-05,0.0,0.0,1.0545785078663615e-05,0.0,-1.1466049028825647e-05
AL,girau do ponciano,1,74.05,0,0.0,0,1.1466049028825647e-05,0.0,0.0,5.129165090804864e-06,0.0,-1.1466049028825647e-05
AL,ibateguara,1,97.87,0,0.0,0,1.1466049028825647e-05,0.0,0.0,6.779086933653912e-06,0.0,-1.1466049028825647e-05
AL,inhapi,1,853.22,0,0.0,0,1.1466049028825647e-05,0.0,0.0,5.909934150947369e-05,0.0,-1.1466049028825647e-05
AL,jequia da praia,1,248.71,0,0.0,0,1.1466049028825647e-05,0.0,0.0,1.722720661355946e-05,0.0,-1.1466049028825647e-05
AL,lagoa da canoa,1,204.53,0,0.0,0,1.1466049028825647e-05,0.0,0.0,1.4167024119140028e-05,0.0,-1.1466049028825647e-05
AL,luziapolis,1,181.62,0,0.0,0,1.1466049028825647e-05,0.0,0.0,1.2580134554922075e-05,0.0,-1.1466049028825647e-05
AL,mar vermelho,1,689.02,0,0.0,0,1.1466049028825647e-05,0.0,0.0,4.7725824859775394e-05,0.0,-1.1466049028825647e-05
AL,marechal deodoro,1,379.2,0,0.0,0,1.1466049028825647e-05,0.0,0.0,2.6265758304297163e-05,0.0,-1.1466049028825647e-05
AL,maribondo,1,100.97,0,0.0,0,1.1466049028825647e-05,0.0,0.0,6.9938122784411506e-06,0.0,-1.1466049028825647e-05
AL,matriz de camaragibe,1,84.9,0,0.0,0,1.1466049028825647e-05,0.0,0.0,5.8807037975602034e-06,0.0,-1.1466049028825647e-05
AL,monteiropolis,1,203.43,0,0.0,0,1.1466049028825647e-05,0.0,0.0,1.4090831254860684e-05,0.0,-1.1466049028825647e-05
AL,murici,1,84.05,0,0.0,0,1.1466049028825647e-05,0.0,0.0,5.821827493344347e-06,0.0,-1.1466049028825647e-05
AL,novo lino,1,114.26,0,0.0,0,1.1466049028825647e-05,0.0,0.0,7.914360611416122e-06,0.0,-1.1466049028825647e-05
AL,paripueira,1,379.2,0,0.0,0,1.1466049028825647e-05,0.0,0.0,2.6265758304297163e-05,0.0,-1.1466049028825647e-05
AL,passo de camaragibe,1,110.28,0,0.0,0,1.1466049028825647e-05,0.0,0.0,7.63868097520541e-06,0.0,-1.1466049028825647e-05
AL,piacabucu,1,167.45,0,0.0,0,1.1466049028825647e-05,0.0,0.0,1.1598631930523627e-05,0.0,-1.1466049028825647e-05
AL,santa luzia do norte,1,44.95,0,0.0,0,1.1466049028825647e-05,0.0,0.0,3.1135174994149724e-06,0.0,-1.1466049028825647e-05
AL,santana do ipanema,1,285.45,0,0.0,0,1.1466049028825647e-05,0.0,0.0,1.9772048280489517e-05,0.0,-1.1466049028825647e-05
AL,sao bras,1,54.74,0,0.0,0,1.1466049028825647e-05,0.0,0.0,3.791633991501125e-06,0.0,-1.1466049028825647e-05
AL,sao jose da tapera,1,144.47,0,0.0,0,1.1466049028825647e-05,0.0,0.0,1.0006893729487898e-05,0.0,-1.1466049028825647e-05
AL,sao sebastiao,1,2269.98,0,0.0,0,1.1466049028825647e-05,0.0,0.0,0.00015723298005165736,0.0,-1.1466049028825647e-05
AL,tanque d'arca,1,611.54,0,0.0,0,1.1466049028825647e-05,0.0,0.0,4.2359076564899486e-05,0.0,-1.1466049028825647e-05
AL,taquarana,1,190.43,0,0.0,0,1.1466049028825647e-05,0.0,0.0,1.3190370131559358e-05,0.0,-1.1466049028825647e-05
AL,traipu,1,63.79,0,0.0,0,1.1466049028825647e-05,0.0,0.0,4.4184934657993565e-06,0.0,-1.1466049028825647e-05
AL,uniao dos palmares,1,309.25,0,0.0,0,1.1466049028825647e-05,0.0,0.0,2.1420584798533483e-05,0.0,-1.1466049028825647e-05
AL,vicosa,1,56.05,0,0.0,0,1.1466049028825647e-05,0.0,0.0,3.882372766233797e-06,0.0,-1.1466049028825647e-05
AM,coari,1,1259.04,0,0.0,0,1.1466049028825647e-05,0.0,0.0,8.720896712933095e-05,0.0,-1.1466049028825647e-05
AM,itacoatiara,1,92.98,0,0.0,0,1.1466049028825647e-05,0.0,0.0,6.440375018812105e-06,0.0,-1.1466049028825647e-05
AM,urucurituba,1,83.05,0,0.0,0,1.1466049028825647e-05,0.0,0.0,5.7525612530903985e-06,0.0,-1.1466049028825647e-05
AP,oiapoque,1,425.24,0,0.0,0,1.1466049028825647e-05,0.0,0.0,2.945477600558894e-05,0.0,-1.1466049028825647e-05
AP,porto grande,1,64.14,0,0.0,0,1.1466049028825647e-05,0.0,0.0,4.442736649888239e-06,0.0,-1.1466049028825647e-05
AP,vitoria do jari,1,137.27,0,0.0,0,1.1466049028825647e-05,0.0,0.0,9.508176799659471e-06,0.0,-1.1466049028825647e-05
BA,abaira,1,35.05,0,0.0,0,1.1466049028825647e-05,0.0,0.0,2.427781720900885e-06,0.0,-1.1466049028825647e-05
BA,abrantes,1,200.35,0,0.0,0,1.1466049028825647e-05,0.0,0.0,1.3877491234878524e-05,0.0,-1.1466049028825647e-05
BA,acajutiba,1,50.95,0,0.0,0,1.1466049028825647e-05,0.0,0.0,3.5291149409386614e-06,0.0,-1.1466049028825647e-05
BA,amargosa,1,71.81,0,0.0,0,1.1466049028825647e-05,0.0,0.0,4.974008712636021e-06,0.0,-1.1466049028825647e-05
BA,america dourada,1,217.92,0,0.0,0,1.1466049028825647e-05,0.0,0.0,1.5094499076140393e-05,0.0,-1.1466049028825647e-05
BA,anage,1,97.38,0,0.0,0,1.1466049028825647e-05,0.0,0.0,6.7451464759294765e-06,0.0,-1.1466049028825647e-05
BA,andarai,1,109.5,0,0.0,0,1.1466049028825647e-05,0.0,0.0,7.584653307807329e-06,0.0,-1.1466049028825647e-05
BA,angical,1,293.5,0,0.0,0,1.1466049028825647e-05,0.0,0.0,2.03296415145338e-05,0.0,-1.1466049028825647e-05
BA,anguera,1,144.99,0,0.0,0,1.1466049028825647e-05,0.0,0.0,1.0042912174419952e-05,0.0,-1.1466049028825647e-05
BA,antonio goncalves,1,51.69,0,0.0,0,1.1466049028825647e-05,0.0,0.0,3.580371958726583e-06,0.0,-1.1466049028825647e-05
BA,apora,1,65.7,0,0.0,0,1.1466049028825647e-05,0.0,0.0,4.550791984684398e-06,0.0,-1.1466049028825647e-05
BA,apuarema,1,204.38,0,0.0,0,1.1466049028825647e-05,0.0,0.0,1.4156634183101935e-05,0.0,-1.1466049028825647e-05
BA,aracatu,1,95.76,0,0.0,0,1.1466049028825647e-05,0.0,0.0,6.632935166718081e-06,0.0,-1.1466049028825647e-05
BA,aramari,1,222.56,0,0.0,0,1.1466049028825647e-05,0.0,0.0,1.5415894430918714e-05,0.0,-1.1466049028825647e-05
BA,arataca,1,865.78,0,0.0,0,1.1466049028825647e-05,0.0,0.0,5.996932548706328e-05,0.0,-1.1466049028825647e-05
BA,aribice,1,76.15,0,0.0,0,1.1466049028825647e-05,0.0,0.0,5.274624195338157e-06,0.0,-1.1466049028825647e-05
BA,arraial d ajuda,1,90.7,0,0.0,0,1.1466049028825647e-05,0.0,0.0,6.282447991033103e-06,0.0,-1.1466049028825647e-05
BA,baixa grande,1,66.24,0,0.0,0,1.1466049028825647e-05,0.0,0.0,4.588195754421529e-06,0.0,-1.1466049028825647e-05
BA,banzae,1,127.42,0,0.0,0,1.1466049028825647e-05,0.0,0.0,8.825904333158081e-06,0.0,-1.1466049028825647e-05
BA,barra do choca,1,169.01,0,0.0,0,1.1466049028825647e-05,0.0,0.0,1.1706687265319786e-05,0.0,-1.1466049028825647e-05
BA,barra do tarrachil,1,359.94,0,0.0,0,1.1466049028825647e-05,0.0,0.0,2.493169051700612e-05,0.0,-1.1466049028825647e-05
BA,barro preto,1,146.58,0,0.0,0,1.1466049028825647e-05,0.0,0.0,1.0153045496423729e-05,0.0,-1.1466049028825647e-05
BA,barrocas,1,118.26,0,0.0,0,1.1466049028825647e-05,0.0,0.0,8.191425572431916e-06,0.0,-1.1466049028825647e-05
BA,belmonte,1,60.05,0,0.0,0,1.1466049028825647e-05,0.0,0.0,4.15943772724959e-06,0.0,-1.1466049028825647e-05
BA,biritinga,1,147.57,0,0.0,0,1.1466049028825647e-05,0.0,0.0,1.0221619074275138e-05,0.0,-1.1466049028825647e-05
BA,bonito,1,173.88,0,0.0,0,1.1466049028825647e-05,0.0,0.0,1.2044013855356514e-05,0.0,-1.1466049028825647e-05
BA,boquira,1,95.67,0,0.0,0,1.1466049028825647e-05,0.0,0.0,6.626701205095226e-06,0.0,-1.1466049028825647e-05
BA,botupora,1,346.51,0,0.0,0,1.1466049028825647e-05,0.0,0.0,2.4001444910395593e-05,0.0,-1.1466049028825647e-05
BA,brejoes,1,143.34,0,0.0,0,1.1466049028825647e-05,0.0,0.0,9.928622878000936e-06,0.0,-1.1466049028825647e-05
BA,brejolandia,1,34.78,0,0.0,0,1.1466049028825647e-05,0.0,0.0,2.409079836032319e-06,0.0,-1.1466049028825647e-05
BA,brotas de macaubas,1,185.62,0,0.0,0,1.1466049028825647e-05,0.0,0.0,1.2857199515937867e-05,0.0,-1.1466049028825647e-05
BA,cabaceiras do paraguacu,1,48.69,0,0.0,0,1.1466049028825647e-05,0.0,0.0,3.3725732379647383e-06,0.0,-1.1466049028825647e-05
BA,caem,1,80.02,0,0.0,0,1.1466049028825647e-05,0.0,0.0,5.542684545120936e-06,0.0,-1.1466049028825647e-05
BA,cairu,1,78.64,0,0.0,0,1.1466049028825647e-05,0.0,0.0,5.447097133570487e-06,0.0,-1.1466049028825647e-05
BA,caldas do jorro,1,394.52,0,0.0,0,1.1466049028825647e-05,0.0,0.0,2.7326917104987647e-05,0.0,-1.1466049028825647e-05
BA,campo alegre de lourdes,1,124.89,0,0.0,0,1.1466049028825647e-05,0.0,0.0,8.650660745315592e-06,0.0,-1.1466049028825647e-05
BA,canapolis,1,30.44,0,0.0,0,1.1466049028825647e-05,0.0,0.0,2.1084643533301836e-06,0.0,-1.1466049028825647e-05
BA,canarana,1,130.59,0,0.0,0,1.1466049028825647e-05,0.0,0.0,9.045478314763098e-06,0.0,-1.1466049028825647e-05
BA,candeal,1,176.65,0,0.0,0,1.1466049028825647e-05,0.0,0.0,1.2235881340859952e-05,0.0,-1.1466049028825647e-05
BA,canudos,1,232.89,0,0.0,0,1.1466049028825647e-05,0.0,0.0,1.6131414692741997e-05,0.0,-1.1466049028825647e-05
BA,capela do alto alegre,1,56.78,0,0.0,0,1.1466049028825647e-05,0.0,0.0,3.93293712161918e-06,0.0,-1.1466049028825647e-05
BA,caraibas,1,249.8,0,0.0,0,1.1466049028825647e-05,0.0,0.0,1.7302706815436263e-05,0.0,-1.1466049028825647e-05
BA,carnaiba do sertao,1,99.1,0,0.0,0,1.1466049028825647e-05,0.0,0.0,6.864284409166268e-06,0.0,-1.1466049028825647e-05
BA,catu de abrantes,1,161.42,0,0.0,0,1.1466049028825647e-05,0.0,0.0,1.118095650179232e-05,0.0,-1.1466049028825647e-05
BA,caturama,1,40.79,0,0.0,0,1.1466049028825647e-05,0.0,0.0,2.8253699399585474e-06,0.0,-1.1466049028825647e-05
BA,central,1,142.89,0,0.0,0,1.1466049028825647e-05,0.0,0.0,9.897453069886658e-06,0.0,-1.1466049028825647e-05
BA,chorrocho,1,73.18,0,0.0,0,1.1466049028825647e-05,0.0,0.0,5.06890346178393e-06,0.0,-1.1466049028825647e-05
BA,cipo,1,230.12,0,0.0,0,1.1466049028825647e-05,0.0,0.0,1.593954720723856e-05,0.0,-1.1466049028825647e-05
BA,cocos,1,73.27,0,0.0,0,1.1466049028825647e-05,0.0,0.0,5.075137423406785e-06,0.0,-1.1466049028825647e-05
BA,conceicao do almeida,1,120.14,0,0.0,0,1.1466049028825647e-05,0.0,0.0,8.321646104109339e-06,0.0,-1.1466049028825647e-05
BA,condeuba,1,73.83,0,0.0,0,1.1466049028825647e-05,0.0,0.0,5.113926517948996e-06,0.0,-1.1466049028825647e-05
BA,coracao de maria,1,306.06,0,0.0,0,1.1466049028825647e-05,0.0,0.0,2.119962549212339e-05,0.0,-1.1466049028825647e-05
BA,cordeiros,1,363.64,0,0.0,0,1.1466049028825647e-05,0.0,0.0,2.5187975605945725e-05,0.0,-1.1466049028825647e-05
BA,cotegipe,1,103.15,0,0.0,0,1.1466049028825647e-05,0.0,0.0,7.144812682194758e-06,0.0,-1.1466049028825647e-05
BA,dario meira,1,62.2,0,0.0,0,1.1466049028825647e-05,0.0,0.0,4.308360143795579e-06,0.0,-1.1466049028825647e-05
BA,dias d avila,1,61.79,0,0.0,0,1.1466049028825647e-05,0.0,0.0,4.27996098529146e-06,0.0,-1.1466049028825647e-05
BA,dom macedo costa,1,82.83,0,0.0,0,1.1466049028825647e-05,0.0,0.0,5.73732268023453e-06,0.0,-1.1466049028825647e-05
BA,elisio medrado,1,73.83,0,0.0,0,1.1466049028825647e-05,0.0,0.0,5.113926517948996e-06,0.0,-1.1466049028825647e-05
BA,erico cardoso,1,24.88,0,0.0,0,1.1466049028825647e-05,0.0,0.0,1.7233440575182314e-06,0.0,-1.1466049028825647e-05
BA,filadelfia,1,99.16,0,0.0,0,1.1466049028825647e-05,0.0,0.0,6.868440383581504e-06,0.0,-1.1466049028825647e-05
BA,gentio do ouro,1,121.1,0,0.0,0,1.1466049028825647e-05,0.0,0.0,8.388141694753128e-06,0.0,-1.1466049028825647e-05
BA,gongogi,1,52.13,0,0.0,0,1.1466049028825647e-05,0.0,0.0,3.6108491044383205e-06,0.0,-1.1466049028825647e-05
BA,governador mangabeira,1,116.26,0,0.0,0,1.1466049028825647e-05,0.0,0.0,8.05289309192402e-06,0.0,-1.1466049028825647e-05
BA,heliopolis,1,169.28,0,0.0,0,1.1466049028825647e-05,0.0,0.0,1.1725389150188353e-05,0.0,-1.1466049028825647e-05
BA,humildes,1,360.81,0,0.0,0,1.1466049028825647e-05,0.0,0.0,2.4991952146027053e-05,0.0,-1.1466049028825647e-05
BA,ibiajara,1,65.8,0,0.0,0,1.1466049028825647e-05,0.0,0.0,4.557718608709792e-06,0.0,-1.1466049028825647e-05
BA,ibipeba,1,86.39,0,0.0,0,1.1466049028825647e-05,0.0,0.0,5.983910495538586e-06,0.0,-1.1466049028825647e-05
BA,ibiraja,1,330.14,0,0.0,0,1.1466049028825647e-05,0.0,0.0,2.286755655743846e-05,0.0,-1.1466049028825647e-05
BA,ibirapua,1,141.42,0,0.0,0,1.1466049028825647e-05,0.0,0.0,9.795631696713356e-06,0.0,-1.1466049028825647e-05
BA,ibitiara,1,157.28,0,0.0,0,1.1466049028825647e-05,0.0,0.0,1.0894194267140975e-05,0.0,-1.1466049028825647e-05
BA,ibitira,1,421.03,0,0.0,0,1.1466049028825647e-05,0.0,0.0,2.9163165134119813e-05,0.0,-1.1466049028825647e-05
BA,ibitita,1,1534.58,0,0.0,0,1.1466049028825647e-05,0.0,0.0,0.00010629458696890384,0.0,-1.1466049028825647e-05
BA,igapora,1,56.78,0,0.0,0,1.1466049028825647e-05,0.0,0.0,3.93293712161918e-06,0.0,-1.1466049028825647e-05
BA,igrapiuna,1,52.05,0,0.0,0,1.1466049028825647e-05,0.0,0.0,3.605307805218004e-06,0.0,-1.1466049028825647e-05
BA,ipecaeta,1,40.19,0,0.0,0,1.1466049028825647e-05,0.0,0.0,2.7838101958061786e-06,0.0,-1.1466049028825647e-05
BA,ipupiara,1,525.85,0,0.0,0,1.1466049028825647e-05,0.0,0.0,3.642365243753867e-05,0.0,-1.1466049028825647e-05
BA,itagimirim,1,193.06,0,0.0,0,1.1466049028825647e-05,0.0,0.0,1.3372540343427242e-05,0.0,-1.1466049028825647e-05
BA,itaguacu da bahia,1,267.89,0,0.0,0,1.1466049028825647e-05,0.0,0.0,1.8555733101630184e-05,0.0,-1.1466049028825647e-05
BA,itaju do colonia,1,56.69,0,0.0,0,1.1466049028825647e-05,0.0,0.0,3.9267031599963235e-06,0.0,-1.1466049028825647e-05
BA,itamira,1,33.06,0,0.0,0,1.1466049028825647e-05,0.0,0.0,2.289941902795528e-06,0.0,-1.1466049028825647e-05
BA,itanhem,1,278.66,0,0.0,0,1.1466049028825647e-05,0.0,0.0,1.930173050916521e-05,0.0,-1.1466049028825647e-05
BA,itaparica,1,188.36,0,0.0,0,1.1466049028825647e-05,0.0,0.0,1.3046989014233686e-05,0.0,-1.1466049028825647e-05
BA,itape,1,258.56,0,0.0,0,1.1466049028825647e-05,0.0,0.0,1.790947908006085e-05,0.0,-1.1466049028825647e-05
BA,itororo,1,484.86,0,0.0,0,1.1466049028825647e-05,0.0,0.0,3.358442924952933e-05,0.0,-1.1466049028825647e-05
BA,jacuipe,1,34.78,0,0.0,0,1.1466049028825647e-05,0.0,0.0,2.409079836032319e-06,0.0,-1.1466049028825647e-05
BA,jandaira,1,77.98,0,0.0,0,1.1466049028825647e-05,0.0,0.0,5.401381415002882e-06,0.0,-1.1466049028825647e-05
BA,jaua,1,177.38,0,0.0,0,1.1466049028825647e-05,0.0,0.0,1.2286445696245334e-05,0.0,-1.1466049028825647e-05
BA,jiquirica,1,519.93,0,0.0,0,1.1466049028825647e-05,0.0,0.0,3.601359629523529e-05,0.0,-1.1466049028825647e-05
BA,joao dourado,1,36.69,0,0.0,0,1.1466049028825647e-05,0.0,0.0,2.5413783549173595e-06,0.0,-1.1466049028825647e-05
BA,jussiape,1,53.79,0,0.0,0,1.1466049028825647e-05,0.0,0.0,3.725831063259874e-06,0.0,-1.1466049028825647e-05
BA,lamarao,1,81.34,0,0.0,0,1.1466049028825647e-05,0.0,0.0,5.6341159822561476e-06,0.0,-1.1466049028825647e-05
BA,lencois,1,307.68,0,0.0,0,1.1466049028825647e-05,0.0,0.0,2.1311836801334784e-05,0.0,-1.1466049028825647e-05
BA,maiquinique,1,139.48,0,0.0,0,1.1466049028825647e-05,0.0,0.0,9.661255190620696e-06,0.0,-1.1466049028825647e-05
BA,mansidao,1,65.79,0,0.0,0,1.1466049028825647e-05,0.0,0.0,4.557025946307253e-06,0.0,-1.1466049028825647e-05
BA,monte gordo,1,224.17,0,0.0,0,1.1466049028825647e-05,0.0,0.0,1.552741307772757e-05,0.0,-1.1466049028825647e-05
BA,monte santo,1,40.0,0,0.0,0,1.1466049028825647e-05,0.0,0.0,2.7706496101579284e-06,0.0,-1.1466049028825647e-05
BA,morro de sao paulo,1,832.0,0,0.0,0,1.1466049028825647e-05,0.0,0.0,5.7629511891284914e-05,0.0,-1.1466049028825647e-05
BA,mucuge,1,285.74,0,0.0,0,1.1466049028825647e-05,0.0,0.0,1.9792135490163163e-05,0.0,-1.1466049028825647e-05
BA,mundo novo,1,157.28,0,0.0,0,1.1466049028825647e-05,0.0,0.0,1.0894194267140975e-05,0.0,-1.1466049028825647e-05
BA,muritiba,1,222.63,0,0.0,0,1.1466049028825647e-05,0.0,0.0,1.542074306773649e-05,0.0,-1.1466049028825647e-05
BA,nova fatima,1,188.29,0,0.0,0,1.1466049028825647e-05,0.0,0.0,1.3042140377415909e-05,0.0,-1.1466049028825647e-05
BA,nova redencao,1,36.69,0,0.0,0,1.1466049028825647e-05,0.0,0.0,2.5413783549173595e-06,0.0,-1.1466049028825647e-05
BA,nova vicosa,1,271.01,0,0.0,0,1.1466049028825647e-05,0.0,0.0,1.8771843771222505e-05,0.0,-1.1466049028825647e-05
BA,pau brasil,1,315.92,0,0.0,0,1.1466049028825647e-05,0.0,0.0,2.188259062102732e-05,0.0,-1.1466049028825647e-05
BA,pedrao,1,343.71,0,0.0,0,1.1466049028825647e-05,0.0,0.0,2.380749943768454e-05,0.0,-1.1466049028825647e-05
BA,pirai do norte,1,46.28,0,0.0,0,1.1466049028825647e-05,0.0,0.0,3.2056415989527234e-06,0.0,-1.1466049028825647e-05
BA,planaltino,1,254.44,0,0.0,0,1.1466049028825647e-05,0.0,0.0,1.7624102170214583e-05,0.0,-1.1466049028825647e-05
BA,planalto,1,116.45,0,0.0,0,1.1466049028825647e-05,0.0,0.0,8.06605367757227e-06,0.0,-1.1466049028825647e-05
BA,ponto novo,1,377.0,0,0.0,0,1.1466049028825647e-05,0.0,0.0,2.6113372575738475e-05,0.0,-1.1466049028825647e-05
BA,presidente janio quadros,1,173.88,0,0.0,0,1.1466049028825647e-05,0.0,0.0,1.2044013855356514e-05,0.0,-1.1466049028825647e-05
BA,quijingue,1,65.68,0,0.0,0,1.1466049028825647e-05,0.0,0.0,4.549406659879319e-06,0.0,-1.1466049028825647e-05
BA,retirolandia,1,117.0,0,0.0,0,1.1466049028825647e-05,0.0,0.0,8.10415010971194e-06,0.0,-1.1466049028825647e-05
BA,riachao das neves,1,247.77,0,0.0,0,1.1466049028825647e-05,0.0,0.0,1.716209634772075e-05,0.0,-1.1466049028825647e-05
BA,ribeira do amparo,1,61.79,0,0.0,0,1.1466049028825647e-05,0.0,0.0,4.27996098529146e-06,0.0,-1.1466049028825647e-05
BA,salinas da margarida,1,82.12,0,0.0,0,1.1466049028825647e-05,0.0,0.0,5.688143649654227e-06,0.0,-1.1466049028825647e-05
BA,salobro,1,89.15,0,0.0,0,1.1466049028825647e-05,0.0,0.0,6.1750853186394835e-06,0.0,-1.1466049028825647e-05
BA,santa brigida,1,104.73,0,0.0,0,1.1466049028825647e-05,0.0,0.0,7.254253341795996e-06,0.0,-1.1466049028825647e-05
BA,santana do sobrado,1,54.82,0,0.0,0,1.1466049028825647e-05,0.0,0.0,3.797175290721441e-06,0.0,-1.1466049028825647e-05
BA,sao desiderio,1,161.19,0,0.0,0,1.1466049028825647e-05,0.0,0.0,1.1165025266533912e-05,0.0,-1.1466049028825647e-05
BA,sao felix,1,44.69,0,0.0,0,1.1466049028825647e-05,0.0,0.0,3.095508276948945e-06,0.0,-1.1466049028825647e-05
BA,sao felix do coribe,1,266.06,0,0.0,0,1.1466049028825647e-05,0.0,0.0,1.842897588196546e-05,0.0,-1.1466049028825647e-05
BA,sao miguel das matas,1,221.0,0,0.0,0,1.1466049028825647e-05,0.0,0.0,1.5307839096122555e-05,0.0,-1.1466049028825647e-05
BA,satiro dias,1,41.29,0,0.0,0,1.1466049028825647e-05,0.0,0.0,2.8600030600855218e-06,0.0,-1.1466049028825647e-05
BA,saubara,1,228.6,0,0.0,0,1.1466049028825647e-05,0.0,0.0,1.583426252205256e-05,0.0,-1.1466049028825647e-05
BA,sento se,1,76.08,0,0.0,0,1.1466049028825647e-05,0.0,0.0,5.26977555852038e-06,0.0,-1.1466049028825647e-05
BA,serrolandia,1,178.02,0,0.0,0,1.1466049028825647e-05,0.0,0.0,1.233077609000786e-05,0.0,-1.1466049028825647e-05
BA,taboquinhas,1,303.27,0,0.0,0,1.1466049028825647e-05,0.0,0.0,2.1006372681814874e-05,0.0,-1.1466049028825647e-05
BA,teodoro sampaio,1,87.28,0,0.0,0,1.1466049028825647e-05,0.0,0.0,6.0455574493646e-06,0.0,-1.1466049028825647e-05
BA,ubata,1,210.18,0,0.0,0,1.1466049028825647e-05,0.0,0.0,1.4558378376574835e-05,0.0,-1.1466049028825647e-05
BA,umburanas,1,123.75,0,0.0,0,1.1466049028825647e-05,0.0,0.0,8.571697231426091e-06,0.0,-1.1466049028825647e-05
BA,varzea do poco,1,73.83,0,0.0,0,1.1466049028825647e-05,0.0,0.0,5.113926517948996e-06,0.0,-1.1466049028825647e-05
BA,varzedo,1,65.53,0,0.0,0,1.1466049028825647e-05,0.0,0.0,4.539016723841226e-06,0.0,-1.1466049028825647e-05
BA,vereda,1,133.72,0,0.0,0,1.1466049028825647e-05,0.0,0.0,9.262281646757956e-06,0.0,-1.1466049028825647e-05
BA,wenceslau guimaraes,1,137.5,0,0.0,0,1.1466049028825647e-05,0.0,0.0,9.524108034917879e-06,0.0,-1.1466049028825647e-05
CE,amanari,1,419.39,0,0.0,0,1.1466049028825647e-05,0.0,0.0,2.904956850010334e-05,0.0,-1.1466049028825647e-05
CE,amontada,1,81.57,0,0.0,0,1.1466049028825647e-05,0.0,0.0,5.650047217514555e-06,0.0,-1.1466049028825647e-05
CE,antonina do norte,1,130.58,0,0.0,0,1.1466049028825647e-05,0.0,0.0,9.044785652360558e-06,0.0,-1.1466049028825647e-05
CE,apuiares,1,203.08,0,0.0,0,1.1466049028825647e-05,0.0,0.0,1.4066588070771804e-05,0.0,-1.1466049028825647e-05
CE,aquiraz,1,398.85,0,0.0,0,1.1466049028825647e-05,0.0,0.0,2.7626839925287246e-05,0.0,-1.1466049028825647e-05
CE,araripe,1,155.0,0,0.0,0,1.1466049028825647e-05,0.0,0.0,1.0736267239361972e-05,0.0,-1.1466049028825647e-05
CE,assare,1,118.26,0,0.0,0,1.1466049028825647e-05,0.0,0.0,8.191425572431916e-06,0.0,-1.1466049028825647e-05
CE,banabuiu,1,139.61,0,0.0,0,1.1466049028825647e-05,0.0,0.0,9.670259801853712e-06,0.0,-1.1466049028825647e-05
CE,barreira,1,142.01,0,0.0,0,1.1466049028825647e-05,0.0,0.0,9.836498778463185e-06,0.0,-1.1466049028825647e-05
CE,capistrano,1,72.16,0,0.0,0,1.1466049028825647e-05,0.0,0.0,4.998251896724903e-06,0.0,-1.1466049028825647e-05
CE,caridade,1,99.9,0,0.0,0,1.1466049028825647e-05,0.0,0.0,6.919697401369427e-06,0.0,-1.1466049028825647e-05
CE,cedro,1,356.11,0,0.0,0,1.1466049028825647e-05,0.0,0.0,2.4666400816833497e-05,0.0,-1.1466049028825647e-05
CE,chaval,1,179.45,0,0.0,0,1.1466049028825647e-05,0.0,0.0,1.2429826813571006e-05,0.0,-1.1466049028825647e-05
CE,coreau,1,54.81,0,0.0,0,1.1466049028825647e-05,0.0,0.0,3.7964826283189016e-06,0.0,-1.1466049028825647e-05
CE,croata,1,87.8,0,0.0,0,1.1466049028825647e-05,0.0,0.0,6.0815758942966525e-06,0.0,-1.1466049028825647e-05
CE,dourado,1,218.58,0,0.0,0,1.1466049028825647e-05,0.0,0.0,1.5140214794708001e-05,0.0,-1.1466049028825647e-05
CE,flores,1,149.9,0,0.0,0,1.1466049028825647e-05,0.0,0.0,1.0383009414066837e-05,0.0,-1.1466049028825647e-05
CE,fortim,1,205.53,0,0.0,0,1.1466049028825647e-05,0.0,0.0,1.4236290359393976e-05,0.0,-1.1466049028825647e-05
CE,groairas,1,178.5,0,0.0,0,1.1466049028825647e-05,0.0,0.0,1.2364023885329755e-05,0.0,-1.1466049028825647e-05
CE,guaiuba,1,762.05,0,0.0,0,1.1466049028825647e-05,0.0,0.0,5.278433838552123e-05,0.0,-1.1466049028825647e-05
CE,guassusse,1,169.92,0,0.0,0,1.1466049028825647e-05,0.0,0.0,1.176971954395088e-05,0.0,-1.1466049028825647e-05
CE,ibicuitinga,1,54.62,0,0.0,0,1.1466049028825647e-05,0.0,0.0,3.783322042670651e-06,0.0,-1.1466049028825647e-05
CE,independencia,1,136.05,0,0.0,0,1.1466049028825647e-05,0.0,0.0,9.423671986549655e-06,0.0,-1.1466049028825647e-05
CE,ipaumirim,1,307.11,0,0.0,0,1.1466049028825647e-05,0.0,0.0,2.1272355044390036e-05,0.0,-1.1466049028825647e-05
CE,itaicaba,1,70.03,0,0.0,0,1.1466049028825647e-05,0.0,0.0,4.850714804983993e-06,0.0,-1.1466049028825647e-05
CE,itapage,1,236.13,0,0.0,0,1.1466049028825647e-05,0.0,0.0,1.635583731116479e-05,0.0,-1.1466049028825647e-05
CE,itapiuna,1,106.24,0,0.0,0,1.1466049028825647e-05,0.0,0.0,7.358845364579457e-06,0.0,-1.1466049028825647e-05
CE,itarema,1,99.95,0,0.0,0,1.1466049028825647e-05,0.0,0.0,6.923160713382124e-06,0.0,-1.1466049028825647e-05
CE,jaguaribara,1,125.23,0,0.0,0,1.1466049028825647e-05,0.0,0.0,8.674211267001935e-06,0.0,-1.1466049028825647e-05
CE,jucas,1,363.96,0,0.0,0,1.1466049028825647e-05,0.0,0.0,2.521014080282699e-05,0.0,-1.1466049028825647e-05
CE,lages,1,78.1,0,0.0,0,1.1466049028825647e-05,0.0,0.0,5.409693363833355e-06,0.0,-1.1466049028825647e-05
CE,lagoa do mato,1,61.62,0,0.0,0,1.1466049028825647e-05,0.0,0.0,4.268185724448288e-06,0.0,-1.1466049028825647e-05
CE,madalena,1,176.24,0,0.0,0,1.1466049028825647e-05,0.0,0.0,1.2207482182355833e-05,0.0,-1.1466049028825647e-05
CE,mauriti,1,57.28,0,0.0,0,1.1466049028825647e-05,0.0,0.0,3.967570241746154e-06,0.0,-1.1466049028825647e-05
CE,missao velha,1,40.62,0,0.0,0,1.1466049028825647e-05,0.0,0.0,2.813594679115376e-06,0.0,-1.1466049028825647e-05
CE,mombaca,1,247.98,0,0.0,0,1.1466049028825647e-05,0.0,0.0,1.7176642258174076e-05,0.0,-1.1466049028825647e-05
CE,mucambo,1,149.14,0,0.0,0,1.1466049028825647e-05,0.0,0.0,1.0330367071473836e-05,0.0,-1.1466049028825647e-05
CE,pacuja,1,538.39,0,0.0,0,1.1466049028825647e-05,0.0,0.0,3.729225109032318e-05,0.0,-1.1466049028825647e-05
CE,pindoretama,1,63.18,0,0.0,0,1.1466049028825647e-05,0.0,0.0,4.376241059244448e-06,0.0,-1.1466049028825647e-05
CE,pires ferreira,1,43.79,0,0.0,0,1.1466049028825647e-05,0.0,0.0,3.033168660720392e-06,0.0,-1.1466049028825647e-05
CE,porteiras,1,42.18,0,0.0,0,1.1466049028825647e-05,0.0,0.0,2.9216500139115355e-06,0.0,-1.1466049028825647e-05
CE,potengi,1,193.1,0,0.0,0,1.1466049028825647e-05,0.0,0.0,1.33753109930374e-05,0.0,-1.1466049028825647e-05
CE,saboeiro,1,201.83,0,0.0,0,1.1466049028825647e-05,0.0,0.0,1.3980005270454368e-05,0.0,-1.1466049028825647e-05
CE,sao luis do curu,1,175.1,0,0.0,0,1.1466049028825647e-05,0.0,0.0,1.2128518668466332e-05,0.0,-1.1466049028825647e-05
CE,tabuleiro do norte,1,71.88,0,0.0,0,1.1466049028825647e-05,0.0,0.0,4.978857349453797e-06,0.0,-1.1466049028825647e-05
CE,taperuaba,1,82.42,0,0.0,0,1.1466049028825647e-05,0.0,0.0,5.7089235217304115e-06,0.0,-1.1466049028825647e-05
CE,tururu,1,215.6,0,0.0,0,1.1466049028825647e-05,0.0,0.0,1.4933801398751235e-05,0.0,-1.1466049028825647e-05
CE,uruburetama,1,87.8,0,0.0,0,1.1466049028825647e-05,0.0,0.0,6.0815758942966525e-06,0.0,-1.1466049028825647e-05
CE,vicosa do ceara,1,43.79,0,0.0,0,1.1466049028825647e-05,0.0,0.0,3.033168660720392e-06,0.0,-1.1466049028825647e-05
DF,ceilandia,1,68.84,0,0.0,0,1.1466049028825647e-05,0.0,0.0,4.768287979081795e-06,0.0,-1.1466049028825647e-05
DF,guara,1,185.09,0,0.0,0,1.1466049028825647e-05,0.0,0.0,1.2820488408603275e-05,0.0,-1.1466049028825647e-05
DF,santa maria,1,34.09,0,0.0,0,1.1466049028825647e-05,0.0,0.0,2.361286130257095e-06,0.0,-1.1466049028825647e-05
DF,sobradinho,1,115.94,0,0.0,0,1.1466049028825647e-05,0.0,0.0,8.030727895042756e-06,0.0,-1.1466049028825647e-05
ES,aguia branca,1,31.13,0,0.0,0,1.1466049028825647e-05,0.0,0.0,2.1562580591054078e-06,0.0,-1.1466049028825647e-05
ES,araguaia,1,67.23,0,0.0,0,1.1466049028825647e-05,0.0,0.0,4.656769332272939e-06,0.0,-1.1466049028825647e-05
ES,atilio vivacqua,1,107.78,0,0.0,0,1.1466049028825647e-05,0.0,0.0,7.4655153745705385e-06,0.0,-1.1466049028825647e-05
ES,brejetuba,1,144.54,0,0.0,0,1.1466049028825647e-05,0.0,0.0,1.0011742366305674e-05,0.0,-1.1466049028825647e-05
ES,divino de sao lourenco,1,149.16,0,0.0,0,1.1466049028825647e-05,0.0,0.0,1.0331752396278915e-05,0.0,-1.1466049028825647e-05
ES,ibiracu,1,57.5,0,0.0,0,1.1466049028825647e-05,0.0,0.0,3.982808814602022e-06,0.0,-1.1466049028825647e-05
ES,iuna,1,44.23,0,0.0,0,1.1466049028825647e-05,0.0,0.0,3.0636458064321292e-06,0.0,-1.1466049028825647e-05
ES,laranja da terra,1,85.6,0,0.0,0,1.1466049028825647e-05,0.0,0.0,5.929190165737966e-06,0.0,-1.1466049028825647e-05
ES,mucurici,1,415.66,0,0.0,0,1.1466049028825647e-05,0.0,0.0,2.8791205423956114e-05,0.0,-1.1466049028825647e-05
ES,novo brasil,1,103.75,0,0.0,0,1.1466049028825647e-05,0.0,0.0,7.186372426347127e-06,0.0,-1.1466049028825647e-05
ES,pacotuba,1,69.14,0,0.0,0,1.1466049028825647e-05,0.0,0.0,4.789067851157979e-06,0.0,-1.1466049028825647e-05
ES,pancas,1,198.9,0,0.0,0,1.1466049028825647e-05,0.0,0.0,1.37770551865103e-05,0.0,-1.1466049028825647e-05
ES,paraju,1,105.74,0,0.0,0,1.1466049028825647e-05,0.0,0.0,7.324212244452483e-06,0.0,-1.1466049028825647e-05
ES,piacu,1,194.48,0,0.0,0,1.1466049028825647e-05,0.0,0.0,1.3470898404587847e-05,0.0,-1.1466049028825647e-05
ES,praia grande,1,75.08,0,0.0,0,1.1466049028825647e-05,0.0,0.0,5.200509318266431e-06,0.0,-1.1466049028825647e-05
ES,presidente kennedy,1,143.49,0,0.0,0,1.1466049028825647e-05,0.0,0.0,9.939012814039029e-06,0.0,-1.1466049028825647e-05
ES,quilometro 14 do mutum,1,66.01,0,0.0,0,1.1466049028825647e-05,0.0,0.0,4.572264519163122e-06,0.0,-1.1466049028825647e-05
ES,santa leopoldina,1,107.78,0,0.0,0,1.1466049028825647e-05,0.0,0.0,7.4655153745705385e-06,0.0,-1.1466049028825647e-05
ES,santo antonio do canaa,1,194.88,0,0.0,0,1.1466049028825647e-05,0.0,0.0,1.3498604900689427e-05,0.0,-1.1466049028825647e-05
ES,sao joao de petropolis,1,43.09,0,0.0,0,1.1466049028825647e-05,0.0,0.0,2.9846822925426285e-06,0.0,-1.1466049028825647e-05
ES,sao joao do sobrado,1,73.56,0,0.0,0,1.1466049028825647e-05,0.0,0.0,5.095224633080431e-06,0.0,-1.1466049028825647e-05
ES,vargem grande do soturno,1,111.02,0,0.0,0,1.1466049028825647e-05,0.0,0.0,7.68993799299333e-06,0.0,-1.1466049028825647e-05
GO,abadiania,1,1025.52,0,0.0,0,1.1466049028825647e-05,0.0,0.0,7.103391470522897e-05,0.0,-1.1466049028825647e-05
GO,agua fria de goias,1,167.81,0,0.0,0,1.1466049028825647e-05,0.0,0.0,1.1623567777015049e-05,0.0,-1.1466049028825647e-05
GO,agua limpa,1,416.8,0,0.0,0,1.1466049028825647e-05,0.0,0.0,2.8870168937845615e-05,0.0,-1.1466049028825647e-05
GO,apore,1,197.38,0,0.0,0,1.1466049028825647e-05,0.0,0.0,1.3671770501324298e-05,0.0,-1.1466049028825647e-05
GO,aragoiania,1,112.9,0,0.0,0,1.1466049028825647e-05,0.0,0.0,7.820158524670753e-06,0.0,-1.1466049028825647e-05
GO,arenopolis,1,128.9,0,0.0,0,1.1466049028825647e-05,0.0,0.0,8.928418368733925e-06,0.0,-1.1466049028825647e-05
GO,aruana,1,180.31,0,0.0,0,1.1466049028825647e-05,0.0,0.0,1.2489395780189402e-05,0.0,-1.1466049028825647e-05
GO,barro alto,1,123.33,0,0.0,0,1.1466049028825647e-05,0.0,0.0,8.542605410519433e-06,0.0,-1.1466049028825647e-05
GO,bom jardim de goias,1,25.1,0,0.0,0,1.1466049028825647e-05,0.0,0.0,1.7385826303741002e-06,0.0,-1.1466049028825647e-05
GO,britania,1,105.37,0,0.0,0,1.1466049028825647e-05,0.0,0.0,7.298583735558523e-06,0.0,-1.1466049028825647e-05
GO,buriti alegre,1,48.22,0,0.0,0,1.1466049028825647e-05,0.0,0.0,3.3400181050453825e-06,0.0,-1.1466049028825647e-05
GO,cabeceiras,1,33.13,0,0.0,0,1.1466049028825647e-05,0.0,0.0,2.2947905396133045e-06,0.0,-1.1466049028825647e-05
GO,campinacu,1,195.91,0,0.0,0,1.1466049028825647e-05,0.0,0.0,1.3569949128150994e-05,0.0,-1.1466049028825647e-05
GO,campos verdes,1,413.04,0,0.0,0,1.1466049028825647e-05,0.0,0.0,2.860972787449077e-05,0.0,-1.1466049028825647e-05
GO,cezarina,1,31.72,0,0.0,0,1.1466049028825647e-05,0.0,0.0,2.197125140855237e-06,0.0,-1.1466049028825647e-05
GO,cocalzinho de goias,1,203.08,0,0.0,0,1.1466049028825647e-05,0.0,0.0,1.4066588070771804e-05,0.0,-1.1466049028825647e-05
GO,crominia,1,61.0,0,0.0,0,1.1466049028825647e-05,0.0,0.0,4.225240655490841e-06,0.0,-1.1466049028825647e-05
GO,diorama,1,266.92,0,0.0,0,1.1466049028825647e-05,0.0,0.0,1.848854484858386e-05,0.0,-1.1466049028825647e-05
GO,divinopolis de goias,1,94.3,0,0.0,0,1.1466049028825647e-05,0.0,0.0,6.531806455947316e-06,0.0,-1.1466049028825647e-05
GO,flores de goias,1,43.22,0,0.0,0,1.1466049028825647e-05,0.0,0.0,2.9936869037756415e-06,0.0,-1.1466049028825647e-05
GO,formoso,1,61.93,0,0.0,0,1.1466049028825647e-05,0.0,0.0,4.289658258927013e-06,0.0,-1.1466049028825647e-05
GO,goiandira,1,113.13,0,0.0,0,1.1466049028825647e-05,0.0,0.0,7.83608975992916e-06,0.0,-1.1466049028825647e-05
GO,iaciara,1,35.09,0,0.0,0,1.1466049028825647e-05,0.0,0.0,2.430552370511043e-06,0.0,-1.1466049028825647e-05
GO,ipiranga de goias,1,139.98,0,0.0,0,1.1466049028825647e-05,0.0,0.0,9.695888310747669e-06,0.0,-1.1466049028825647e-05
GO,itaguari,1,913.7,0,0.0,0,1.1466049028825647e-05,0.0,0.0,6.328856372003248e-05,0.0,-1.1466049028825647e-05
GO,jandaia,1,53.4,0,0.0,0,1.1466049028825647e-05,0.0,0.0,3.6988172295608343e-06,0.0,-1.1466049028825647e-05
GO,jardim abc de goias,1,34.09,0,0.0,0,1.1466049028825647e-05,0.0,0.0,2.361286130257095e-06,0.0,-1.1466049028825647e-05
GO,jaupaci,1,105.28,0,0.0,0,1.1466049028825647e-05,0.0,0.0,7.292349773935668e-06,0.0,-1.1466049028825647e-05
GO,leopoldo de bulhoes,1,300.76,0,0.0,0,1.1466049028825647e-05,0.0,0.0,2.0832514418777462e-05,0.0,-1.1466049028825647e-05
GO,mara rosa,1,99.34,0,0.0,0,1.1466049028825647e-05,0.0,0.0,6.880908306827216e-06,0.0,-1.1466049028825647e-05
GO,montividiu do norte,1,33.09,0,0.0,0,1.1466049028825647e-05,0.0,0.0,2.2920198900031465e-06,0.0,-1.1466049028825647e-05
GO,morro agudo de goias,1,50.68,0,0.0,0,1.1466049028825647e-05,0.0,0.0,3.510413056070095e-06,0.0,-1.1466049028825647e-05
GO,mossamedes,1,84.14,0,0.0,0,1.1466049028825647e-05,0.0,0.0,5.828061454967203e-06,0.0,-1.1466049028825647e-05
GO,mutunopolis,1,58.56,0,0.0,0,1.1466049028825647e-05,0.0,0.0,4.056231029271207e-06,0.0,-1.1466049028825647e-05
GO,nova america,1,66.11,0,0.0,0,1.1466049028825647e-05,0.0,0.0,4.579191143188516e-06,0.0,-1.1466049028825647e-05
GO,nova crixas,1,176.18,0,0.0,0,1.1466049028825647e-05,0.0,0.0,1.2203326207940597e-05,0.0,-1.1466049028825647e-05
GO,nova roma,1,67.59,0,0.0,0,1.1466049028825647e-05,0.0,0.0,4.6817051787643595e-06,0.0,-1.1466049028825647e-05
GO,novo planalto,1,46.29,0,0.0,0,1.1466049028825647e-05,0.0,0.0,3.2063342613552628e-06,0.0,-1.1466049028825647e-05
GO,ouro verde de goias,1,98.23,0,0.0,0,1.1466049028825647e-05,0.0,0.0,6.804022780145333e-06,0.0,-1.1466049028825647e-05
GO,ouvidor,1,401.07,0,0.0,0,1.1466049028825647e-05,0.0,0.0,2.778061097865101e-05,0.0,-1.1466049028825647e-05
GO,palminopolis,1,237.94,0,0.0,0,1.1466049028825647e-05,0.0,0.0,1.6481209206024436e-05,0.0,-1.1466049028825647e-05
GO,pontalina,1,488.72,0,0.0,0,1.1466049028825647e-05,0.0,0.0,3.385179693690957e-05,0.0,-1.1466049028825647e-05
GO,portelandia,1,69.23,0,0.0,0,1.1466049028825647e-05,0.0,0.0,4.795301812780835e-06,0.0,-1.1466049028825647e-05
GO,sao joao da parauna,1,187.84,0,0.0,0,1.1466049028825647e-05,0.0,0.0,1.3010970569301633e-05,0.0,-1.1466049028825647e-05
GO,sao luiz do norte,1,148.33,0,0.0,0,1.1466049028825647e-05,0.0,0.0,1.0274261416868138e-05,0.0,-1.1466049028825647e-05
GO,sao patricio,1,172.96,0,0.0,0,1.1466049028825647e-05,0.0,0.0,1.1980288914322883e-05,0.0,-1.1466049028825647e-05
GO,teresina de goias,1,96.8,0,0.0,0,1.1466049028825647e-05,0.0,0.0,6.7049720565821865e-06,0.0,-1.1466049028825647e-05
GO,trombas,1,32.07,0,0.0,0,1.1466049028825647e-05,0.0,0.0,2.2213683249441193e-06,0.0,-1.1466049028825647e-05
GO,turvelandia,1,42.4,0,0.0,0,1.1466049028825647e-05,0.0,0.0,2.936888586767404e-06,0.0,-1.1466049028825647e-05
MA,alcantara,1,464.86,0,0.0,0,1.1466049028825647e-05,0.0,0.0,3.219910444445036e-05,0.0,-1.1466049028825647e-05
MA,alto alegre do maranhao,1,123.32,0,0.0,0,1.1466049028825647e-05,0.0,0.0,8.541912748116893e-06,0.0,-1.1466049028825647e-05
MA,alto alegre do pindare,1,259.56,0,0.0,0,1.1466049028825647e-05,0.0,0.0,1.7978745320314797e-05,0.0,-1.1466049028825647e-05
MA,amapa do maranhao,1,50.05,0,0.0,0,1.1466049028825647e-05,0.0,0.0,3.466775324710108e-06,0.0,-1.1466049028825647e-05
MA,araguana,1,224.07,0,0.0,0,1.1466049028825647e-05,0.0,0.0,1.5520486453702177e-05,0.0,-1.1466049028825647e-05
MA,arame,1,64.14,0,0.0,0,1.1466049028825647e-05,0.0,0.0,4.442736649888239e-06,0.0,-1.1466049028825647e-05
MA,bela vista do maranhao,1,83.15,0,0.0,0,1.1466049028825647e-05,0.0,0.0,5.759487877115794e-06,0.0,-1.1466049028825647e-05
MA,benedito leite,1,134.12,0,0.0,0,1.1466049028825647e-05,0.0,0.0,9.289988142859535e-06,0.0,-1.1466049028825647e-05
MA,bequimao,1,386.15,0,0.0,0,1.1466049028825647e-05,0.0,0.0,2.67471586740621e-05,0.0,-1.1466049028825647e-05
MA,bom jardim,1,60.05,0,0.0,0,1.1466049028825647e-05,0.0,0.0,4.15943772724959e-06,0.0,-1.1466049028825647e-05
MA,brejo,1,138.24,0,0.0,0,1.1466049028825647e-05,0.0,0.0,9.575365052705801e-06,0.0,-1.1466049028825647e-05
MA,buriti,1,229.9,0,0.0,0,1.1466049028825647e-05,0.0,0.0,1.5924308634382694e-05,0.0,-1.1466049028825647e-05
MA,cajapio,1,149.16,0,0.0,0,1.1466049028825647e-05,0.0,0.0,1.0331752396278915e-05,0.0,-1.1466049028825647e-05
MA,cajari,1,316.3,0,0.0,0,1.1466049028825647e-05,0.0,0.0,2.190891179232382e-05,0.0,-1.1466049028825647e-05
MA,candido mendes,1,316.58,0,0.0,0,1.1466049028825647e-05,0.0,0.0,2.1928306339594924e-05,0.0,-1.1466049028825647e-05
MA,cantanhede,1,735.85,0,0.0,0,1.1466049028825647e-05,0.0,0.0,5.0969562890867793e-05,0.0,-1.1466049028825647e-05
MA,centro novo do maranhao,1,352.81,0,0.0,0,1.1466049028825647e-05,0.0,0.0,2.443782222399547e-05,0.0,-1.1466049028825647e-05
MA,cidelandia,1,528.8,0,0.0,0,1.1466049028825647e-05,0.0,0.0,3.662798784628781e-05,0.0,-1.1466049028825647e-05
MA,formosa da serra negra,1,155.5,0,0.0,0,1.1466049028825647e-05,0.0,0.0,1.0770900359488947e-05,0.0,-1.1466049028825647e-05
MA,goncalves dias,1,99.25,0,0.0,0,1.1466049028825647e-05,0.0,0.0,6.87467434520436e-06,0.0,-1.1466049028825647e-05
MA,governador eugenio barros,1,417.45,0,0.0,0,1.1466049028825647e-05,0.0,0.0,2.891519199401068e-05,0.0,-1.1466049028825647e-05
MA,guimaraes,1,252.11,0,0.0,0,1.1466049028825647e-05,0.0,0.0,1.7462711830422883e-05,0.0,-1.1466049028825647e-05
MA,humberto de campos,1,81.57,0,0.0,0,1.1466049028825647e-05,0.0,0.0,5.650047217514555e-06,0.0,-1.1466049028825647e-05
MA,icatu,1,892.9,0,0.0,0,1.1466049028825647e-05,0.0,0.0,6.184782592275035e-05,0.0,-1.1466049028825647e-05
MA,jatoba,1,186.36,0,0.0,0,1.1466049028825647e-05,0.0,0.0,1.290845653372579e-05,0.0,-1.1466049028825647e-05
MA,joselandia,1,109.18,0,0.0,0,1.1466049028825647e-05,0.0,0.0,7.5624881109260665e-06,0.0,-1.1466049028825647e-05
MA,lago verde,1,134.01,0,0.0,0,1.1466049028825647e-05,0.0,0.0,9.2823688564316e-06,0.0,-1.1466049028825647e-05
MA,loreto,1,1643.64,0,0.0,0,1.1466049028825647e-05,0.0,0.0,0.00011384876313099944,0.0,-1.1466049028825647e-05
MA,magalhaes de almeida,1,323.52,0,0.0,0,1.1466049028825647e-05,0.0,0.0,2.2409014046957325e-05,0.0,-1.1466049028825647e-05
MA,maranhaozinho,1,76.57,0,0.0,0,1.1466049028825647e-05,0.0,0.0,5.303716016244814e-06,0.0,-1.1466049028825647e-05
MA,matoes,1,106.3,0,0.0,0,1.1466049028825647e-05,0.0,0.0,7.3630013389946946e-06,0.0,-1.1466049028825647e-05
MA,miranda do norte,1,154.64,0,0.0,0,1.1466049028825647e-05,0.0,0.0,1.071133139287055e-05,0.0,-1.1466049028825647e-05
MA,olho d'agua das cunhas,1,161.51,0,0.0,0,1.1466049028825647e-05,0.0,0.0,1.1187190463415176e-05,0.0,-1.1466049028825647e-05
MA,parnarama,1,217.82,0,0.0,0,1.1466049028825647e-05,0.0,0.0,1.5087572452114999e-05,0.0,-1.1466049028825647e-05
MA,passagem franca,1,87.66,0,0.0,0,1.1466049028825647e-05,0.0,0.0,6.0718786206611e-06,0.0,-1.1466049028825647e-05
MA,peri mirim,1,59.83,0,0.0,0,1.1466049028825647e-05,0.0,0.0,4.144199154393721e-06,0.0,-1.1466049028825647e-05
MA,pio xii,1,546.03,0,0.0,0,1.1466049028825647e-05,0.0,0.0,3.782144516586334e-05,0.0,-1.1466049028825647e-05
MA,pocao de pedras,1,214.05,0,0.0,0,1.1466049028825647e-05,0.0,0.0,1.4826438726357615e-05,0.0,-1.1466049028825647e-05
MA,presidente juscelino,1,302.46,0,0.0,0,1.1466049028825647e-05,0.0,0.0,2.0950267027209173e-05,0.0,-1.1466049028825647e-05
MA,presidente medici,1,143.99,0,0.0,0,1.1466049028825647e-05,0.0,0.0,9.973645934166004e-06,0.0,-1.1466049028825647e-05
MA,sambaiba,1,215.47,0,0.0,0,1.1466049028825647e-05,0.0,0.0,1.492479678751822e-05,0.0,-1.1466049028825647e-05
MA,santa luzia do parua,1,115.78,0,0.0,0,1.1466049028825647e-05,0.0,0.0,8.019645296602124e-06,0.0,-1.1466049028825647e-05
MA,santa quiteria do maranhao,1,100.75,0,0.0,0,1.1466049028825647e-05,0.0,0.0,6.978573705585282e-06,0.0,-1.1466049028825647e-05
MA,santa rita,1,124.33,0,0.0,0,1.1466049028825647e-05,0.0,0.0,8.61187165077338e-06,0.0,-1.1466049028825647e-05
MA,sao benedito do rio preto,1,133.22,0,0.0,0,1.1466049028825647e-05,0.0,0.0,9.22764852663098e-06,0.0,-1.1466049028825647e-05
MA,sao domingos do maranhao,1,62.05,0,0.0,0,1.1466049028825647e-05,0.0,0.0,4.2979702077574865e-06,0.0,-1.1466049028825647e-05
MA,sao francisco do brejao,1,82.75,0,0.0,0,1.1466049028825647e-05,0.0,0.0,5.731781381014214e-06,0.0,-1.1466049028825647e-05
MA,sao joao batista,1,149.11,0,0.0,0,1.1466049028825647e-05,0.0,0.0,1.0328289084266218e-05,0.0,-1.1466049028825647e-05
MA,sao joao do paraiso,1,115.92,0,0.0,0,1.1466049028825647e-05,0.0,0.0,8.029342570237677e-06,0.0,-1.1466049028825647e-05
MA,sao pedro da agua branca,1,336.56,0,0.0,0,1.1466049028825647e-05,0.0,0.0,2.331224581986881e-05,0.0,-1.1466049028825647e-05
MA,sao vicente ferrer,1,314.37,0,0.0,0,1.1466049028825647e-05,0.0,0.0,2.17752279486337e-05,0.0,-1.1466049028825647e-05
MA,senador la rocque,1,124.43,0,0.0,0,1.1466049028825647e-05,0.0,0.0,8.618798274798776e-06,0.0,-1.1466049028825647e-05
MA,sitio novo,1,59.14,0,0.0,0,1.1466049028825647e-05,0.0,0.0,4.096405448618497e-06,0.0,-1.1466049028825647e-05
MA,vargem grande,1,137.01,0,0.0,0,1.1466049028825647e-05,0.0,0.0,9.490167577193443e-06,0.0,-1.1466049028825647e-05
MA,vitoria do mearim,1,64.85,0,0.0,0,1.1466049028825647e-05,0.0,0.0,4.491915680468541e-06,0.0,-1.1466049028825647e-05
MG,acucena,1,54.11,0,0.0,0,1.1466049028825647e-05,0.0,0.0,3.7479962601411376e-06,0.0,-1.1466049028825647e-05
MG,alagoa,1,93.98,0,0.0,0,1.1466049028825647e-05,0.0,0.0,6.5096412590660535e-06,0.0,-1.1466049028825647e-05
MG,alexandrita,1,130.0,0,0.0,0,1.1466049028825647e-05,0.0,0.0,9.004611233013267e-06,0.0,-1.1466049028825647e-05
MG,amparo da serra,1,66.06,0,0.0,0,1.1466049028825647e-05,0.0,0.0,4.575727831175819e-06,0.0,-1.1466049028825647e-05
MG,andrequice,1,215.14,0,0.0,0,1.1466049028825647e-05,0.0,0.0,1.4901938928234417e-05,0.0,-1.1466049028825647e-05
MG,angustura,1,166.29,0,0.0,0,1.1466049028825647e-05,0.0,0.0,1.1518283091829047e-05,0.0,-1.1466049028825647e-05
MG,antonio carlos,1,48.21,0,0.0,0,1.1466049028825647e-05,0.0,0.0,3.3393254426428435e-06,0.0,-1.1466049028825647e-05
MG,antunes,1,135.39,0,0.0,0,1.1466049028825647e-05,0.0,0.0,9.377956267982048e-06,0.0,-1.1466049028825647e-05
MG,arantina,1,204.41,0,0.0,0,1.1466049028825647e-05,0.0,0.0,1.4158712170309554e-05,0.0,-1.1466049028825647e-05
MG,barra longa,1,1341.55,0,0.0,0,1.1466049028825647e-05,0.0,0.0,9.292412461268422e-05,0.0,-1.1466049028825647e-05
MG,bela vista de minas,1,134.51,0,0.0,0,1.1466049028825647e-05,0.0,0.0,9.317001976558573e-06,0.0,-1.1466049028825647e-05
MG,berizal,1,221.98,0,0.0,0,1.1466049028825647e-05,0.0,0.0,1.5375720011571423e-05,0.0,-1.1466049028825647e-05
MG,bertopolis,1,82.12,0,0.0,0,1.1466049028825647e-05,0.0,0.0,5.688143649654227e-06,0.0,-1.1466049028825647e-05
MG,bom jesus da penha,1,120.84,0,0.0,0,1.1466049028825647e-05,0.0,0.0,8.370132472287102e-06,0.0,-1.1466049028825647e-05
MG,bom jesus do amparo,1,218.54,0,0.0,0,1.1466049028825647e-05,0.0,0.0,1.5137444145097842e-05,0.0,-1.1466049028825647e-05
MG,bonito de minas,1,115.44,0,0.0,0,1.1466049028825647e-05,0.0,0.0,7.996094774915781e-06,0.0,-1.1466049028825647e-05
MG,brasilandia de minas,1,98.49,0,0.0,0,1.1466049028825647e-05,0.0,0.0,6.822032002611359e-06,0.0,-1.1466049028825647e-05
MG,brasopolis,1,115.9,0,0.0,0,1.1466049028825647e-05,0.0,0.0,8.027957245432598e-06,0.0,-1.1466049028825647e-05
MG,braunas,1,105.28,0,0.0,0,1.1466049028825647e-05,0.0,0.0,7.292349773935668e-06,0.0,-1.1466049028825647e-05
MG,brejo bonito,1,153.9,0,0.0,0,1.1466049028825647e-05,0.0,0.0,1.066007437508263e-05,0.0,-1.1466049028825647e-05
MG,bugre,1,209.3,0,0.0,0,1.1466049028825647e-05,0.0,0.0,1.4497424085151362e-05,0.0,-1.1466049028825647e-05
MG,cachoeira do brumado,1,211.17,0,0.0,0,1.1466049028825647e-05,0.0,0.0,1.4626951954426242e-05,0.0,-1.1466049028825647e-05
MG,cachoeira dourada,1,142.67,0,0.0,0,1.1466049028825647e-05,0.0,0.0,9.88221449703079e-06,0.0,-1.1466049028825647e-05
MG,cajuri,1,71.53,0,0.0,0,1.1466049028825647e-05,0.0,0.0,4.954614165364916e-06,0.0,-1.1466049028825647e-05
MG,camacho,1,80.9,0,0.0,0,1.1466049028825647e-05,0.0,0.0,5.603638836544411e-06,0.0,-1.1466049028825647e-05
MG,campo alegre de minas,1,137.93,0,0.0,0,1.1466049028825647e-05,0.0,0.0,9.553892518227078e-06,0.0,-1.1466049028825647e-05
MG,campo azul,1,96.22,0,0.0,0,1.1466049028825647e-05,0.0,0.0,6.6647976372348966e-06,0.0,-1.1466049028825647e-05
MG,campo florido,1,92.02,0,0.0,0,1.1466049028825647e-05,0.0,0.0,6.373879428168314e-06,0.0,-1.1466049028825647e-05
MG,canaa,1,69.54,0,0.0,0,1.1466049028825647e-05,0.0,0.0,4.816774347259559e-06,0.0,-1.1466049028825647e-05
MG,caparao,1,64.42,0,0.0,0,1.1466049028825647e-05,0.0,0.0,4.462131197159344e-06,0.0,-1.1466049028825647e-05
MG,capim branco,1,187.17,0,0.0,0,1.1466049028825647e-05,0.0,0.0,1.2964562188331486e-05,0.0,-1.1466049028825647e-05
MG,capitao andrade,1,199.0,0,0.0,0,1.1466049028825647e-05,0.0,0.0,1.3783981810535694e-05,0.0,-1.1466049028825647e-05
MG,capitao eneas,1,98.84,0,0.0,0,1.1466049028825647e-05,0.0,0.0,6.846275186700242e-06,0.0,-1.1466049028825647e-05
MG,careacu,1,96.49,0,0.0,0,1.1466049028825647e-05,0.0,0.0,6.683499522103463e-06,0.0,-1.1466049028825647e-05
MG,carmesia,1,280.63,0,0.0,0,1.1466049028825647e-05,0.0,0.0,1.9438185002465485e-05,0.0,-1.1466049028825647e-05
MG,cascalho rico,1,85.92,0,0.0,0,1.1466049028825647e-05,0.0,0.0,5.95135536261923e-06,0.0,-1.1466049028825647e-05
MG,cedro do abaete,1,58.09,0,0.0,0,1.1466049028825647e-05,0.0,0.0,4.0236758963518515e-06,0.0,-1.1466049028825647e-05
MG,central de santa helena,1,158.76,0,0.0,0,1.1466049028825647e-05,0.0,0.0,1.0996708302716817e-05,0.0,-1.1466049028825647e-05
MG,centralina,1,45.09,0,0.0,0,1.1466049028825647e-05,0.0,0.0,3.1232147730505252e-06,0.0,-1.1466049028825647e-05
MG,chapada do norte,1,289.04,0,0.0,0,1.1466049028825647e-05,0.0,0.0,2.0020714083001193e-05,0.0,-1.1466049028825647e-05
MG,claraval,1,197.04,0,0.0,0,1.1466049028825647e-05,0.0,0.0,1.3648219979637955e-05,0.0,-1.1466049028825647e-05
MG,cocais,1,281.3,0,0.0,0,1.1466049028825647e-05,0.0,0.0,1.9484593383435634e-05,0.0,-1.1466049028825647e-05
MG,coimbra,1,55.01,0,0.0,0,1.1466049028825647e-05,0.0,0.0,3.810335876369691e-06,0.0,-1.1466049028825647e-05
MG,comercinho,1,144.65,0,0.0,0,1.1466049028825647e-05,0.0,0.0,1.0019361652733609e-05,0.0,-1.1466049028825647e-05
MG,conceicao da ibitipoca,1,55.09,0,0.0,0,1.1466049028825647e-05,0.0,0.0,3.815877175590007e-06,0.0,-1.1466049028825647e-05
MG,conceicao do formoso,1,215.24,0,0.0,0,1.1466049028825647e-05,0.0,0.0,1.4908865552259813e-05,0.0,-1.1466049028825647e-05
MG,confins,1,444.25,0,0.0,0,1.1466049028825647e-05,0.0,0.0,3.0771527232816495e-05,0.0,-1.1466049028825647e-05
MG,coronel murta,1,255.84,0,0.0,0,1.1466049028825647e-05,0.0,0.0,1.772107490657011e-05,0.0,-1.1466049028825647e-05
MG,coronel pacheco,1,99.9,0,0.0,0,1.1466049028825647e-05,0.0,0.0,6.919697401369427e-06,0.0,-1.1466049028825647e-05
MG,corrego danta,1,57.62,0,0.0,0,1.1466049028825647e-05,0.0,0.0,3.991120763432496e-06,0.0,-1.1466049028825647e-05
MG,corrego fundo,1,144.65,0,0.0,0,1.1466049028825647e-05,0.0,0.0,1.0019361652733609e-05,0.0,-1.1466049028825647e-05
MG,cristiano otoni,1,118.57,0,0.0,0,1.1466049028825647e-05,0.0,0.0,8.212898106910639e-06,0.0,-1.1466049028825647e-05
MG,crucilandia,1,30.47,0,0.0,0,1.1466049028825647e-05,0.0,0.0,2.1105423405378018e-06,0.0,-1.1466049028825647e-05
MG,cuite velho,1,35.09,0,0.0,0,1.1466049028825647e-05,0.0,0.0,2.430552370511043e-06,0.0,-1.1466049028825647e-05
MG,datas,1,920.94,0,0.0,0,1.1466049028825647e-05,0.0,0.0,6.379005129947107e-05,0.0,-1.1466049028825647e-05
MG,desembargador otoni,1,196.02,0,0.0,0,1.1466049028825647e-05,0.0,0.0,1.3577568414578929e-05,0.0,-1.1466049028825647e-05
MG,desterro de entre rios,1,58.28,0,0.0,0,1.1466049028825647e-05,0.0,0.0,4.036836482000102e-06,0.0,-1.1466049028825647e-05
MG,desterro do melo,1,35.86,0,0.0,0,1.1466049028825647e-05,0.0,0.0,2.483887375506583e-06,0.0,-1.1466049028825647e-05
MG,divinesia,1,333.51,0,0.0,0,1.1466049028825647e-05,0.0,0.0,2.3100983787094268e-05,0.0,-1.1466049028825647e-05
MG,divino das laranjeiras,1,51.1,0,0.0,0,1.1466049028825647e-05,0.0,0.0,3.5395048769767536e-06,0.0,-1.1466049028825647e-05
MG,divisa nova,1,788.71,0,0.0,0,1.1466049028825647e-05,0.0,0.0,5.4630976350691495e-05,0.0,-1.1466049028825647e-05
MG,dom cavati,1,93.08,0,0.0,0,1.1466049028825647e-05,0.0,0.0,6.4473016428374995e-06,0.0,-1.1466049028825647e-05
MG,dom joaquim,1,163.38,0,0.0,0,1.1466049028825647e-05,0.0,0.0,1.1316718332690058e-05,0.0,-1.1466049028825647e-05
MG,engenheiro navarro,1,2106.55,0,0.0,0,1.1466049028825647e-05,0.0,0.0,0.0001459127984069546,0.0,-1.1466049028825647e-05
MG,entre folhas,1,106.07,0,0.0,0,1.1466049028825647e-05,0.0,0.0,7.347070103736286e-06,0.0,-1.1466049028825647e-05
MG,estevao de araujo,1,32.43,0,0.0,0,1.1466049028825647e-05,0.0,0.0,2.2463041714355405e-06,0.0,-1.1466049028825647e-05
MG,estrela do sul,1,105.28,0,0.0,0,1.1466049028825647e-05,0.0,0.0,7.292349773935668e-06,0.0,-1.1466049028825647e-05
MG,ewbank da camara,1,98.16,0,0.0,0,1.1466049028825647e-05,0.0,0.0,6.799174143327556e-06,0.0,-1.1466049028825647e-05
MG,felicio dos santos,1,191.58,0,0.0,0,1.1466049028825647e-05,0.0,0.0,1.3270026307851398e-05,0.0,-1.1466049028825647e-05
MG,felisburgo,1,123.47,0,0.0,0,1.1466049028825647e-05,0.0,0.0,8.552302684154986e-06,0.0,-1.1466049028825647e-05
MG,felixlandia,1,90.28,0,0.0,0,1.1466049028825647e-05,0.0,0.0,6.253356170126444e-06,0.0,-1.1466049028825647e-05
MG,fonseca,1,107.53,0,0.0,0,1.1466049028825647e-05,0.0,0.0,7.448198814507051e-06,0.0,-1.1466049028825647e-05
MG,frei gaspar,1,89.19,0,0.0,0,1.1466049028825647e-05,0.0,0.0,6.177855968249641e-06,0.0,-1.1466049028825647e-05
MG,frei lagonegro,1,260.34,0,0.0,0,1.1466049028825647e-05,0.0,0.0,1.8032772987712876e-05,0.0,-1.1466049028825647e-05
MG,glaura,1,89.36,0,0.0,0,1.1466049028825647e-05,0.0,0.0,6.1896312290928125e-06,0.0,-1.1466049028825647e-05
MG,goiana,1,72.74,0,0.0,0,1.1466049028825647e-05,0.0,0.0,5.038426316072193e-06,0.0,-1.1466049028825647e-05
MG,grupiara,1,148.94,0,0.0,0,1.1466049028825647e-05,0.0,0.0,1.0316513823423046e-05,0.0,-1.1466049028825647e-05
MG,guape,1,210.48,0,0.0,0,1.1466049028825647e-05,0.0,0.0,1.4579158248651019e-05,0.0,-1.1466049028825647e-05
MG,guaraciaba,1,177.49,0,0.0,0,1.1466049028825647e-05,0.0,0.0,1.229406498267327e-05,0.0,-1.1466049028825647e-05
MG,guinda,1,47.11,0,0.0,0,1.1466049028825647e-05,0.0,0.0,3.2631325783635003e-06,0.0,-1.1466049028825647e-05
MG,guiricema,1,161.56,0,0.0,0,1.1466049028825647e-05,0.0,0.0,1.1190653775427873e-05,0.0,-1.1466049028825647e-05
MG,ibertioga,1,181.21,0,0.0,0,1.1466049028825647e-05,0.0,0.0,1.2551735396417956e-05,0.0,-1.1466049028825647e-05
MG,ibiracatu,1,148.15,0,0.0,0,1.1466049028825647e-05,0.0,0.0,1.0261793493622428e-05,0.0,-1.1466049028825647e-05
MG,igaratinga,1,336.38,0,0.0,0,1.1466049028825647e-05,0.0,0.0,2.3299777896623098e-05,0.0,-1.1466049028825647e-05
MG,ilicinea,1,105.28,0,0.0,0,1.1466049028825647e-05,0.0,0.0,7.292349773935668e-06,0.0,-1.1466049028825647e-05
MG,indianopolis,1,48.31,0,0.0,0,1.1466049028825647e-05,0.0,0.0,3.3462520666682383e-06,0.0,-1.1466049028825647e-05
MG,ingai,1,109.38,0,0.0,0,1.1466049028825647e-05,0.0,0.0,7.576341358976855e-06,0.0,-1.1466049028825647e-05
MG,inhauma,1,117.94,0,0.0,0,1.1466049028825647e-05,0.0,0.0,8.169260375550652e-06,0.0,-1.1466049028825647e-05
MG,inimutaba,1,182.02,0,0.0,0,1.1466049028825647e-05,0.0,0.0,1.2607841051023654e-05,0.0,-1.1466049028825647e-05
MG,ipuiuna,1,188.34,0,0.0,0,1.1466049028825647e-05,0.0,0.0,1.3045603689428606e-05,0.0,-1.1466049028825647e-05
MG,itabirinha,1,157.41,0,0.0,0,1.1466049028825647e-05,0.0,0.0,1.0903198878373988e-05,0.0,-1.1466049028825647e-05
MG,itaguara,1,76.47,0,0.0,0,1.1466049028825647e-05,0.0,0.0,5.29678939221942e-06,0.0,-1.1466049028825647e-05
MG,itutinga,1,96.01,0,0.0,0,1.1466049028825647e-05,0.0,0.0,6.650251726781568e-06,0.0,-1.1466049028825647e-05
MG,jaboticatubas,1,808.87,0,0.0,0,1.1466049028825647e-05,0.0,0.0,5.602738375421109e-05,0.0,-1.1466049028825647e-05
MG,jaguaracu,1,71.04,0,0.0,0,1.1466049028825647e-05,0.0,0.0,4.920673707640481e-06,0.0,-1.1466049028825647e-05
MG,jampruca,1,262.83,0,0.0,0,1.1466049028825647e-05,0.0,0.0,1.8205245925945206e-05,0.0,-1.1466049028825647e-05
MG,jenipapo de minas,1,22.58,0,0.0,0,1.1466049028825647e-05,0.0,0.0,1.5640317049341505e-06,0.0,-1.1466049028825647e-05
MG,jequeri,1,676.84,0,0.0,0,1.1466049028825647e-05,0.0,0.0,4.688216205348231e-05,0.0,-1.1466049028825647e-05
MG,joaima,1,53.0,0,0.0,0,1.1466049028825647e-05,0.0,0.0,3.671110733459255e-06,0.0,-1.1466049028825647e-05
MG,juvenilia,1,55.98,0,0.0,0,1.1466049028825647e-05,0.0,0.0,3.8775241294160206e-06,0.0,-1.1466049028825647e-05
MG,lagoa dos patos,1,74.05,0,0.0,0,1.1466049028825647e-05,0.0,0.0,5.129165090804864e-06,0.0,-1.1466049028825647e-05
MG,lajinha,1,211.12,0,0.0,0,1.1466049028825647e-05,0.0,0.0,1.4623488642413547e-05,0.0,-1.1466049028825647e-05
MG,lamim,1,108.63,0,0.0,0,1.1466049028825647e-05,0.0,0.0,7.524391678786394e-06,0.0,-1.1466049028825647e-05
MG,laranjal,1,316.3,0,0.0,0,1.1466049028825647e-05,0.0,0.0,2.190891179232382e-05,0.0,-1.1466049028825647e-05
MG,macuco de minas,1,215.14,0,0.0,0,1.1466049028825647e-05,0.0,0.0,1.4901938928234417e-05,0.0,-1.1466049028825647e-05
MG,major porto,1,100.33,0,0.0,0,1.1466049028825647e-05,0.0,0.0,6.949481884678624e-06,0.0,-1.1466049028825647e-05
MG,mamonas,1,246.36,0,0.0,0,1.1466049028825647e-05,0.0,0.0,1.7064430948962684e-05,0.0,-1.1466049028825647e-05
MG,martinesia,1,53.23,0,0.0,0,1.1466049028825647e-05,0.0,0.0,3.687041968717663e-06,0.0,-1.1466049028825647e-05
MG,martinho campos,1,419.06,0,0.0,0,1.1466049028825647e-05,0.0,0.0,2.902671064081954e-05,0.0,-1.1466049028825647e-05
MG,matutina,1,99.22,0,0.0,0,1.1466049028825647e-05,0.0,0.0,6.872596357996741e-06,0.0,-1.1466049028825647e-05
MG,mendonca,1,179.35,0,0.0,0,1.1466049028825647e-05,0.0,0.0,1.2422900189545612e-05,0.0,-1.1466049028825647e-05
MG,mesquita,1,77.57,0,0.0,0,1.1466049028825647e-05,0.0,0.0,5.372982256498762e-06,0.0,-1.1466049028825647e-05
MG,minduri,1,43.18,0,0.0,0,1.1466049028825647e-05,0.0,0.0,2.990916254165484e-06,0.0,-1.1466049028825647e-05
MG,miradouro,1,64.42,0,0.0,0,1.1466049028825647e-05,0.0,0.0,4.462131197159344e-06,0.0,-1.1466049028825647e-05
MG,miravania,1,50.1,0,0.0,0,1.1466049028825647e-05,0.0,0.0,3.4702386367228056e-06,0.0,-1.1466049028825647e-05
MG,moeda,1,85.46,0,0.0,0,1.1466049028825647e-05,0.0,0.0,5.919492892102414e-06,0.0,-1.1466049028825647e-05
MG,moema,1,214.12,0,0.0,0,1.1466049028825647e-05,0.0,0.0,1.483128736317539e-05,0.0,-1.1466049028825647e-05
MG,monsenhor paulo,1,69.12,0,0.0,0,1.1466049028825647e-05,0.0,0.0,4.7876825263529005e-06,0.0,-1.1466049028825647e-05
MG,morro da garca,1,227.14,0,0.0,0,1.1466049028825647e-05,0.0,0.0,1.5733133811281794e-05,0.0,-1.1466049028825647e-05
MG,morro do ferro,1,154.38,0,0.0,0,1.1466049028825647e-05,0.0,0.0,1.0693322170404525e-05,0.0,-1.1466049028825647e-05
MG,morro do pilar,1,87.64,0,0.0,0,1.1466049028825647e-05,0.0,0.0,6.070493295856021e-06,0.0,-1.1466049028825647e-05
MG,morro vermelho,1,40.99,0,0.0,0,1.1466049028825647e-05,0.0,0.0,2.8392231880093374e-06,0.0,-1.1466049028825647e-05
MG,nacip raydan,1,92.16,0,0.0,0,1.1466049028825647e-05,0.0,0.0,6.383576701803867e-06,0.0,-1.1466049028825647e-05
MG,natercia,1,57.5,0,0.0,0,1.1466049028825647e-05,0.0,0.0,3.982808814602022e-06,0.0,-1.1466049028825647e-05
MG,nazareno,1,44.38,0,0.0,0,1.1466049028825647e-05,0.0,0.0,3.074035742470222e-06,0.0,-1.1466049028825647e-05
MG,nova resende,1,26.09,0,0.0,0,1.1466049028825647e-05,0.0,0.0,1.8071562082255088e-06,0.0,-1.1466049028825647e-05
MG,olaria,1,96.22,0,0.0,0,1.1466049028825647e-05,0.0,0.0,6.6647976372348966e-06,0.0,-1.1466049028825647e-05
MG,olhos d'agua,1,119.84,0,0.0,0,1.1466049028825647e-05,0.0,0.0,8.300866232033154e-06,0.0,-1.1466049028825647e-05
MG,padre carvalho,1,582.94,0,0.0,0,1.1466049028825647e-05,0.0,0.0,4.037806209363657e-05,0.0,-1.1466049028825647e-05
MG,padre paraiso,1,77.57,0,0.0,0,1.1466049028825647e-05,0.0,0.0,5.372982256498762e-06,0.0,-1.1466049028825647e-05
MG,paineiras,1,81.98,0,0.0,0,1.1466049028825647e-05,0.0,0.0,5.678446376018675e-06,0.0,-1.1466049028825647e-05
MG,palmopolis,1,113.2,0,0.0,0,1.1466049028825647e-05,0.0,0.0,7.840938396746938e-06,0.0,-1.1466049028825647e-05
MG,passa tempo,1,146.46,0,0.0,0,1.1466049028825647e-05,0.0,0.0,1.0144733547593256e-05,0.0,-1.1466049028825647e-05
MG,patis,1,65.0,0,0.0,0,1.1466049028825647e-05,0.0,0.0,4.502305616506633e-06,0.0,-1.1466049028825647e-05
MG,paula candido,1,168.19,0,0.0,0,1.1466049028825647e-05,0.0,0.0,1.1649888948311549e-05,0.0,-1.1466049028825647e-05
MG,pavao,1,75.63,0,0.0,0,1.1466049028825647e-05,0.0,0.0,5.238605750406103e-06,0.0,-1.1466049028825647e-05
MG,pedra do indaia,1,96.08,0,0.0,0,1.1466049028825647e-05,0.0,0.0,6.655100363599344e-06,0.0,-1.1466049028825647e-05
MG,pedra menina,1,38.5,0,0.0,0,1.1466049028825647e-05,0.0,0.0,2.666750249777006e-06,0.0,-1.1466049028825647e-05
MG,pequi,1,197.5,0,0.0,0,1.1466049028825647e-05,0.0,0.0,1.3680082450154771e-05,0.0,-1.1466049028825647e-05
MG,pescador,1,44.42,0,0.0,0,1.1466049028825647e-05,0.0,0.0,3.07680639208038e-06,0.0,-1.1466049028825647e-05
MG,pimenta,1,215.83,0,0.0,0,1.1466049028825647e-05,0.0,0.0,1.4949732634009644e-05,0.0,-1.1466049028825647e-05
MG,pingo-d'agua,1,413.02,0,0.0,0,1.1466049028825647e-05,0.0,0.0,2.860834254968569e-05,0.0,-1.1466049028825647e-05
MG,pinhotiba,1,77.57,0,0.0,0,1.1466049028825647e-05,0.0,0.0,5.372982256498762e-06,0.0,-1.1466049028825647e-05
MG,piracema,1,166.59,0,0.0,0,1.1466049028825647e-05,0.0,0.0,1.1539062963905232e-05,0.0,-1.1466049028825647e-05
MG,pirajuba,1,152.61,0,0.0,0,1.1466049028825647e-05,0.0,0.0,1.0570720925155038e-05,0.0,-1.1466049028825647e-05
MG,pocoes de paineiras,1,145.95,0,0.0,0,1.1466049028825647e-05,0.0,0.0,1.010940776506374e-05,0.0,-1.1466049028825647e-05
MG,ponto do marambaia,1,28.8,0,0.0,0,1.1466049028825647e-05,0.0,0.0,1.9948677193137085e-06,0.0,-1.1466049028825647e-05
MG,pratapolis,1,68.62,0,0.0,0,1.1466049028825647e-05,0.0,0.0,4.7530494062259265e-06,0.0,-1.1466049028825647e-05
MG,prudente de morais,1,168.49,0,0.0,0,1.1466049028825647e-05,0.0,0.0,1.1670668820387734e-05,0.0,-1.1466049028825647e-05
MG,quatituba,1,114.85,0,0.0,0,1.1466049028825647e-05,0.0,0.0,7.955227693165952e-06,0.0,-1.1466049028825647e-05
MG,queixada,1,77.29,0,0.0,0,1.1466049028825647e-05,0.0,0.0,5.353587709227658e-06,0.0,-1.1466049028825647e-05
MG,ravena,1,86.73,0,0.0,0,1.1466049028825647e-05,0.0,0.0,6.007461017224929e-06,0.0,-1.1466049028825647e-05
MG,ressaquinha,1,229.07,0,0.0,0,1.1466049028825647e-05,0.0,0.0,1.5866817654971918e-05,0.0,-1.1466049028825647e-05
MG,ribeirao vermelho,1,217.72,0,0.0,0,1.1466049028825647e-05,0.0,0.0,1.5080645828089605e-05,0.0,-1.1466049028825647e-05
MG,ribeiro junqueira,1,200.33,0,0.0,0,1.1466049028825647e-05,0.0,0.0,1.3876105910073447e-05,0.0,-1.1466049028825647e-05
MG,rio doce,1,96.2,0,0.0,0,1.1466049028825647e-05,0.0,0.0,6.663412312429818e-06,0.0,-1.1466049028825647e-05
MG,rio espera,1,176.45,0,0.0,0,1.1466049028825647e-05,0.0,0.0,1.222202809280916e-05,0.0,-1.1466049028825647e-05
MG,rubelita,1,80.88,0,0.0,0,1.1466049028825647e-05,0.0,0.0,5.602253511739331e-06,0.0,-1.1466049028825647e-05
MG,salto da divisa,1,73.15,0,0.0,0,1.1466049028825647e-05,0.0,0.0,5.066825474576312e-06,0.0,-1.1466049028825647e-05
MG,santa fe de minas,1,178.27,0,0.0,0,1.1466049028825647e-05,0.0,0.0,1.2348092650071349e-05,0.0,-1.1466049028825647e-05
MG,santa maria do salto,1,50.48,0,0.0,0,1.1466049028825647e-05,0.0,0.0,3.4965598080193056e-06,0.0,-1.1466049028825647e-05
MG,santa rita de jacutinga,1,45.09,0,0.0,0,1.1466049028825647e-05,0.0,0.0,3.1232147730505252e-06,0.0,-1.1466049028825647e-05
MG,santa rita do itueto,1,77.57,0,0.0,0,1.1466049028825647e-05,0.0,0.0,5.372982256498762e-06,0.0,-1.1466049028825647e-05
MG,santana de pirapama,1,70.74,0,0.0,0,1.1466049028825647e-05,0.0,0.0,4.899893835564296e-06,0.0,-1.1466049028825647e-05
MG,santana do capivari,1,39.52,0,0.0,0,1.1466049028825647e-05,0.0,0.0,2.7374018148360336e-06,0.0,-1.1466049028825647e-05
MG,santana do deserto,1,206.99,0,0.0,0,1.1466049028825647e-05,0.0,0.0,1.4337419070164741e-05,0.0,-1.1466049028825647e-05
MG,santana do manhuacu,1,145.56,0,0.0,0,1.1466049028825647e-05,0.0,0.0,1.0082393931364702e-05,0.0,-1.1466049028825647e-05
MG,santo antonio do aventureiro,1,88.92,0,0.0,0,1.1466049028825647e-05,0.0,0.0,6.159154083381075e-06,0.0,-1.1466049028825647e-05
MG,santo antonio do rio abaixo,1,24.23,0,0.0,0,1.1466049028825647e-05,0.0,0.0,1.6783210013531652e-06,0.0,-1.1466049028825647e-05
MG,santo antonio dos campos,1,177.99,0,0.0,0,1.1466049028825647e-05,0.0,0.0,1.2328698102800242e-05,0.0,-1.1466049028825647e-05
MG,santo hipolito,1,119.88,0,0.0,0,1.1466049028825647e-05,0.0,0.0,8.303636881643311e-06,0.0,-1.1466049028825647e-05
MG,sao benedito,1,67.76,0,0.0,0,1.1466049028825647e-05,0.0,0.0,4.693480439607531e-06,0.0,-1.1466049028825647e-05
MG,sao bento abade,1,31.1,0,0.0,0,1.1466049028825647e-05,0.0,0.0,2.1541800718977896e-06,0.0,-1.1466049028825647e-05
MG,sao domingos,1,77.06,0,0.0,0,1.1466049028825647e-05,0.0,0.0,5.337656473969249e-06,0.0,-1.1466049028825647e-05
MG,sao domingos das dores,1,72.45,0,0.0,0,1.1466049028825647e-05,0.0,0.0,5.018339106398548e-06,0.0,-1.1466049028825647e-05
MG,sao felix de minas,1,409.5,0,0.0,0,1.1466049028825647e-05,0.0,0.0,2.8364525383991793e-05,0.0,-1.1466049028825647e-05
MG,sao francisco do gloria,1,91.35,0,0.0,0,1.1466049028825647e-05,0.0,0.0,6.327471047198169e-06,0.0,-1.1466049028825647e-05
MG,sao geraldo da piedade,1,181.76,0,0.0,0,1.1466049028825647e-05,0.0,0.0,1.2589831828557626e-05,0.0,-1.1466049028825647e-05
MG,sao geraldo do baguari,1,142.96,0,0.0,0,1.1466049028825647e-05,0.0,0.0,9.902301706704438e-06,0.0,-1.1466049028825647e-05
MG,sao goncalo do rio das pedras,1,196.5,0,0.0,0,1.1466049028825647e-05,0.0,0.0,1.3610816209900823e-05,0.0,-1.1466049028825647e-05
MG,sao joao da ponte,1,496.76,0,0.0,0,1.1466049028825647e-05,0.0,0.0,3.440869750855131e-05,0.0,-1.1466049028825647e-05
MG,sao joao das missoes,1,48.22,0,0.0,0,1.1466049028825647e-05,0.0,0.0,3.3400181050453825e-06,0.0,-1.1466049028825647e-05
MG,sao jose do divino,1,182.84,0,0.0,0,1.1466049028825647e-05,0.0,0.0,1.2664639368031891e-05,0.0,-1.1466049028825647e-05
MG,sao mateus de minas,1,82.88,0,0.0,0,1.1466049028825647e-05,0.0,0.0,5.740785992247227e-06,0.0,-1.1466049028825647e-05
MG,sao miguel do anta,1,254.09,0,0.0,0,1.1466049028825647e-05,0.0,0.0,1.75998589861257e-05,0.0,-1.1466049028825647e-05
MG,sao sebastiao do rio verde,1,332.58,0,0.0,0,1.1466049028825647e-05,0.0,0.0,2.3036566183658094e-05,0.0,-1.1466049028825647e-05
MG,sao vitor,1,121.09,0,0.0,0,1.1466049028825647e-05,0.0,0.0,8.38744903235059e-06,0.0,-1.1466049028825647e-05
MG,sapucaia,1,101.25,0,0.0,0,1.1466049028825647e-05,0.0,0.0,7.013206825712256e-06,0.0,-1.1466049028825647e-05
MG,sardoa,1,137.99,0,0.0,0,1.1466049028825647e-05,0.0,0.0,9.558048492642314e-06,0.0,-1.1466049028825647e-05
MG,senador amaral,1,228.0,0,0.0,0,1.1466049028825647e-05,0.0,0.0,1.5792702777900193e-05,0.0,-1.1466049028825647e-05
MG,senador firmino,1,102.17,0,0.0,0,1.1466049028825647e-05,0.0,0.0,7.076931766745889e-06,0.0,-1.1466049028825647e-05
MG,senhora dos remedios,1,44.51,0,0.0,0,1.1466049028825647e-05,0.0,0.0,3.083040353703235e-06,0.0,-1.1466049028825647e-05
MG,serra bonita,1,232.82,0,0.0,0,1.1466049028825647e-05,0.0,0.0,1.612656605592422e-05,0.0,-1.1466049028825647e-05
MG,serra do salitre,1,72.05,0,0.0,0,1.1466049028825647e-05,0.0,0.0,4.9906326102969685e-06,0.0,-1.1466049028825647e-05
MG,serrania,1,207.08,0,0.0,0,1.1466049028825647e-05,0.0,0.0,1.4343653031787596e-05,0.0,-1.1466049028825647e-05
MG,serranopolis de minas,1,136.5,0,0.0,0,1.1466049028825647e-05,0.0,0.0,9.454841794663931e-06,0.0,-1.1466049028825647e-05
MG,serro,1,63.0,0,0.0,0,1.1466049028825647e-05,0.0,0.0,4.3637731359987375e-06,0.0,-1.1466049028825647e-05
MG,silvano,1,117.94,0,0.0,0,1.1466049028825647e-05,0.0,0.0,8.169260375550652e-06,0.0,-1.1466049028825647e-05
MG,silveira carvalho,1,42.27,0,0.0,0,1.1466049028825647e-05,0.0,0.0,2.927883975534391e-06,0.0,-1.1466049028825647e-05
MG,sobralia,1,40.0,0,0.0,0,1.1466049028825647e-05,0.0,0.0,2.7706496101579284e-06,0.0,-1.1466049028825647e-05
MG,tabuleiro,1,253.79,0,0.0,0,1.1466049028825647e-05,0.0,0.0,1.7579079114049515e-05,0.0,-1.1466049028825647e-05
MG,taparuba,1,104.37,0,0.0,0,1.1466049028825647e-05,0.0,0.0,7.229317495304575e-06,0.0,-1.1466049028825647e-05
MG,tocos do moji,1,74.36,0,0.0,0,1.1466049028825647e-05,0.0,0.0,5.150637625283589e-06,0.0,-1.1466049028825647e-05
MG,tumiritinga,1,480.31,0,0.0,0,1.1466049028825647e-05,0.0,0.0,3.3269267856373864e-05,0.0,-1.1466049028825647e-05
MG,tuparece,1,31.73,0,0.0,0,1.1466049028825647e-05,0.0,0.0,2.197817803257777e-06,0.0,-1.1466049028825647e-05
MG,ubai,1,61.73,0,0.0,0,1.1466049028825647e-05,0.0,0.0,4.2758050108762225e-06,0.0,-1.1466049028825647e-05
MG,umburatiba,1,134.7,0,0.0,0,1.1466049028825647e-05,0.0,0.0,9.330162562206823e-06,0.0,-1.1466049028825647e-05
MG,uruana de minas,1,33.0,0,0.0,0,1.1466049028825647e-05,0.0,0.0,2.285785928380291e-06,0.0,-1.1466049028825647e-05
MG,urucuia,1,168.29,0,0.0,0,1.1466049028825647e-05,0.0,0.0,1.1656815572336945e-05,0.0,-1.1466049028825647e-05
MG,vargem grande do rio pardo,1,365.98,0,0.0,0,1.1466049028825647e-05,0.0,0.0,2.5350058608139967e-05,0.0,-1.1466049028825647e-05
MG,vermelho,1,116.79,0,0.0,0,1.1466049028825647e-05,0.0,0.0,8.089604199258613e-06,0.0,-1.1466049028825647e-05
MG,vermelho novo,1,52.1,0,0.0,0,1.1466049028825647e-05,0.0,0.0,3.608771117230702e-06,0.0,-1.1466049028825647e-05
MG,vieiras,1,345.15,0,0.0,0,1.1466049028825647e-05,0.0,0.0,2.3907242823650222e-05,0.0,-1.1466049028825647e-05
MG,vila pereira,1,109.21,0,0.0,0,1.1466049028825647e-05,0.0,0.0,7.564566098133684e-06,0.0,-1.1466049028825647e-05
MG,virginia,1,54.13,0,0.0,0,1.1466049028825647e-05,0.0,0.0,3.749381584946217e-06,0.0,-1.1466049028825647e-05
MG,vitorinos,1,105.37,0,0.0,0,1.1466049028825647e-05,0.0,0.0,7.298583735558523e-06,0.0,-1.1466049028825647e-05
MS,anaurilandia,1,86.24,0,0.0,0,1.1466049028825647e-05,0.0,0.0,5.973520559500493e-06,0.0,-1.1466049028825647e-05
MS,angelica,1,76.86,0,0.0,0,1.1466049028825647e-05,0.0,0.0,5.32380322591846e-06,0.0,-1.1466049028825647e-05
MS,anhandui,1,83.23,0,0.0,0,1.1466049028825647e-05,0.0,0.0,5.76502917633611e-06,0.0,-1.1466049028825647e-05
MS,bandeirantes,1,107.78,0,0.0,0,1.1466049028825647e-05,0.0,0.0,7.4655153745705385e-06,0.0,-1.1466049028825647e-05
MS,bataipora,1,180.1,0,0.0,0,1.1466049028825647e-05,0.0,0.0,1.2474849869736073e-05,0.0,-1.1466049028825647e-05
MS,bodoquena,1,495.53,0,0.0,0,1.1466049028825647e-05,0.0,0.0,3.432350003303896e-05,0.0,-1.1466049028825647e-05
MS,brasilandia,1,75.07,0,0.0,0,1.1466049028825647e-05,0.0,0.0,5.199816655863892e-06,0.0,-1.1466049028825647e-05
MS,caracol,1,111.1,0,0.0,0,1.1466049028825647e-05,0.0,0.0,7.695479292213646e-06,0.0,-1.1466049028825647e-05
MS,corguinho,1,262.67,0,0.0,0,1.1466049028825647e-05,0.0,0.0,1.819416332750458e-05,0.0,-1.1466049028825647e-05
MS,coronel sapucaia,1,106.23,0,0.0,0,1.1466049028825647e-05,0.0,0.0,7.358152702176919e-06,0.0,-1.1466049028825647e-05
MS,eldorado,1,44.13,0,0.0,0,1.1466049028825647e-05,0.0,0.0,3.056719182406735e-06,0.0,-1.1466049028825647e-05
MS,gloria de dourados,1,76.0,0,0.0,0,1.1466049028825647e-05,0.0,0.0,5.264234259300064e-06,0.0,-1.1466049028825647e-05
MS,guia lopes da laguna,1,48.22,0,0.0,0,1.1466049028825647e-05,0.0,0.0,3.3400181050453825e-06,0.0,-1.1466049028825647e-05
MS,inocencia,1,54.82,0,0.0,0,1.1466049028825647e-05,0.0,0.0,3.797175290721441e-06,0.0,-1.1466049028825647e-05
MS,itaquirai,1,347.56,0,0.0,0,1.1466049028825647e-05,0.0,0.0,2.407417446266224e-05,0.0,-1.1466049028825647e-05
MS,paranhos,1,309.99,0,0.0,0,1.1466049028825647e-05,0.0,0.0,2.1471841816321405e-05,0.0,-1.1466049028825647e-05
MS,pedro gomes,1,132.38,0,0.0,0,1.1466049028825647e-05,0.0,0.0,9.169464884817663e-06,0.0,-1.1466049028825647e-05
MS,porto murtinho,1,71.15,0,0.0,0,1.1466049028825647e-05,0.0,0.0,4.928292994068415e-06,0.0,-1.1466049028825647e-05
MS,prudencio thomaz,1,49.04,0,0.0,0,1.1466049028825647e-05,0.0,0.0,3.39681642205362e-06,0.0,-1.1466049028825647e-05
MS,ribas do rio pardo,1,66.13,0,0.0,0,1.1466049028825647e-05,0.0,0.0,4.580576467993595e-06,0.0,-1.1466049028825647e-05
MS,sanga puita,1,53.69,0,0.0,0,1.1466049028825647e-05,0.0,0.0,3.7189044392344793e-06,0.0,-1.1466049028825647e-05
MS,sonora,1,45.09,0,0.0,0,1.1466049028825647e-05,0.0,0.0,3.1232147730505252e-06,0.0,-1.1466049028825647e-05
MS,tacuru,1,170.71,0,0.0,0,1.1466049028825647e-05,0.0,0.0,1.18244398737515e-05,0.0,-1.1466049028825647e-05
MS,vicentina,1,216.07,0,0.0,0,1.1466049028825647e-05,0.0,0.0,1.496635653167059e-05,0.0,-1.1466049028825647e-05
MT,alto garcas,1,252.89,0,0.0,0,1.1466049028825647e-05,0.0,0.0,1.7516739497820963e-05,0.0,-1.1466049028825647e-05
MT,bom jesus do araguaia,1,1247.29,0,0.0,0,1.1466049028825647e-05,0.0,0.0,8.639508880634706e-05,0.0,-1.1466049028825647e-05
MT,conquista d'oeste,1,154.04,0,0.0,0,1.1466049028825647e-05,0.0,0.0,1.0669771648718182e-05,0.0,-1.1466049028825647e-05
MT,curvelandia,1,243.78,0,0.0,0,1.1466049028825647e-05,0.0,0.0,1.6885724049107496e-05,0.0,-1.1466049028825647e-05
MT,denise,1,409.29,0,0.0,0,1.1466049028825647e-05,0.0,0.0,2.8349979473538466e-05,0.0,-1.1466049028825647e-05
MT,feliz natal,1,279.38,0,0.0,0,1.1466049028825647e-05,0.0,0.0,1.935160220214805e-05,0.0,-1.1466049028825647e-05
MT,ipiranga do norte,1,114.83,0,0.0,0,1.1466049028825647e-05,0.0,0.0,7.953842368360873e-06,0.0,-1.1466049028825647e-05
MT,itanhanga,1,88.05,0,0.0,0,1.1466049028825647e-05,0.0,0.0,6.09889245436014e-06,0.0,-1.1466049028825647e-05
MT,itiquira,1,160.66,0,0.0,0,1.1466049028825647e-05,0.0,0.0,1.1128314159199319e-05,0.0,-1.1466049028825647e-05
MT,nobres,1,59.91,0,0.0,0,1.1466049028825647e-05,0.0,0.0,4.149740453614037e-06,0.0,-1.1466049028825647e-05
MT,nortelandia,1,210.64,0,0.0,0,1.1466049028825647e-05,0.0,0.0,1.459024084709165e-05,0.0,-1.1466049028825647e-05
MT,nova guarita,1,41.79,0,0.0,0,1.1466049028825647e-05,0.0,0.0,2.8946361802124957e-06,0.0,-1.1466049028825647e-05
MT,nova lacerda,1,380.75,0,0.0,0,1.1466049028825647e-05,0.0,0.0,2.6373120976690782e-05,0.0,-1.1466049028825647e-05
MT,novo mundo,1,77.13,0,0.0,0,1.1466049028825647e-05,0.0,0.0,5.342505110787025e-06,0.0,-1.1466049028825647e-05
MT,porto alegre do norte,1,445.32,0,0.0,0,1.1466049028825647e-05,0.0,0.0,3.084564210988822e-05,0.0,-1.1466049028825647e-05
MT,porto esperidiao,1,150.05,0,0.0,0,1.1466049028825647e-05,0.0,0.0,1.039339935010493e-05,0.0,-1.1466049028825647e-05
MT,porto estrela,1,156.72,0,0.0,0,1.1466049028825647e-05,0.0,0.0,1.0855405172598763e-05,0.0,-1.1466049028825647e-05
MT,ribeirao cascalheira,1,67.39,0,0.0,0,1.1466049028825647e-05,0.0,0.0,4.66785193071357e-06,0.0,-1.1466049028825647e-05
MT,santo antonio do leste,1,237.55,0,0.0,0,1.1466049028825647e-05,0.0,0.0,1.64541953723254e-05,0.0,-1.1466049028825647e-05
MT,santo antonio do leverger,1,124.41,0,0.0,0,1.1466049028825647e-05,0.0,0.0,8.617412949993696e-06,0.0,-1.1466049028825647e-05
MT,sao felix do araguaia,1,134.64,0,0.0,0,1.1466049028825647e-05,0.0,0.0,9.326006587791587e-06,0.0,-1.1466049028825647e-05
MT,sao jose do xingu,1,72.52,0,0.0,0,1.1466049028825647e-05,0.0,0.0,5.023187743216324e-06,0.0,-1.1466049028825647e-05
MT,tapurah,1,145.11,0,0.0,0,1.1466049028825647e-05,0.0,0.0,1.0051224123250426e-05,0.0,-1.1466049028825647e-05
MT,uniao do sul,1,249.2,0,0.0,0,1.1466049028825647e-05,0.0,0.0,1.7261147071283892e-05,0.0,-1.1466049028825647e-05
MT,vila bela da santissima trindade,1,46.78,0,0.0,0,1.1466049028825647e-05,0.0,0.0,3.2402747190796973e-06,0.0,-1.1466049028825647e-05
PA,aurora do para,1,115.46,0,0.0,0,1.1466049028825647e-05,0.0,0.0,7.99748009972086e-06,0.0,-1.1466049028825647e-05
PA,breves,1,710.19,0,0.0,0,1.1466049028825647e-05,0.0,0.0,4.919219116595148e-05,0.0,-1.1466049028825647e-05
PA,floresta do araguaia,1,186.79,0,0.0,0,1.1466049028825647e-05,0.0,0.0,1.2938241017034986e-05,0.0,-1.1466049028825647e-05
PA,igarape-acu,1,94.76,0,0.0,0,1.1466049028825647e-05,0.0,0.0,6.563668926464133e-06,0.0,-1.1466049028825647e-05
PA,igarape-miri,1,65.03,0,0.0,0,1.1466049028825647e-05,0.0,0.0,4.5043836037142524e-06,0.0,-1.1466049028825647e-05
PA,jacareacanga,1,86.04,0,0.0,0,1.1466049028825647e-05,0.0,0.0,5.959667311449705e-06,0.0,-1.1466049028825647e-05
PA,juruti,1,75.53,0,0.0,0,1.1466049028825647e-05,0.0,0.0,5.231679126380708e-06,0.0,-1.1466049028825647e-05
PA,medicilandia,1,43.14,0,0.0,0,1.1466049028825647e-05,0.0,0.0,2.988145604555326e-06,0.0,-1.1466049028825647e-05
PA,mocajuba,1,85.6,0,0.0,0,1.1466049028825647e-05,0.0,0.0,5.929190165737966e-06,0.0,-1.1466049028825647e-05
PA,monte alegre,1,149.26,0,0.0,0,1.1466049028825647e-05,0.0,0.0,1.0338679020304309e-05,0.0,-1.1466049028825647e-05
PA,murucupi,1,162.13,0,0.0,0,1.1466049028825647e-05,0.0,0.0,1.1230135532372623e-05,0.0,-1.1466049028825647e-05
PA,nova esperanca do piria,1,2252.66,0,0.0,0,1.1466049028825647e-05,0.0,0.0,0.00015603328877045896,0.0,-1.1466049028825647e-05
PA,nova ipixuna,1,517.03,0,0.0,0,1.1466049028825647e-05,0.0,0.0,3.581272419849884e-05,0.0,-1.1466049028825647e-05
PA,nova timboteua,1,133.05,0,0.0,0,1.1466049028825647e-05,0.0,0.0,9.215873265787811e-06,0.0,-1.1466049028825647e-05
PA,ourem,1,66.05,0,0.0,0,1.1466049028825647e-05,0.0,0.0,4.575035168773279e-06,0.0,-1.1466049028825647e-05
PA,pau d'arco,1,83.05,0,0.0,0,1.1466049028825647e-05,0.0,0.0,5.7525612530903985e-06,0.0,-1.1466049028825647e-05
PA,picarra,1,1122.86,0,0.0,0,1.1466049028825647e-05,0.0,0.0,7.777629053154828e-05,0.0,-1.1466049028825647e-05
PA,rio maria,1,435.57,0,0.0,0,1.1466049028825647e-05,0.0,0.0,3.0170296267412222e-05,0.0,-1.1466049028825647e-05
PA,santa barbara do para,1,245.45,0,0.0,0,1.1466049028825647e-05,0.0,0.0,1.700139867033159e-05,0.0,-1.1466049028825647e-05
PA,santo antonio do taua,1,57.74,0,0.0,0,1.1466049028825647e-05,0.0,0.0,3.99943271226297e-06,0.0,-1.1466049028825647e-05
PA,sao domingos do araguaia,1,270.65,0,0.0,0,1.1466049028825647e-05,0.0,0.0,1.874690792473108e-05,0.0,-1.1466049028825647e-05
PA,senador jose porfirio,1,31.63,0,0.0,0,1.1466049028825647e-05,0.0,0.0,2.1908911792323817e-06,0.0,-1.1466049028825647e-05
PA,tome-acu,1,50.62,0,0.0,0,1.1466049028825647e-05,0.0,0.0,3.5062570816548584e-06,0.0,-1.1466049028825647e-05
PA,tracuateua,1,39.61,0,0.0,0,1.1466049028825647e-05,0.0,0.0,2.7436357764588886e-06,0.0,-1.1466049028825647e-05
PA,ulianopolis,1,64.4,0,0.0,0,1.1466049028825647e-05,0.0,0.0,4.4607458723542655e-06,0.0,-1.1466049028825647e-05
PB,agua branca,1,209.48,0,0.0,0,1.1466049028825647e-05,0.0,0.0,1.450989200839707e-05,0.0,-1.1466049028825647e-05
PB,alagoa grande,1,178.52,0,0.0,0,1.1466049028825647e-05,0.0,0.0,1.2365409210134835e-05,0.0,-1.1466049028825647e-05
PB,alagoa nova,1,164.29,0,0.0,0,1.1466049028825647e-05,0.0,0.0,1.1379750611321151e-05,0.0,-1.1466049028825647e-05
PB,arara,1,137.14,0,0.0,0,1.1466049028825647e-05,0.0,0.0,9.499172188426457e-06,0.0,-1.1466049028825647e-05
PB,araruna,1,159.85,0,0.0,0,1.1466049028825647e-05,0.0,0.0,1.1072208504593621e-05,0.0,-1.1466049028825647e-05
PB,areial,1,194.82,0,0.0,0,1.1466049028825647e-05,0.0,0.0,1.349444892627419e-05,0.0,-1.1466049028825647e-05
PB,aroeiras,1,167.48,0,0.0,0,1.1466049028825647e-05,0.0,0.0,1.1600709917731245e-05,0.0,-1.1466049028825647e-05
PB,assuncao,1,132.69,0,0.0,0,1.1466049028825647e-05,0.0,0.0,9.190937419296388e-06,0.0,-1.1466049028825647e-05
PB,barra de santa rosa,1,291.5,0,0.0,0,1.1466049028825647e-05,0.0,0.0,2.0191109034025905e-05,0.0,-1.1466049028825647e-05
PB,belem,1,383.03,0,0.0,0,1.1466049028825647e-05,0.0,0.0,2.653104800446978e-05,0.0,-1.1466049028825647e-05
PB,bonito de santa fe,1,162.85,0,0.0,0,1.1466049028825647e-05,0.0,0.0,1.1280007225355467e-05,0.0,-1.1466049028825647e-05
PB,brejo do cruz,1,1217.78,0,0.0,0,1.1466049028825647e-05,0.0,0.0,8.435104205645305e-05,0.0,-1.1466049028825647e-05
PB,brejo dos santos,1,125.94,0,0.0,0,1.1466049028825647e-05,0.0,0.0,8.723390297582237e-06,0.0,-1.1466049028825647e-05
PB,curral de cima,1,199.0,0,0.0,0,1.1466049028825647e-05,0.0,0.0,1.3783981810535694e-05,0.0,-1.1466049028825647e-05
PB,desterro,1,639.98,0,0.0,0,1.1466049028825647e-05,0.0,0.0,4.4329008437721776e-05,0.0,-1.1466049028825647e-05
PB,fagundes,1,220.74,0,0.0,0,1.1466049028825647e-05,0.0,0.0,1.5289829873656528e-05,0.0,-1.1466049028825647e-05
PB,ibiara,1,321.98,0,0.0,0,1.1466049028825647e-05,0.0,0.0,2.2302344036966248e-05,0.0,-1.1466049028825647e-05
PB,inga,1,169.99,0,0.0,0,1.1466049028825647e-05,0.0,0.0,1.1774568180768657e-05,0.0,-1.1466049028825647e-05
PB,jerico,1,113.08,0,0.0,0,1.1466049028825647e-05,0.0,0.0,7.832626447916463e-06,0.0,-1.1466049028825647e-05
PB,juripiranga,1,157.99,0,0.0,0,1.1466049028825647e-05,0.0,0.0,1.0943373297721278e-05,0.0,-1.1466049028825647e-05
PB,juru,1,919.38,0,0.0,0,1.1466049028825647e-05,0.0,0.0,6.368199596467491e-05,0.0,-1.1466049028825647e-05
PB,lagoa,1,180.76,0,0.0,0,1.1466049028825647e-05,0.0,0.0,1.2520565588303678e-05,0.0,-1.1466049028825647e-05
PB,lucena,1,127.17,0,0.0,0,1.1466049028825647e-05,0.0,0.0,8.808587773094594e-06,0.0,-1.1466049028825647e-05
PB,manaira,1,147.4,0,0.0,0,1.1466049028825647e-05,0.0,0.0,1.0209843813431966e-05,0.0,-1.1466049028825647e-05
PB,montadas,1,120.9,0,0.0,0,1.1466049028825647e-05,0.0,0.0,8.37428844670234e-06,0.0,-1.1466049028825647e-05
PB,nova floresta,1,155.0,0,0.0,0,1.1466049028825647e-05,0.0,0.0,1.0736267239361972e-05,0.0,-1.1466049028825647e-05
PB,passagem,1,1265.83,0,0.0,0,1.1466049028825647e-05,0.0,0.0,8.767928490065526e-05,0.0,-1.1466049028825647e-05
PB,paulista,1,525.46,0,0.0,0,1.1466049028825647e-05,0.0,0.0,3.639663860383963e-05,0.0,-1.1466049028825647e-05
PB,pedra branca,1,95.84,0,0.0,0,1.1466049028825647e-05,0.0,0.0,6.638476465938397e-06,0.0,-1.1466049028825647e-05
PB,pedra lavrada,1,87.9,0,0.0,0,1.1466049028825647e-05,0.0,0.0,6.088502518322048e-06,0.0,-1.1466049028825647e-05
PB,pianco,1,2324.99,0,0.0,0,1.1466049028825647e-05,0.0,0.0,0.00016104331592802705,0.0,-1.1466049028825647e-05
PB,picui,1,64.14,0,0.0,0,1.1466049028825647e-05,0.0,0.0,4.442736649888239e-06,0.0,-1.1466049028825647e-05
PB,pilar,1,96.95,0,0.0,0,1.1466049028825647e-05,0.0,0.0,6.715361992620279e-06,0.0,-1.1466049028825647e-05
PB,pirpirituba,1,1372.25,0,0.0,0,1.1466049028825647e-05,0.0,0.0,9.505059818848043e-05,0.0,-1.1466049028825647e-05
PB,pitanga de estrada,1,154.83,0,0.0,0,1.1466049028825647e-05,0.0,0.0,1.0724491978518802e-05,0.0,-1.1466049028825647e-05
PB,pitimbu,1,455.11,0,0.0,0,1.1466049028825647e-05,0.0,0.0,3.152375860197437e-05,0.0,-1.1466049028825647e-05
PB,prata,1,75.73,0,0.0,0,1.1466049028825647e-05,0.0,0.0,5.245532374431498e-06,0.0,-1.1466049028825647e-05
PB,princesa isabel,1,344.62,0,0.0,0,1.1466049028825647e-05,0.0,0.0,2.3870531716315634e-05,0.0,-1.1466049028825647e-05
PB,puxinana,1,271.03,0,0.0,0,1.1466049028825647e-05,0.0,0.0,1.877322909602758e-05,0.0,-1.1466049028825647e-05
PB,remigio,1,169.92,0,0.0,0,1.1466049028825647e-05,0.0,0.0,1.176971954395088e-05,0.0,-1.1466049028825647e-05
PB,riacho de santo antonio,1,159.6,0,0.0,0,1.1466049028825647e-05,0.0,0.0,1.1054891944530134e-05,0.0,-1.1466049028825647e-05
PB,rio tinto,1,135.22,0,0.0,0,1.1466049028825647e-05,0.0,0.0,9.366181007138877e-06,0.0,-1.1466049028825647e-05
PB,santa cecilia,1,166.71,0,0.0,0,1.1466049028825647e-05,0.0,0.0,1.1547374912735707e-05,0.0,-1.1466049028825647e-05
PB,santo andre,1,90.9,0,0.0,0,1.1466049028825647e-05,0.0,0.0,6.296301239083893e-06,0.0,-1.1466049028825647e-05
PB,sao bentinho,1,69.15,0,0.0,0,1.1466049028825647e-05,0.0,0.0,4.7897605135605195e-06,0.0,-1.1466049028825647e-05
PB,sao francisco,1,141.75,0,0.0,0,1.1466049028825647e-05,0.0,0.0,9.818489555997159e-06,0.0,-1.1466049028825647e-05
PB,sao mamede,1,137.1,0,0.0,0,1.1466049028825647e-05,0.0,0.0,9.4964015388163e-06,0.0,-1.1466049028825647e-05
PB,serra branca,1,142.26,0,0.0,0,1.1466049028825647e-05,0.0,0.0,9.853815338526671e-06,0.0,-1.1466049028825647e-05
PB,solanea,1,519.29,0,0.0,0,1.1466049028825647e-05,0.0,0.0,3.596926590147276e-05,0.0,-1.1466049028825647e-05
PB,teixeira,1,69.05,0,0.0,0,1.1466049028825647e-05,0.0,0.0,4.782833889535124e-06,0.0,-1.1466049028825647e-05
PB,triunfo,1,198.57,0,0.0,0,1.1466049028825647e-05,0.0,0.0,1.3754197327226496e-05,0.0,-1.1466049028825647e-05
PB,uirauna,1,285.36,0,0.0,0,1.1466049028825647e-05,0.0,0.0,1.9765814318866662e-05,0.0,-1.1466049028825647e-05
PB,varzea,1,150.18,0,0.0,0,1.1466049028825647e-05,0.0,0.0,1.0402403961337943e-05,0.0,-1.1466049028825647e-05
PE,afranio,1,226.23,0,0.0,0,1.1466049028825647e-05,0.0,0.0,1.5670101532650703e-05,0.0,-1.1466049028825647e-05
PE,agrestina,1,2066.34,0,0.0,0,1.1466049028825647e-05,0.0,0.0,0.00014312760288634336,0.0,-1.1466049028825647e-05
PE,agua preta,1,147.34,0,0.0,0,1.1466049028825647e-05,0.0,0.0,1.020568783901673e-05,0.0,-1.1466049028825647e-05
PE,alianca,1,89.93,0,0.0,0,1.1466049028825647e-05,0.0,0.0,6.229112986037563e-06,0.0,-1.1466049028825647e-05
PE,altinho,1,50.94,0,0.0,0,1.1466049028825647e-05,0.0,0.0,3.5284222785361216e-06,0.0,-1.1466049028825647e-05
PE,bom jardim,1,327.76,0,0.0,0,1.1466049028825647e-05,0.0,0.0,2.2702702905634065e-05,0.0,-1.1466049028825647e-05
PE,buique,1,253.09,0,0.0,0,1.1466049028825647e-05,0.0,0.0,1.7530592745871754e-05,0.0,-1.1466049028825647e-05
PE,caetes,1,166.04,0,0.0,0,1.1466049028825647e-05,0.0,0.0,1.150096653176556e-05,0.0,-1.1466049028825647e-05
PE,capoeiras,1,190.53,0,0.0,0,1.1466049028825647e-05,0.0,0.0,1.3197296755584753e-05,0.0,-1.1466049028825647e-05
PE,cha de alegria,1,108.95,0,0.0,0,1.1466049028825647e-05,0.0,0.0,7.546556875667658e-06,0.0,-1.1466049028825647e-05
PE,cha grande,1,186.49,0,0.0,0,1.1466049028825647e-05,0.0,0.0,1.2917461144958802e-05,0.0,-1.1466049028825647e-05
PE,correntes,1,221.59,0,0.0,0,1.1466049028825647e-05,0.0,0.0,1.5348706177872383e-05,0.0,-1.1466049028825647e-05
PE,cumaru,1,237.86,0,0.0,0,1.1466049028825647e-05,0.0,0.0,1.6475667906804124e-05,0.0,-1.1466049028825647e-05
PE,cupira,1,65.53,0,0.0,0,1.1466049028825647e-05,0.0,0.0,4.539016723841226e-06,0.0,-1.1466049028825647e-05
PE,ferreiros,1,133.94,0,0.0,0,1.1466049028825647e-05,0.0,0.0,9.277520219613824e-06,0.0,-1.1466049028825647e-05
PE,flores,1,317.51,0,0.0,0,1.1466049028825647e-05,0.0,0.0,2.1992723943031094e-05,0.0,-1.1466049028825647e-05
PE,jurema,1,54.34,0,0.0,0,1.1466049028825647e-05,0.0,0.0,3.763927495399546e-06,0.0,-1.1466049028825647e-05
PE,machados,1,142.66,0,0.0,0,1.1466049028825647e-05,0.0,0.0,9.881521834628252e-06,0.0,-1.1466049028825647e-05
PE,nazare da mata,1,114.56,0,0.0,0,1.1466049028825647e-05,0.0,0.0,7.935140483492307e-06,0.0,-1.1466049028825647e-05
PE,nossa senhora do o,1,61.61,0,0.0,0,1.1466049028825647e-05,0.0,0.0,4.267493062045749e-06,0.0,-1.1466049028825647e-05
PE,orobo,1,142.63,0,0.0,0,1.1466049028825647e-05,0.0,0.0,9.879443847420632e-06,0.0,-1.1466049028825647e-05
PE,passira,1,461.72,0,0.0,0,1.1466049028825647e-05,0.0,0.0,3.198160845005297e-05,0.0,-1.1466049028825647e-05
PE,pocao,1,318.53,0,0.0,0,1.1466049028825647e-05,0.0,0.0,2.2063375508090123e-05,0.0,-1.1466049028825647e-05
PE,pombos,1,131.43,0,0.0,0,1.1466049028825647e-05,0.0,0.0,9.103661956576414e-06,0.0,-1.1466049028825647e-05
PE,quipapa,1,272.99,0,0.0,0,1.1466049028825647e-05,0.0,0.0,1.8908990926925323e-05,0.0,-1.1466049028825647e-05
PE,quixada,1,173.89,0,0.0,0,1.1466049028825647e-05,0.0,0.0,1.2044706517759053e-05,0.0,-1.1466049028825647e-05
PE,santa filomena,1,186.4,0,0.0,0,1.1466049028825647e-05,0.0,0.0,1.2911227183335946e-05,0.0,-1.1466049028825647e-05
PE,santa terezinha,1,295.52,0,0.0,0,1.1466049028825647e-05,0.0,0.0,2.0469559319846775e-05,0.0,-1.1466049028825647e-05
PE,santo antonio das queimadas,1,112.12,0,0.0,0,1.1466049028825647e-05,0.0,0.0,7.766130857272673e-06,0.0,-1.1466049028825647e-05
PE,sao benedito do sul,1,64.83,0,0.0,0,1.1466049028825647e-05,0.0,0.0,4.490530355663462e-06,0.0,-1.1466049028825647e-05
PE,sao domingos,1,170.01,0,0.0,0,1.1466049028825647e-05,0.0,0.0,1.1775953505573734e-05,0.0,-1.1466049028825647e-05
PE,sao joao,1,476.52,0,0.0,0,1.1466049028825647e-05,0.0,0.0,3.30067488058114e-05,0.0,-1.1466049028825647e-05
PE,sao joaquim do monte,1,107.95,0,0.0,0,1.1466049028825647e-05,0.0,0.0,7.47729063541371e-06,0.0,-1.1466049028825647e-05
PE,sao jose da coroa grande,1,102.84,0,0.0,0,1.1466049028825647e-05,0.0,0.0,7.123340147716034e-06,0.0,-1.1466049028825647e-05
PE,sao vicente ferrer,1,214.28,0,0.0,0,1.1466049028825647e-05,0.0,0.0,1.4842369961616023e-05,0.0,-1.1466049028825647e-05
PE,siriji,1,77.03,0,0.0,0,1.1466049028825647e-05,0.0,0.0,5.335578486761631e-06,0.0,-1.1466049028825647e-05
PE,tamandare,1,73.84,0,0.0,0,1.1466049028825647e-05,0.0,0.0,5.114619180351536e-06,0.0,-1.1466049028825647e-05
PE,terezinha,1,65.62,0,0.0,0,1.1466049028825647e-05,0.0,0.0,4.545250685464082e-06,0.0,-1.1466049028825647e-05
PE,terra nova,1,267.93,0,0.0,0,1.1466049028825647e-05,0.0,0.0,1.8558503751240345e-05,0.0,-1.1466049028825647e-05
PE,tracunhaem,1,689.87,0,0.0,0,1.1466049028825647e-05,0.0,0.0,4.778470116399125e-05,0.0,-1.1466049028825647e-05
PE,triunfo,1,84.69,0,0.0,0,1.1466049028825647e-05,0.0,0.0,5.866157887106874e-06,0.0,-1.1466049028825647e-05
PE,vertentes,1,49.62,0,0.0,0,1.1466049028825647e-05,0.0,0.0,3.43699084140091e-06,0.0,-1.1466049028825647e-05
PE,vicencia,1,131.14,0,0.0,0,1.1466049028825647e-05,0.0,0.0,9.083574746902768e-06,0.0,-1.1466049028825647e-05
PE,xexeu,1,126.16,0,0.0,0,1.1466049028825647e-05,0.0,0.0,8.738628870438105e-06,0.0,-1.1466049028825647e-05
PI,alegrete do piaui,1,173.88,0,0.0,0,1.1466049028825647e-05,0.0,0.0,1.2044013855356514e-05,0.0,-1.1466049028825647e-05
PI,alvorada do gurgueia,1,87.85,0,0.0,0,1.1466049028825647e-05,0.0,0.0,6.08503920630935e-06,0.0,-1.1466049028825647e-05
PI,amarante,1,953.84,0,0.0,0,1.1466049028825647e-05,0.0,0.0,6.606891060382596e-05,0.0,-1.1466049028825647e-05
PI,angical do piaui,1,80.92,0,0.0,0,1.1466049028825647e-05,0.0,0.0,5.60502416134949e-06,0.0,-1.1466049028825647e-05
PI,baixa grande do ribeiro,1,213.47,0,0.0,0,1.1466049028825647e-05,0.0,0.0,1.4786264307010325e-05,0.0,-1.1466049028825647e-05
PI,bertolinia,1,483.87,0,0.0,0,1.1466049028825647e-05,0.0,0.0,3.351585567167792e-05,0.0,-1.1466049028825647e-05
PI,bocaina,1,198.62,0,0.0,0,1.1466049028825647e-05,0.0,0.0,1.3757660639239193e-05,0.0,-1.1466049028825647e-05
PI,buriti dos lopes,1,124.94,0,0.0,0,1.1466049028825647e-05,0.0,0.0,8.654124057328289e-06,0.0,-1.1466049028825647e-05
PI,caldeirao grande do piaui,1,180.76,0,0.0,0,1.1466049028825647e-05,0.0,0.0,1.2520565588303678e-05,0.0,-1.1466049028825647e-05
PI,campo alegre do fidalgo,1,263.94,0,0.0,0,1.1466049028825647e-05,0.0,0.0,1.8282131452627092e-05,0.0,-1.1466049028825647e-05
PI,campo grande do piaui,1,190.88,0,0.0,0,1.1466049028825647e-05,0.0,0.0,1.3221539939673634e-05,0.0,-1.1466049028825647e-05
PI,canto do buriti,1,674.83,0,0.0,0,1.1466049028825647e-05,0.0,0.0,4.674293691057187e-05,0.0,-1.1466049028825647e-05
PI,caxingo,1,53.84,0,0.0,0,1.1466049028825647e-05,0.0,0.0,3.729294375272572e-06,0.0,-1.1466049028825647e-05
PI,conceicao do caninde,1,181.81,0,0.0,0,1.1466049028825647e-05,0.0,0.0,1.2593295140570325e-05,0.0,-1.1466049028825647e-05
PI,demerval lobao,1,40.38,0,0.0,0,1.1466049028825647e-05,0.0,0.0,2.796970781454429e-06,0.0,-1.1466049028825647e-05
PI,francisco santos,1,41.7,0,0.0,0,1.1466049028825647e-05,0.0,0.0,2.8884022185896408e-06,0.0,-1.1466049028825647e-05
PI,gilbues,1,356.51,0,0.0,0,1.1466049028825647e-05,0.0,0.0,2.4694107312935076e-05,0.0,-1.1466049028825647e-05
PI,ilha grande,1,174.68,0,0.0,0,1.1466049028825647e-05,0.0,0.0,1.2099426847559674e-05,0.0,-1.1466049028825647e-05
PI,inhuma,1,112.35,0,0.0,0,1.1466049028825647e-05,0.0,0.0,7.782062092531081e-06,0.0,-1.1466049028825647e-05
PI,itaueira,1,173.62,0,0.0,0,1.1466049028825647e-05,0.0,0.0,1.202600463289049e-05,0.0,-1.1466049028825647e-05
PI,joaquim pires,1,37.81,0,0.0,0,1.1466049028825647e-05,0.0,0.0,2.618956544001782e-06,0.0,-1.1466049028825647e-05
PI,lagoa de sao francisco,1,107.02,0,0.0,0,1.1466049028825647e-05,0.0,0.0,7.412873031977537e-06,0.0,-1.1466049028825647e-05
PI,lagoa do piaui,1,106.38,0,0.0,0,1.1466049028825647e-05,0.0,0.0,7.3685426382150106e-06,0.0,-1.1466049028825647e-05
PI,lagoinha do piaui,1,149.61,0,0.0,0,1.1466049028825647e-05,0.0,0.0,1.0362922204393193e-05,0.0,-1.1466049028825647e-05
PI,luis correia,1,153.36,0,0.0,0,1.1466049028825647e-05,0.0,0.0,1.0622670605345498e-05,0.0,-1.1466049028825647e-05
PI,marcos parente,1,64.5,0,0.0,0,1.1466049028825647e-05,0.0,0.0,4.467672496379659e-06,0.0,-1.1466049028825647e-05
PI,matias olimpio,1,841.4,0,0.0,0,1.1466049028825647e-05,0.0,0.0,5.8280614549672027e-05,0.0,-1.1466049028825647e-05
PI,nova santa rita,1,38.82,0,0.0,0,1.1466049028825647e-05,0.0,0.0,2.6889154466582697e-06,0.0,-1.1466049028825647e-05
PI,novo oriente do piaui,1,67.35,0,0.0,0,1.1466049028825647e-05,0.0,0.0,4.6650812811034115e-06,0.0,-1.1466049028825647e-05
PI,pedro ii,1,127.77,0,0.0,0,1.1466049028825647e-05,0.0,0.0,8.850147517246963e-06,0.0,-1.1466049028825647e-05
PI,pimenteiras,1,75.4,0,0.0,0,1.1466049028825647e-05,0.0,0.0,5.222674515147695e-06,0.0,-1.1466049028825647e-05
PI,pio ix,1,184.84,0,0.0,0,1.1466049028825647e-05,0.0,0.0,1.2803171848539787e-05,0.0,-1.1466049028825647e-05
PI,redencao do gurgueia,1,257.56,0,0.0,0,1.1466049028825647e-05,0.0,0.0,1.78402128398069e-05,0.0,-1.1466049028825647e-05
PI,rio grande do piaui,1,45.7,0,0.0,0,1.1466049028825647e-05,0.0,0.0,3.1654671796054334e-06,0.0,-1.1466049028825647e-05
PI,santa cruz do piaui,1,158.38,0,0.0,0,1.1466049028825647e-05,0.0,0.0,1.0970387131420318e-05,0.0,-1.1466049028825647e-05
PI,sao jose do divino,1,643.33,0,0.0,0,1.1466049028825647e-05,0.0,0.0,4.456105034257251e-05,0.0,-1.1466049028825647e-05
PI,sao jose do piaui,1,173.88,0,0.0,0,1.1466049028825647e-05,0.0,0.0,1.2044013855356514e-05,0.0,-1.1466049028825647e-05
PI,sao lourenco do piaui,1,191.11,0,0.0,0,1.1466049028825647e-05,0.0,0.0,1.3237471174932043e-05,0.0,-1.1466049028825647e-05
PI,sebastiao leal,1,75.89,0,0.0,0,1.1466049028825647e-05,0.0,0.0,5.25661497287213e-06,0.0,-1.1466049028825647e-05
PI,simplicio mendes,1,50.75,0,0.0,0,1.1466049028825647e-05,0.0,0.0,3.5152616928878718e-06,0.0,-1.1466049028825647e-05
PI,uniao,1,393.32,0,0.0,0,1.1466049028825647e-05,0.0,0.0,2.724379761668291e-05,0.0,-1.1466049028825647e-05
PI,varzea grande,1,46.65,0,0.0,0,1.1466049028825647e-05,0.0,0.0,3.231270107846684e-06,0.0,-1.1466049028825647e-05
PR,adhemar de barros,1,166.29,0,0.0,0,1.1466049028825647e-05,0.0,0.0,1.1518283091829047e-05,0.0,-1.1466049028825647e-05
PR,adrianopolis,1,89.17,0,0.0,0,1.1466049028825647e-05,0.0,0.0,6.176470643444562e-06,0.0,-1.1466049028825647e-05
PR,alexandra,1,51.31,0,0.0,0,1.1466049028825647e-05,0.0,0.0,3.554050787430083e-06,0.0,-1.1466049028825647e-05
PR,alto alegre do iguacu,1,227.25,0,0.0,0,1.1466049028825647e-05,0.0,0.0,1.574075309770973e-05,0.0,-1.1466049028825647e-05
PR,alto paraiso,1,73.15,0,0.0,0,1.1466049028825647e-05,0.0,0.0,5.066825474576312e-06,0.0,-1.1466049028825647e-05
PR,alto piquiri,1,432.5,0,0.0,0,1.1466049028825647e-05,0.0,0.0,2.99576489098326e-05,0.0,-1.1466049028825647e-05
PR,alto sao joao,1,73.25,0,0.0,0,1.1466049028825647e-05,0.0,0.0,5.073752098601706e-06,0.0,-1.1466049028825647e-05
PR,balsa nova,1,33.97,0,0.0,0,1.1466049028825647e-05,0.0,0.0,2.352974181426621e-06,0.0,-1.1466049028825647e-05
PR,barra do jacare,1,71.43,0,0.0,0,1.1466049028825647e-05,0.0,0.0,4.947687541339521e-06,0.0,-1.1466049028825647e-05
PR,barracao,1,34.51,0,0.0,0,1.1466049028825647e-05,0.0,0.0,2.390377951163753e-06,0.0,-1.1466049028825647e-05
PR,boa esperanca,1,179.77,0,0.0,0,1.1466049028825647e-05,0.0,0.0,1.245199201045227e-05,0.0,-1.1466049028825647e-05
PR,boa esperanca do iguacu,1,51.0,0,0.0,0,1.1466049028825647e-05,0.0,0.0,3.5325782529513588e-06,0.0,-1.1466049028825647e-05
PR,bom jesus do sul,1,245.1,0,0.0,0,1.1466049028825647e-05,0.0,0.0,1.6977155486242707e-05,0.0,-1.1466049028825647e-05
PR,bom sucesso,1,107.78,0,0.0,0,1.1466049028825647e-05,0.0,0.0,7.4655153745705385e-06,0.0,-1.1466049028825647e-05
PR,borrazopolis,1,235.61,0,0.0,0,1.1466049028825647e-05,0.0,0.0,1.631981886623274e-05,0.0,-1.1466049028825647e-05
PR,campo do tenente,1,71.04,0,0.0,0,1.1466049028825647e-05,0.0,0.0,4.920673707640481e-06,0.0,-1.1466049028825647e-05
PR,campo magro,1,64.76,0,0.0,0,1.1466049028825647e-05,0.0,0.0,4.485681718845686e-06,0.0,-1.1466049028825647e-05
PR,candoi,1,79.5,0,0.0,0,1.1466049028825647e-05,0.0,0.0,5.506666100188883e-06,0.0,-1.1466049028825647e-05
PR,conselheiro mairinck,1,81.55,0,0.0,0,1.1466049028825647e-05,0.0,0.0,5.6486618927094765e-06,0.0,-1.1466049028825647e-05
PR,contenda,1,104.61,0,0.0,0,1.1466049028825647e-05,0.0,0.0,7.2459413929655224e-06,0.0,-1.1466049028825647e-05
PR,coronel domingos soares,1,106.87,0,0.0,0,1.1466049028825647e-05,0.0,0.0,7.402483095939446e-06,0.0,-1.1466049028825647e-05
PR,corumbatai do sul,1,45.78,0,0.0,0,1.1466049028825647e-05,0.0,0.0,3.1710084788257494e-06,0.0,-1.1466049028825647e-05
PR,cruzeiro do iguacu,1,148.15,0,0.0,0,1.1466049028825647e-05,0.0,0.0,1.0261793493622428e-05,0.0,-1.1466049028825647e-05
PR,diamante d'oeste,1,307.69,0,0.0,0,1.1466049028825647e-05,0.0,0.0,2.1312529463737324e-05,0.0,-1.1466049028825647e-05
PR,doce grande,1,67.72,0,0.0,0,1.1466049028825647e-05,0.0,0.0,4.6907097899973725e-06,0.0,-1.1466049028825647e-05
PR,douradina,1,118.65,0,0.0,0,1.1466049028825647e-05,0.0,0.0,8.218439406130955e-06,0.0,-1.1466049028825647e-05
PR,doutor ulysses,1,158.61,0,0.0,0,1.1466049028825647e-05,0.0,0.0,1.0986318366678726e-05,0.0,-1.1466049028825647e-05
PR,farol,1,152.72,0,0.0,0,1.1466049028825647e-05,0.0,0.0,1.0578340211582972e-05,0.0,-1.1466049028825647e-05
PR,fenix,1,67.92,0,0.0,0,1.1466049028825647e-05,0.0,0.0,4.704563038048163e-06,0.0,-1.1466049028825647e-05
PR,florida,1,86.15,0,0.0,0,1.1466049028825647e-05,0.0,0.0,5.967286597877639e-06,0.0,-1.1466049028825647e-05
PR,formosa do oeste,1,86.15,0,0.0,0,1.1466049028825647e-05,0.0,0.0,5.967286597877639e-06,0.0,-1.1466049028825647e-05
PR,foz do jordao,1,64.1,0,0.0,0,1.1466049028825647e-05,0.0,0.0,4.43996600027808e-06,0.0,-1.1466049028825647e-05
PR,godoy moreira,1,1101.83,0,0.0,0,1.1466049028825647e-05,0.0,0.0,7.631962149900775e-05,0.0,-1.1466049028825647e-05
PR,guamiranga,1,284.89,0,0.0,0,1.1466049028825647e-05,0.0,0.0,1.9733259185947304e-05,0.0,-1.1466049028825647e-05
PR,guapirama,1,107.78,0,0.0,0,1.1466049028825647e-05,0.0,0.0,7.4655153745705385e-06,0.0,-1.1466049028825647e-05
PR,guaraquecaba,1,63.37,0,0.0,0,1.1466049028825647e-05,0.0,0.0,4.389401644892698e-06,0.0,-1.1466049028825647e-05
PR,icaraima,1,43.95,0,0.0,0,1.1466049028825647e-05,0.0,0.0,3.044251259161024e-06,0.0,-1.1466049028825647e-05
PR,iguaracu,1,659.2,0,0.0,0,1.1466049028825647e-05,0.0,0.0,4.566030557540266e-05,0.0,-1.1466049028825647e-05
PR,iguatu,1,153.04,0,0.0,0,1.1466049028825647e-05,0.0,0.0,1.0600505408464234e-05,0.0,-1.1466049028825647e-05
PR,ilha dos valadares,1,93.59,0,0.0,0,1.1466049028825647e-05,0.0,0.0,6.482627425367014e-06,0.0,-1.1466049028825647e-05
PR,ipiranga,1,112.88,0,0.0,0,1.1466049028825647e-05,0.0,0.0,7.818773199865674e-06,0.0,-1.1466049028825647e-05
PR,iretama,1,139.59,0,0.0,0,1.1466049028825647e-05,0.0,0.0,9.668874477048631e-06,0.0,-1.1466049028825647e-05
PR,itambe,1,292.28,0,0.0,0,1.1466049028825647e-05,0.0,0.0,2.024513670142398e-05,0.0,-1.1466049028825647e-05
PR,jardim olinda,1,189.84,0,0.0,0,1.1466049028825647e-05,0.0,0.0,1.3149503049809528e-05,0.0,-1.1466049028825647e-05
PR,jussara,1,44.59,0,0.0,0,1.1466049028825647e-05,0.0,0.0,3.088581652923551e-06,0.0,-1.1466049028825647e-05
PR,laranjal,1,43.09,0,0.0,0,1.1466049028825647e-05,0.0,0.0,2.9846822925426285e-06,0.0,-1.1466049028825647e-05
PR,leopolis,1,31.38,0,0.0,0,1.1466049028825647e-05,0.0,0.0,2.1735746191688947e-06,0.0,-1.1466049028825647e-05
PR,mandirituba,1,26.77,0,0.0,0,1.1466049028825647e-05,0.0,0.0,1.8542572515981935e-06,0.0,-1.1466049028825647e-05
PR,mariental,1,1867.85,0,0.0,0,1.1466049028825647e-05,0.0,0.0,0.00012937894685833716,0.0,-1.1466049028825647e-05
PR,marilandia do sul,1,178.27,0,0.0,0,1.1466049028825647e-05,0.0,0.0,1.2348092650071349e-05,0.0,-1.1466049028825647e-05
PR,marilena,1,107.87,0,0.0,0,1.1466049028825647e-05,0.0,0.0,7.471749336193394e-06,0.0,-1.1466049028825647e-05
PR,mariluz,1,256.37,0,0.0,0,1.1466049028825647e-05,0.0,0.0,1.7757786013904703e-05,0.0,-1.1466049028825647e-05
PR,mariopolis,1,173.95,0,0.0,0,1.1466049028825647e-05,0.0,0.0,1.2048862492174291e-05,0.0,-1.1466049028825647e-05
PR,mato rico,1,92.65,0,0.0,0,1.1466049028825647e-05,0.0,0.0,6.417517159528302e-06,0.0,-1.1466049028825647e-05
PR,nova america da colina,1,76.65,0,0.0,0,1.1466049028825647e-05,0.0,0.0,5.309257315465131e-06,0.0,-1.1466049028825647e-05
PR,nova esperanca do sudoeste,1,100.33,0,0.0,0,1.1466049028825647e-05,0.0,0.0,6.949481884678624e-06,0.0,-1.1466049028825647e-05
PR,nova laranjeiras,1,251.59,0,0.0,0,1.1466049028825647e-05,0.0,0.0,1.742669338549083e-05,0.0,-1.1466049028825647e-05
PR,nova santa barbara,1,130.53,0,0.0,0,1.1466049028825647e-05,0.0,0.0,9.04132234034786e-06,0.0,-1.1466049028825647e-05
PR,novo itacolomi,1,122.22,0,0.0,0,1.1466049028825647e-05,0.0,0.0,8.46571988383755e-06,0.0,-1.1466049028825647e-05
PR,ourizona,1,167.8,0,0.0,0,1.1466049028825647e-05,0.0,0.0,1.1622875114612511e-05,0.0,-1.1466049028825647e-05
PR,ouro verde do oeste,1,27.38,0,0.0,0,1.1466049028825647e-05,0.0,0.0,1.896509658153102e-06,0.0,-1.1466049028825647e-05
PR,palmital,1,201.75,0,0.0,0,1.1466049028825647e-05,0.0,0.0,1.3974463971234051e-05,0.0,-1.1466049028825647e-05
PR,paranapoema,1,140.49,0,0.0,0,1.1466049028825647e-05,0.0,0.0,9.731214093277185e-06,0.0,-1.1466049028825647e-05
PR,paula freitas,1,553.46,0,0.0,0,1.1466049028825647e-05,0.0,0.0,3.833609333095018e-05,0.0,-1.1466049028825647e-05
PR,perobal,1,95.31,0,0.0,0,1.1466049028825647e-05,0.0,0.0,6.601765358603804e-06,0.0,-1.1466049028825647e-05
PR,perola independente,1,104.46,0,0.0,0,1.1466049028825647e-05,0.0,0.0,7.23555145692743e-06,0.0,-1.1466049028825647e-05
PR,pirapo,1,96.29,0,0.0,0,1.1466049028825647e-05,0.0,0.0,6.669646274052674e-06,0.0,-1.1466049028825647e-05
PR,planaltina do parana,1,25.85,0,0.0,0,1.1466049028825647e-05,0.0,0.0,1.7905323105645614e-06,0.0,-1.1466049028825647e-05
PR,porto rico,1,318.92,0,0.0,0,1.1466049028825647e-05,0.0,0.0,2.2090389341789166e-05,0.0,-1.1466049028825647e-05
PR,pranchita,1,182.36,0,0.0,0,1.1466049028825647e-05,0.0,0.0,1.2631391572709997e-05,0.0,-1.1466049028825647e-05
PR,quatro pontes,1,167.66,0,0.0,0,1.1466049028825647e-05,0.0,0.0,1.1613177840976956e-05,0.0,-1.1466049028825647e-05
PR,querencia do norte,1,99.43,0,0.0,0,1.1466049028825647e-05,0.0,0.0,6.887142268450071e-06,0.0,-1.1466049028825647e-05
PR,rancho alegre,1,102.66,0,0.0,0,1.1466049028825647e-05,0.0,0.0,7.1108722244703235e-06,0.0,-1.1466049028825647e-05
PR,rancho alegre d'oeste,1,149.29,0,0.0,0,1.1466049028825647e-05,0.0,0.0,1.0340757007511929e-05,0.0,-1.1466049028825647e-05
PR,reserva do iguacu,1,28.52,0,0.0,0,1.1466049028825647e-05,0.0,0.0,1.975473172042603e-06,0.0,-1.1466049028825647e-05
PR,rio verde,1,178.27,0,0.0,0,1.1466049028825647e-05,0.0,0.0,1.2348092650071349e-05,0.0,-1.1466049028825647e-05
PR,rosario do ivai,1,47.23,0,0.0,0,1.1466049028825647e-05,0.0,0.0,3.271444527193974e-06,0.0,-1.1466049028825647e-05
PR,sabaudia,1,20.42,0,0.0,0,1.1466049028825647e-05,0.0,0.0,1.4144166259856226e-06,0.0,-1.1466049028825647e-05
PR,salto do itarare,1,276.47,0,0.0,0,1.1466049028825647e-05,0.0,0.0,1.9150037443009062e-05,0.0,-1.1466049028825647e-05
PR,santa amelia,1,175.87,0,0.0,0,1.1466049028825647e-05,0.0,0.0,1.2181853673461872e-05,0.0,-1.1466049028825647e-05
PR,santa cecilia do pavao,1,72.14,0,0.0,0,1.1466049028825647e-05,0.0,0.0,4.996866571919824e-06,0.0,-1.1466049028825647e-05
PR,santa lucia,1,68.49,0,0.0,0,1.1466049028825647e-05,0.0,0.0,4.744044794992913e-06,0.0,-1.1466049028825647e-05
PR,santa margarida,1,68.13,0,0.0,0,1.1466049028825647e-05,0.0,0.0,4.719108948501491e-06,0.0,-1.1466049028825647e-05
PR,santa monica,1,291.21,0,0.0,0,1.1466049028825647e-05,0.0,0.0,2.0171021824352256e-05,0.0,-1.1466049028825647e-05
PR,santana,1,138.6,0,0.0,0,1.1466049028825647e-05,0.0,0.0,9.600300899197223e-06,0.0,-1.1466049028825647e-05
PR,santana do itarare,1,71.53,0,0.0,0,1.1466049028825647e-05,0.0,0.0,4.954614165364916e-06,0.0,-1.1466049028825647e-05
PR,santo antonio do caiua,1,302.55,0,0.0,0,1.1466049028825647e-05,0.0,0.0,2.095650098883203e-05,0.0,-1.1466049028825647e-05
PR,santo inacio,1,79.7,0,0.0,0,1.1466049028825647e-05,0.0,0.0,5.5205193482396724e-06,0.0,-1.1466049028825647e-05
PR,sao carlos do ivai,1,119.95,0,0.0,0,1.1466049028825647e-05,0.0,0.0,8.308485518461089e-06,0.0,-1.1466049028825647e-05
PR,sao clemente,1,154.86,0,0.0,0,1.1466049028825647e-05,0.0,0.0,1.072656996572642e-05,0.0,-1.1466049028825647e-05
PR,sao jorge d'oeste,1,111.02,0,0.0,0,1.1466049028825647e-05,0.0,0.0,7.68993799299333e-06,0.0,-1.1466049028825647e-05
PR,sao jorge do ivai,1,395.96,0,0.0,0,1.1466049028825647e-05,0.0,0.0,2.7426660490953334e-05,0.0,-1.1466049028825647e-05
PR,sao jorge do oeste,1,60.53,0,0.0,0,1.1466049028825647e-05,0.0,0.0,4.192685522571485e-06,0.0,-1.1466049028825647e-05
PR,sao jorge do patrocinio,1,33.23,0,0.0,0,1.1466049028825647e-05,0.0,0.0,2.301717163638699e-06,0.0,-1.1466049028825647e-05
PR,sao jose da boa vista,1,137.07,0,0.0,0,1.1466049028825647e-05,0.0,0.0,9.494323551608682e-06,0.0,-1.1466049028825647e-05
PR,sao miguel do cambui,1,77.57,0,0.0,0,1.1466049028825647e-05,0.0,0.0,5.372982256498762e-06,0.0,-1.1466049028825647e-05
PR,sao pedro do iguacu,1,142.96,0,0.0,0,1.1466049028825647e-05,0.0,0.0,9.902301706704438e-06,0.0,-1.1466049028825647e-05
PR,sao sebastiao da amoreira,1,63.23,0,0.0,0,1.1466049028825647e-05,0.0,0.0,4.379704371257145e-06,0.0,-1.1466049028825647e-05
PR,sapopema,1,43.22,0,0.0,0,1.1466049028825647e-05,0.0,0.0,2.9936869037756415e-06,0.0,-1.1466049028825647e-05
PR,sede alvorada,1,154.9,0,0.0,0,1.1466049028825647e-05,0.0,0.0,1.0729340615336578e-05,0.0,-1.1466049028825647e-05
PR,serra dos dourados,1,83.33,0,0.0,0,1.1466049028825647e-05,0.0,0.0,5.771955800361504e-06,0.0,-1.1466049028825647e-05
PR,sulina,1,45.0,0,0.0,0,1.1466049028825647e-05,0.0,0.0,3.1169808114276694e-06,0.0,-1.1466049028825647e-05
PR,tamboara,1,24.09,0,0.0,0,1.1466049028825647e-05,0.0,0.0,1.6686237277176124e-06,0.0,-1.1466049028825647e-05
PR,tapejara,1,175.75,0,0.0,0,1.1466049028825647e-05,0.0,0.0,1.2173541724631398e-05,0.0,-1.1466049028825647e-05
PR,teixeira soares,1,657.92,0,0.0,0,1.1466049028825647e-05,0.0,0.0,4.5571644787877606e-05,0.0,-1.1466049028825647e-05
PR,tupassi,1,32.38,0,0.0,0,1.1466049028825647e-05,0.0,0.0,2.242840859422843e-06,0.0,-1.1466049028825647e-05
PR,vila reis,1,86.15,0,0.0,0,1.1466049028825647e-05,0.0,0.0,5.967286597877639e-06,0.0,-1.1466049028825647e-05
PR,vitoria,1,44.09,0,0.0,0,1.1466049028825647e-05,0.0,0.0,3.053948532796577e-06,0.0,-1.1466049028825647e-05
PR,vitorino,1,67.23,0,0.0,0,1.1466049028825647e-05,0.0,0.0,4.656769332272939e-06,0.0,-1.1466049028825647e-05
RJ,bacaxa,1,72.51,0,0.0,0,1.1466049028825647e-05,0.0,0.0,5.022495080813785e-06,0.0,-1.1466049028825647e-05
RJ,barao de juparana,1,46.72,0,0.0,0,1.1466049028825647e-05,0.0,0.0,3.2361187446644605e-06,0.0,-1.1466049028825647e-05
RJ,bemposta,1,48.11,0,0.0,0,1.1466049028825647e-05,0.0,0.0,3.3323988186174483e-06,0.0,-1.1466049028825647e-05
RJ,boa esperanca,1,1527.51,0,0.0,0,1.1466049028825647e-05,0.0,0.0,0.00010580487465030843,0.0,-1.1466049028825647e-05
RJ,boa ventura,1,31.69,0,0.0,0,1.1466049028825647e-05,0.0,0.0,2.195047153647619e-06,0.0,-1.1466049028825647e-05
RJ,bom jesus do querendo,1,188.55,0,0.0,0,1.1466049028825647e-05,0.0,0.0,1.3060149599881936e-05,0.0,-1.1466049028825647e-05
RJ,cambiasca,1,38.09,0,0.0,0,1.1466049028825647e-05,0.0,0.0,2.6383510912728875e-06,0.0,-1.1466049028825647e-05
RJ,conrado,1,126.12,0,0.0,0,1.1466049028825647e-05,0.0,0.0,8.73585822082795e-06,0.0,-1.1466049028825647e-05
RJ,corrego do ouro,1,45.01,0,0.0,0,1.1466049028825647e-05,0.0,0.0,3.117673473830209e-06,0.0,-1.1466049028825647e-05
RJ,duas barras,1,36.95,0,0.0,0,1.1466049028825647e-05,0.0,0.0,2.5593875773833867e-06,0.0,-1.1466049028825647e-05
RJ,engenheiro passos,1,252.09,0,0.0,0,1.1466049028825647e-05,0.0,0.0,1.7461326505617805e-05,0.0,-1.1466049028825647e-05
RJ,ibitioca,1,244.91,0,0.0,0,1.1466049028825647e-05,0.0,0.0,1.6963994900594455e-05,0.0,-1.1466049028825647e-05
RJ,jaguarembe,1,53.31,0,0.0,0,1.1466049028825647e-05,0.0,0.0,3.6925832679379793e-06,0.0,-1.1466049028825647e-05
RJ,jamapara,1,49.6,0,0.0,0,1.1466049028825647e-05,0.0,0.0,3.4356055165958312e-06,0.0,-1.1466049028825647e-05
RJ,laje do muriae,1,235.28,0,0.0,0,1.1466049028825647e-05,0.0,0.0,1.6296961006948936e-05,0.0,-1.1466049028825647e-05
RJ,macuco,1,90.88,0,0.0,0,1.1466049028825647e-05,0.0,0.0,6.294915914278813e-06,0.0,-1.1466049028825647e-05
RJ,mussurepe,1,117.94,0,0.0,0,1.1466049028825647e-05,0.0,0.0,8.169260375550652e-06,0.0,-1.1466049028825647e-05
RJ,passa tres,1,33.0,0,0.0,0,1.1466049028825647e-05,0.0,0.0,2.285785928380291e-06,0.0,-1.1466049028825647e-05
RJ,penedo,1,105.28,0,0.0,0,1.1466049028825647e-05,0.0,0.0,7.292349773935668e-06,0.0,-1.1466049028825647e-05
RJ,portela,1,246.26,0,0.0,0,1.1466049028825647e-05,0.0,0.0,1.7057504324937287e-05,0.0,-1.1466049028825647e-05
RJ,pureza,1,65.0,0,0.0,0,1.1466049028825647e-05,0.0,0.0,4.502305616506633e-06,0.0,-1.1466049028825647e-05
RJ,purilandia,1,194.48,0,0.0,0,1.1466049028825647e-05,0.0,0.0,1.3470898404587847e-05,0.0,-1.1466049028825647e-05
RJ,sacra familia do tingua,1,149.04,0,0.0,0,1.1466049028825647e-05,0.0,0.0,1.032344044744844e-05,0.0,-1.1466049028825647e-05
RJ,santa isabel do rio preto,1,761.82,0,0.0,0,1.1466049028825647e-05,0.0,0.0,5.276840715026283e-05,0.0,-1.1466049028825647e-05
RJ,santa maria,1,24.11,0,0.0,0,1.1466049028825647e-05,0.0,0.0,1.6700090525226912e-06,0.0,-1.1466049028825647e-05
RJ,santa rita da floresta,1,96.8,0,0.0,0,1.1466049028825647e-05,0.0,0.0,6.7049720565821865e-06,0.0,-1.1466049028825647e-05
RJ,sao joao do paraiso,1,188.65,0,0.0,0,1.1466049028825647e-05,0.0,0.0,1.306707622390733e-05,0.0,-1.1466049028825647e-05
RJ,sao jose do ribeirao,1,115.84,0,0.0,0,1.1466049028825647e-05,0.0,0.0,8.023801271017362e-06,0.0,-1.1466049028825647e-05
RJ,sao sebastiao de campos,1,38.9,0,0.0,0,1.1466049028825647e-05,0.0,0.0,2.6944567458785852e-06,0.0,-1.1466049028825647e-05
RJ,sao sebastiao do paraiba,1,571.16,0,0.0,0,1.1466049028825647e-05,0.0,0.0,3.956210578344506e-05,0.0,-1.1466049028825647e-05
RJ,tres irmaos,1,171.2,0,0.0,0,1.1466049028825647e-05,0.0,0.0,1.1858380331475932e-05,0.0,-1.1466049028825647e-05
RJ,valao do barro,1,86.54,0,0.0,0,1.1466049028825647e-05,0.0,0.0,5.9943004315766786e-06,0.0,-1.1466049028825647e-05
RN,acari,1,412.43,0,0.0,0,1.1466049028825647e-05,0.0,0.0,2.8567475467935863e-05,0.0,-1.1466049028825647e-05
RN,agua nova,1,77.67,0,0.0,0,1.1466049028825647e-05,0.0,0.0,5.3799088805241575e-06,0.0,-1.1466049028825647e-05
RN,almino afonso,1,470.01,0,0.0,0,1.1466049028825647e-05,0.0,0.0,3.25558255817582e-05,0.0,-1.1466049028825647e-05
RN,angicos,1,101.77,0,0.0,0,1.1466049028825647e-05,0.0,0.0,7.049225270644309e-06,0.0,-1.1466049028825647e-05
RN,barauna,1,288.37,0,0.0,0,1.1466049028825647e-05,0.0,0.0,1.9974305702031047e-05,0.0,-1.1466049028825647e-05
RN,bodo,1,84.57,0,0.0,0,1.1466049028825647e-05,0.0,0.0,5.8578459382764e-06,0.0,-1.1466049028825647e-05
RN,caicara do norte,1,1157.41,0,0.0,0,1.1466049028825647e-05,0.0,0.0,8.01694391323222e-05,0.0,-1.1466049028825647e-05
RN,carnauba dos dantas,1,168.45,0,0.0,0,1.1466049028825647e-05,0.0,0.0,1.1667898170777575e-05,0.0,-1.1466049028825647e-05
RN,coronel joao pessoa,1,124.33,0,0.0,0,1.1466049028825647e-05,0.0,0.0,8.61187165077338e-06,0.0,-1.1466049028825647e-05
RN,felipe guerra,1,157.65,0,0.0,0,1.1466049028825647e-05,0.0,0.0,1.0919822776034936e-05,0.0,-1.1466049028825647e-05
RN,florania,1,60.34,0,0.0,0,1.1466049028825647e-05,0.0,0.0,4.179524936923236e-06,0.0,-1.1466049028825647e-05
RN,francisco dantas,1,224.78,0,0.0,0,1.1466049028825647e-05,0.0,0.0,1.556966548428248e-05,0.0,-1.1466049028825647e-05
RN,frutuoso gomes,1,115.87,0,0.0,0,1.1466049028825647e-05,0.0,0.0,8.02587925822498e-06,0.0,-1.1466049028825647e-05
RN,galinhos,1,275.48,0,0.0,0,1.1466049028825647e-05,0.0,0.0,1.9081463865157656e-05,0.0,-1.1466049028825647e-05
RN,governador dix-sept rosado,1,194.82,0,0.0,0,1.1466049028825647e-05,0.0,0.0,1.349444892627419e-05,0.0,-1.1466049028825647e-05
RN,ipueira,1,228.57,0,0.0,0,1.1466049028825647e-05,0.0,0.0,1.583218453484494e-05,0.0,-1.1466049028825647e-05
RN,jandaira,1,148.22,0,0.0,0,1.1466049028825647e-05,0.0,0.0,1.0266642130440203e-05,0.0,-1.1466049028825647e-05
RN,janduis,1,119.38,0,0.0,0,1.1466049028825647e-05,0.0,0.0,8.269003761516336e-06,0.0,-1.1466049028825647e-05
RN,japi,1,294.19,0,0.0,0,1.1466049028825647e-05,0.0,0.0,2.0377435220309026e-05,0.0,-1.1466049028825647e-05
RN,jardim de piranhas,1,48.74,0,0.0,0,1.1466049028825647e-05,0.0,0.0,3.376036549977436e-06,0.0,-1.1466049028825647e-05
RN,jose da penha,1,196.43,0,0.0,0,1.1466049028825647e-05,0.0,0.0,1.3605967573083047e-05,0.0,-1.1466049028825647e-05
RN,lagoa d'anta,1,194.34,0,0.0,0,1.1466049028825647e-05,0.0,0.0,1.3461201130952295e-05,0.0,-1.1466049028825647e-05
RN,lagoa de velhos,1,234.19,0,0.0,0,1.1466049028825647e-05,0.0,0.0,1.6221460805072132e-05,0.0,-1.1466049028825647e-05
RN,lagoa salgada,1,82.72,0,0.0,0,1.1466049028825647e-05,0.0,0.0,5.729703393806596e-06,0.0,-1.1466049028825647e-05
RN,marcelino vieira,1,169.02,0,0.0,0,1.1466049028825647e-05,0.0,0.0,1.1707379927722327e-05,0.0,-1.1466049028825647e-05
RN,messias targino,1,106.85,0,0.0,0,1.1466049028825647e-05,0.0,0.0,7.401097771134366e-06,0.0,-1.1466049028825647e-05
RN,montanhas,1,361.07,0,0.0,0,1.1466049028825647e-05,0.0,0.0,2.500996136849308e-05,0.0,-1.1466049028825647e-05
RN,monte alegre,1,41.14,0,0.0,0,1.1466049028825647e-05,0.0,0.0,2.8496131240474296e-06,0.0,-1.1466049028825647e-05
RN,pedra preta,1,100.75,0,0.0,0,1.1466049028825647e-05,0.0,0.0,6.978573705585282e-06,0.0,-1.1466049028825647e-05
RN,pedro velho,1,99.11,0,0.0,0,1.1466049028825647e-05,0.0,0.0,6.864977071568807e-06,0.0,-1.1466049028825647e-05
RN,poco de pedra,1,190.66,0,0.0,0,1.1466049028825647e-05,0.0,0.0,1.3206301366817766e-05,0.0,-1.1466049028825647e-05
RN,riacho da cruz,1,177.34,0,0.0,0,1.1466049028825647e-05,0.0,0.0,1.2283675046635177e-05,0.0,-1.1466049028825647e-05
RN,santa maria,1,53.98,0,0.0,0,1.1466049028825647e-05,0.0,0.0,3.7389916489081242e-06,0.0,-1.1466049028825647e-05
RN,santana do serido,1,504.04,0,0.0,0,1.1466049028825647e-05,0.0,0.0,3.491295573760006e-05,0.0,-1.1466049028825647e-05
RN,santo antonio,1,507.98,0,0.0,0,1.1466049028825647e-05,0.0,0.0,3.518586472420061e-05,0.0,-1.1466049028825647e-05
RN,sao joao do sabugi,1,51.74,0,0.0,0,1.1466049028825647e-05,0.0,0.0,3.5838352707392808e-06,0.0,-1.1466049028825647e-05
RN,sao jose do campestre,1,307.46,0,0.0,0,1.1466049028825647e-05,0.0,0.0,2.1296598228478914e-05,0.0,-1.1466049028825647e-05
RN,sao jose do serido,1,203.31,0,0.0,0,1.1466049028825647e-05,0.0,0.0,1.4082519306030212e-05,0.0,-1.1466049028825647e-05
RN,sao rafael,1,62.28,0,0.0,0,1.1466049028825647e-05,0.0,0.0,4.313901443015894e-06,0.0,-1.1466049028825647e-05
RN,sao tome,1,78.84,0,0.0,0,1.1466049028825647e-05,0.0,0.0,5.460950381621277e-06,0.0,-1.1466049028825647e-05
RN,severiano melo,1,190.83,0,0.0,0,1.1466049028825647e-05,0.0,0.0,1.3218076627660939e-05,0.0,-1.1466049028825647e-05
RN,sitio novo,1,170.14,0,0.0,0,1.1466049028825647e-05,0.0,0.0,1.1784958116806748e-05,0.0,-1.1466049028825647e-05
RN,tenente ananias,1,273.92,0,0.0,0,1.1466049028825647e-05,0.0,0.0,1.8973408530361496e-05,0.0,-1.1466049028825647e-05
RN,tibau do sul,1,144.79,0,0.0,0,1.1466049028825647e-05,0.0,0.0,1.002905892636916e-05,0.0,-1.1466049028825647e-05
RN,vera cruz,1,74.14,0,0.0,0,1.1466049028825647e-05,0.0,0.0,5.135399052427721e-06,0.0,-1.1466049028825647e-05
RN,vicosa,1,86.58,0,0.0,0,1.1466049028825647e-05,0.0,0.0,5.997071081186836e-06,0.0,-1.1466049028825647e-05
RN,vila flor,1,137.98,0,0.0,0,1.1466049028825647e-05,0.0,0.0,9.557355830239773e-06,0.0,-1.1466049028825647e-05
RO,alto paraiso,1,1260.76,0,0.0,0,1.1466049028825647e-05,0.0,0.0,8.732810506256775e-05,0.0,-1.1466049028825647e-05
RO,alvorada d'oeste,1,430.1,0,0.0,0,1.1466049028825647e-05,0.0,0.0,2.9791409933223126e-05,0.0,-1.1466049028825647e-05
RO,cabixi,1,234.5,0,0.0,0,1.1466049028825647e-05,0.0,0.0,1.6242933339550857e-05,0.0,-1.1466049028825647e-05
RO,cacaulandia,1,108.73,0,0.0,0,1.1466049028825647e-05,0.0,0.0,7.5313183028117895e-06,0.0,-1.1466049028825647e-05
RO,candeias do jamari,1,338.74,0,0.0,0,1.1466049028825647e-05,0.0,0.0,2.346324622362242e-05,0.0,-1.1466049028825647e-05
RO,castanheiras,1,80.8,0,0.0,0,1.1466049028825647e-05,0.0,0.0,5.596712212519015e-06,0.0,-1.1466049028825647e-05
RO,cerejeiras,1,161.23,0,0.0,0,1.1466049028825647e-05,0.0,0.0,1.116779591614407e-05,0.0,-1.1466049028825647e-05
RO,cujubim,1,132.94,0,0.0,0,1.1466049028825647e-05,0.0,0.0,9.208253979359874e-06,0.0,-1.1466049028825647e-05
RO,ministro andreazza,1,120.05,0,0.0,0,1.1466049028825647e-05,0.0,0.0,8.315412142486483e-06,0.0,-1.1466049028825647e-05
RO,mirante da serra,1,165.6,0,0.0,0,1.1466049028825647e-05,0.0,0.0,1.1470489386053824e-05,0.0,-1.1466049028825647e-05
RO,mutum parana,1,72.27,0,0.0,0,1.1466049028825647e-05,0.0,0.0,5.005871183152837e-06,0.0,-1.1466049028825647e-05
RR,bonfim,1,171.69,0,0.0,0,1.1466049028825647e-05,0.0,0.0,1.1892320789200368e-05,0.0,-1.1466049028825647e-05
RS,aguas claras,1,116.96,0,0.0,0,1.1466049028825647e-05,0.0,0.0,8.101379460101783e-06,0.0,-1.1466049028825647e-05
RS,agudo,1,32.1,0,0.0,0,1.1466049028825647e-05,0.0,0.0,2.2234463121517375e-06,0.0,-1.1466049028825647e-05
RS,almirante tamandare do sul,1,65.0,0,0.0,0,1.1466049028825647e-05,0.0,0.0,4.502305616506633e-06,0.0,-1.1466049028825647e-05
RS,alpestre,1,136.98,0,0.0,0,1.1466049028825647e-05,0.0,0.0,9.488089589985825e-06,0.0,-1.1466049028825647e-05
RS,alto alegre,1,165.72,0,0.0,0,1.1466049028825647e-05,0.0,0.0,1.1478801334884298e-05,0.0,-1.1466049028825647e-05
RS,barao,1,57.53,0,0.0,0,1.1466049028825647e-05,0.0,0.0,3.98488680180964e-06,0.0,-1.1466049028825647e-05
RS,barao de cotegipe,1,154.71,0,0.0,0,1.1466049028825647e-05,0.0,0.0,1.0716180029688328e-05,0.0,-1.1466049028825647e-05
RS,barao do triunfo,1,99.14,0,0.0,0,1.1466049028825647e-05,0.0,0.0,6.867055058776426e-06,0.0,-1.1466049028825647e-05
RS,barra do rio azul,1,148.71,0,0.0,0,1.1466049028825647e-05,0.0,0.0,1.0300582588164639e-05,0.0,-1.1466049028825647e-05
RS,boa vista das missoes,1,367.56,0,0.0,0,1.1466049028825647e-05,0.0,0.0,2.5459499267741205e-05,0.0,-1.1466049028825647e-05
RS,boa vista do burica,1,252.09,0,0.0,0,1.1466049028825647e-05,0.0,0.0,1.7461326505617805e-05,0.0,-1.1466049028825647e-05
RS,boa vista do cadeado,1,464.98,0,0.0,0,1.1466049028825647e-05,0.0,0.0,3.220741639328084e-05,0.0,-1.1466049028825647e-05
RS,boa vista do sul,1,46.22,0,0.0,0,1.1466049028825647e-05,0.0,0.0,3.201485624537486e-06,0.0,-1.1466049028825647e-05
RS,bossoroca,1,213.34,0,0.0,0,1.1466049028825647e-05,0.0,0.0,1.4777259695777311e-05,0.0,-1.1466049028825647e-05
RS,caibate,1,340.24,0,0.0,0,1.1466049028825647e-05,0.0,0.0,2.356714558400334e-05,0.0,-1.1466049028825647e-05
RS,cambara do sul,1,400.64,0,0.0,0,1.1466049028825647e-05,0.0,0.0,2.775082649534181e-05,0.0,-1.1466049028825647e-05
RS,candido godoi,1,1005.84,0,0.0,0,1.1466049028825647e-05,0.0,0.0,6.967075509703128e-05,0.0,-1.1466049028825647e-05
RS,capitao,1,146.5,0,0.0,0,1.1466049028825647e-05,0.0,0.0,1.0147504197203412e-05,0.0,-1.1466049028825647e-05
RS,capivari do sul,1,197.95,0,0.0,0,1.1466049028825647e-05,0.0,0.0,1.3711252258269047e-05,0.0,-1.1466049028825647e-05
RS,caseiros,1,152.66,0,0.0,0,1.1466049028825647e-05,0.0,0.0,1.0574184237167733e-05,0.0,-1.1466049028825647e-05
RS,cerrito,1,77.57,0,0.0,0,1.1466049028825647e-05,0.0,0.0,5.372982256498762e-06,0.0,-1.1466049028825647e-05
RS,cerro grande,1,68.02,0,0.0,0,1.1466049028825647e-05,0.0,0.0,4.711489662073557e-06,0.0,-1.1466049028825647e-05
RS,cerro grande do sul,1,73.27,0,0.0,0,1.1466049028825647e-05,0.0,0.0,5.075137423406785e-06,0.0,-1.1466049028825647e-05
RS,charrua,1,141.63,0,0.0,0,1.1466049028825647e-05,0.0,0.0,9.810177607166685e-06,0.0,-1.1466049028825647e-05
RS,chiapetta,1,148.15,0,0.0,0,1.1466049028825647e-05,0.0,0.0,1.0261793493622428e-05,0.0,-1.1466049028825647e-05
RS,ciriaco,1,252.74,0,0.0,0,1.1466049028825647e-05,0.0,0.0,1.7506349561782872e-05,0.0,-1.1466049028825647e-05
RS,colinas,1,48.09,0,0.0,0,1.1466049028825647e-05,0.0,0.0,3.33101349381237e-06,0.0,-1.1466049028825647e-05
RS,constantina,1,348.77,0,0.0,0,1.1466049028825647e-05,0.0,0.0,2.4157986613369517e-05,0.0,-1.1466049028825647e-05
RS,coqueiros do sul,1,49.06,0,0.0,0,1.1466049028825647e-05,0.0,0.0,3.3982017468586992e-06,0.0,-1.1466049028825647e-05
RS,cotipora,1,127.53,0,0.0,0,1.1466049028825647e-05,0.0,0.0,8.833523619586016e-06,0.0,-1.1466049028825647e-05
RS,crissiumal,1,1437.15,0,0.0,0,1.1466049028825647e-05,0.0,0.0,9.954597718096167e-05,0.0,-1.1466049028825647e-05
RS,dezesseis de novembro,1,102.75,0,0.0,0,1.1466049028825647e-05,0.0,0.0,7.117106186093179e-06,0.0,-1.1466049028825647e-05
RS,erebango,1,139.42,0,0.0,0,1.1466049028825647e-05,0.0,0.0,9.657099216205458e-06,0.0,-1.1466049028825647e-05
RS,erval grande,1,432.74,0,0.0,0,1.1466049028825647e-05,0.0,0.0,2.997427280749355e-05,0.0,-1.1466049028825647e-05
RS,esmeralda,1,160.76,0,0.0,0,1.1466049028825647e-05,0.0,0.0,1.1135240783224714e-05,0.0,-1.1466049028825647e-05
RS,estrela velha,1,30.0,0,0.0,0,1.1466049028825647e-05,0.0,0.0,2.0779872076184464e-06,0.0,-1.1466049028825647e-05
RS,eugenio de castro,1,111.76,0,0.0,0,1.1466049028825647e-05,0.0,0.0,7.741195010781253e-06,0.0,-1.1466049028825647e-05
RS,faxinalzinho,1,35.95,0,0.0,0,1.1466049028825647e-05,0.0,0.0,2.4901213371294384e-06,0.0,-1.1466049028825647e-05
RS,fazenda vilanova,1,152.06,0,0.0,0,1.1466049028825647e-05,0.0,0.0,1.0532624493015365e-05,0.0,-1.1466049028825647e-05
RS,fontoura xavier,1,214.16,0,0.0,0,1.1466049028825647e-05,0.0,0.0,1.4834058012785548e-05,0.0,-1.1466049028825647e-05
RS,fortaleza dos valos,1,119.95,0,0.0,0,1.1466049028825647e-05,0.0,0.0,8.308485518461089e-06,0.0,-1.1466049028825647e-05
RS,garruchos,1,79.04,0,0.0,0,1.1466049028825647e-05,0.0,0.0,5.474803629672067e-06,0.0,-1.1466049028825647e-05
RS,general camara,1,106.87,0,0.0,0,1.1466049028825647e-05,0.0,0.0,7.402483095939446e-06,0.0,-1.1466049028825647e-05
RS,gramado dos loureiros,1,237.54,0,0.0,0,1.1466049028825647e-05,0.0,0.0,1.6453502709922856e-05,0.0,-1.1466049028825647e-05
RS,gramado xavier,1,68.97,0,0.0,0,1.1466049028825647e-05,0.0,0.0,4.777292590314808e-06,0.0,-1.1466049028825647e-05
RS,guabiju,1,51.83,0,0.0,0,1.1466049028825647e-05,0.0,0.0,3.5900692323621357e-06,0.0,-1.1466049028825647e-05
RS,herval,1,192.56,0,0.0,0,1.1466049028825647e-05,0.0,0.0,1.3337907223300268e-05,0.0,-1.1466049028825647e-05
RS,herveiras,1,125.52,0,0.0,0,1.1466049028825647e-05,0.0,0.0,8.694298476675579e-06,0.0,-1.1466049028825647e-05
RS,hulha negra,1,372.06,0,0.0,0,1.1466049028825647e-05,0.0,0.0,2.577119734888397e-05,0.0,-1.1466049028825647e-05
RS,ibarama,1,167.92,0,0.0,0,1.1466049028825647e-05,0.0,0.0,1.1631187063442982e-05,0.0,-1.1466049028825647e-05
RS,ibiraiaras,1,29.08,0,0.0,0,1.1466049028825647e-05,0.0,0.0,2.014262266584814e-06,0.0,-1.1466049028825647e-05
RS,ipiranga,1,95.74,0,0.0,0,1.1466049028825647e-05,0.0,0.0,6.631549841913001e-06,0.0,-1.1466049028825647e-05
RS,ipiranga do sul,1,133.25,0,0.0,0,1.1466049028825647e-05,0.0,0.0,9.229726513838599e-06,0.0,-1.1466049028825647e-05
RS,itaara,1,73.15,0,0.0,0,1.1466049028825647e-05,0.0,0.0,5.066825474576312e-06,0.0,-1.1466049028825647e-05
RS,itatiba do sul,1,55.95,0,0.0,0,1.1466049028825647e-05,0.0,0.0,3.875446142208402e-06,0.0,-1.1466049028825647e-05
RS,ivora,1,175.79,0,0.0,0,1.1466049028825647e-05,0.0,0.0,1.2176312374241555e-05,0.0,-1.1466049028825647e-05
RS,jacuizinho,1,74.26,0,0.0,0,1.1466049028825647e-05,0.0,0.0,5.143711001258194e-06,0.0,-1.1466049028825647e-05
RS,jacutinga,1,65.5,0,0.0,0,1.1466049028825647e-05,0.0,0.0,4.536938736633608e-06,0.0,-1.1466049028825647e-05
RS,jaquirana,1,547.98,0,0.0,0,1.1466049028825647e-05,0.0,0.0,3.7956514334358544e-05,0.0,-1.1466049028825647e-05
RS,lagoa dos tres cantos,1,91.18,0,0.0,0,1.1466049028825647e-05,0.0,0.0,6.315695786354998e-06,0.0,-1.1466049028825647e-05
RS,lagoao,1,175.43,0,0.0,0,1.1466049028825647e-05,0.0,0.0,1.2151376527750135e-05,0.0,-1.1466049028825647e-05
RS,liberato salzano,1,31.22,0,0.0,0,1.1466049028825647e-05,0.0,0.0,2.162492020728263e-06,0.0,-1.1466049028825647e-05
RS,lindolfo collor,1,130.65,0,0.0,0,1.1466049028825647e-05,0.0,0.0,9.049634289178334e-06,0.0,-1.1466049028825647e-05
RS,machadinho,1,65.6,0,0.0,0,1.1466049028825647e-05,0.0,0.0,4.543865360659002e-06,0.0,-1.1466049028825647e-05
RS,mampituba,1,58.55,0,0.0,0,1.1466049028825647e-05,0.0,0.0,4.055538366868668e-06,0.0,-1.1466049028825647e-05
RS,maquine,1,207.4,0,0.0,0,1.1466049028825647e-05,0.0,0.0,1.436581822866886e-05,0.0,-1.1466049028825647e-05
RS,mariano moro,1,137.26,0,0.0,0,1.1466049028825647e-05,0.0,0.0,9.50748413725693e-06,0.0,-1.1466049028825647e-05
RS,marques de souza,1,45.0,0,0.0,0,1.1466049028825647e-05,0.0,0.0,3.1169808114276694e-06,0.0,-1.1466049028825647e-05
RS,mata,1,418.35,0,0.0,0,1.1466049028825647e-05,0.0,0.0,2.8977531610239235e-05,0.0,-1.1466049028825647e-05
RS,minas do leao,1,280.72,0,0.0,0,1.1466049028825647e-05,0.0,0.0,1.9444418964088342e-05,0.0,-1.1466049028825647e-05
RS,miraguai,1,183.29,0,0.0,0,1.1466049028825647e-05,0.0,0.0,1.2695809176146167e-05,0.0,-1.1466049028825647e-05
RS,monte alverne,1,282.01,0,0.0,0,1.1466049028825647e-05,0.0,0.0,1.9533772414015935e-05,0.0,-1.1466049028825647e-05
RS,monte belo do sul,1,116.74,0,0.0,0,1.1466049028825647e-05,0.0,0.0,8.086140887245914e-06,0.0,-1.1466049028825647e-05
RS,monte bonito,1,50.34,0,0.0,0,1.1466049028825647e-05,0.0,0.0,3.486862534383753e-06,0.0,-1.1466049028825647e-05
RS,morro redondo,1,233.66,0,0.0,0,1.1466049028825647e-05,0.0,0.0,1.6184749697737537e-05,0.0,-1.1466049028825647e-05
RS,nova araca,1,136.59,0,0.0,0,1.1466049028825647e-05,0.0,0.0,9.461075756286787e-06,0.0,-1.1466049028825647e-05
RS,nova boa vista,1,75.85,0,0.0,0,1.1466049028825647e-05,0.0,0.0,5.2538443232619716e-06,0.0,-1.1466049028825647e-05
RS,nova padua,1,89.36,0,0.0,0,1.1466049028825647e-05,0.0,0.0,6.1896312290928125e-06,0.0,-1.1466049028825647e-05
RS,nova roma do sul,1,1127.29,0,0.0,0,1.1466049028825647e-05,0.0,0.0,7.808313997587328e-05,0.0,-1.1466049028825647e-05
RS,novo cabrais,1,71.15,0,0.0,0,1.1466049028825647e-05,0.0,0.0,4.928292994068415e-06,0.0,-1.1466049028825647e-05
RS,novo machado,1,77.66,0,0.0,0,1.1466049028825647e-05,0.0,0.0,5.379216218121618e-06,0.0,-1.1466049028825647e-05
RS,osvaldo kroeff,1,262.16,0,0.0,0,1.1466049028825647e-05,0.0,0.0,1.8158837544975063e-05,0.0,-1.1466049028825647e-05
RS,padre gonzales,1,69.54,0,0.0,0,1.1466049028825647e-05,0.0,0.0,4.816774347259559e-06,0.0,-1.1466049028825647e-05
RS,paraiso do sul,1,47.29,0,0.0,0,1.1466049028825647e-05,0.0,0.0,3.2756005016092107e-06,0.0,-1.1466049028825647e-05
RS,pareci novo,1,37.1,0,0.0,0,1.1466049028825647e-05,0.0,0.0,2.569777513421479e-06,0.0,-1.1466049028825647e-05
RS,pedras altas,1,105.28,0,0.0,0,1.1466049028825647e-05,0.0,0.0,7.292349773935668e-06,0.0,-1.1466049028825647e-05
RS,picada cafe,1,49.6,0,0.0,0,1.1466049028825647e-05,0.0,0.0,3.4356055165958312e-06,0.0,-1.1466049028825647e-05
RS,pinhal da serra,1,35.0,0,0.0,0,1.1466049028825647e-05,0.0,0.0,2.4243184088881874e-06,0.0,-1.1466049028825647e-05
RS,piratini,1,87.64,0,0.0,0,1.1466049028825647e-05,0.0,0.0,6.070493295856021e-06,0.0,-1.1466049028825647e-05
RS,polo petroquimico de triunfo,1,20.7,0,0.0,0,1.1466049028825647e-05,0.0,0.0,1.433811173256728e-06,0.0,-1.1466049028825647e-05
RS,pontao,1,71.79,0,0.0,0,1.1466049028825647e-05,0.0,0.0,4.9726233878309426e-06,0.0,-1.1466049028825647e-05
RS,porto lucena,1,77.56,0,0.0,0,1.1466049028825647e-05,0.0,0.0,5.372289594096223e-06,0.0,-1.1466049028825647e-05
RS,pouso novo,1,81.82,0,0.0,0,1.1466049028825647e-05,0.0,0.0,5.667363777578042e-06,0.0,-1.1466049028825647e-05
RS,presidente lucena,1,32.09,0,0.0,0,1.1466049028825647e-05,0.0,0.0,2.222753649749198e-06,0.0,-1.1466049028825647e-05
RS,progresso,1,242.59,0,0.0,0,1.1466049028825647e-05,0.0,0.0,1.6803297223205298e-05,0.0,-1.1466049028825647e-05
RS,rainha do mar,1,82.03,0,0.0,0,1.1466049028825647e-05,0.0,0.0,5.681909688031372e-06,0.0,-1.1466049028825647e-05
RS,rio dos indios,1,102.75,0,0.0,0,1.1466049028825647e-05,0.0,0.0,7.117106186093179e-06,0.0,-1.1466049028825647e-05
RS,santa maria do herval,1,115.44,0,0.0,0,1.1466049028825647e-05,0.0,0.0,7.996094774915781e-06,0.0,-1.1466049028825647e-05
RS,santo antonio do planalto,1,221.07,0,0.0,0,1.1466049028825647e-05,0.0,0.0,1.531268773294033e-05,0.0,-1.1466049028825647e-05
RS,santo expedito do sul,1,237.54,0,0.0,0,1.1466049028825647e-05,0.0,0.0,1.6453502709922856e-05,0.0,-1.1466049028825647e-05
RS,sao joao da urtiga,1,156.64,0,0.0,0,1.1466049028825647e-05,0.0,0.0,1.0849863873378446e-05,0.0,-1.1466049028825647e-05
RS,sao jorge,1,87.02,0,0.0,0,1.1466049028825647e-05,0.0,0.0,6.027548226898573e-06,0.0,-1.1466049028825647e-05
RS,sao jose do inhacora,1,102.7,0,0.0,0,1.1466049028825647e-05,0.0,0.0,7.113642874080481e-06,0.0,-1.1466049028825647e-05
RS,sao martinho,1,448.32,0,0.0,0,1.1466049028825647e-05,0.0,0.0,3.105344083065006e-05,0.0,-1.1466049028825647e-05
RS,sao nicolau,1,138.6,0,0.0,0,1.1466049028825647e-05,0.0,0.0,9.600300899197223e-06,0.0,-1.1466049028825647e-05
RS,sao pedro do butia,1,116.19,0,0.0,0,1.1466049028825647e-05,0.0,0.0,8.048044455106242e-06,0.0,-1.1466049028825647e-05
RS,sao pedro do sul,1,121.97,0,0.0,0,1.1466049028825647e-05,0.0,0.0,8.448403323774063e-06,0.0,-1.1466049028825647e-05
RS,segredo,1,60.14,0,0.0,0,1.1466049028825647e-05,0.0,0.0,4.165671688872445e-06,0.0,-1.1466049028825647e-05
RS,selbach,1,68.13,0,0.0,0,1.1466049028825647e-05,0.0,0.0,4.719108948501491e-06,0.0,-1.1466049028825647e-05
RS,senador salgado filho,1,102.49,0,0.0,0,1.1466049028825647e-05,0.0,0.0,7.099096963627152e-06,0.0,-1.1466049028825647e-05
RS,serio,1,39.69,0,0.0,0,1.1466049028825647e-05,0.0,0.0,2.749177075679204e-06,0.0,-1.1466049028825647e-05
RS,sertao santana,1,39.13,0,0.0,0,1.1466049028825647e-05,0.0,0.0,2.710387981136994e-06,0.0,-1.1466049028825647e-05
RS,sete de setembro,1,75.73,0,0.0,0,1.1466049028825647e-05,0.0,0.0,5.245532374431498e-06,0.0,-1.1466049028825647e-05
RS,silveira martins,1,155.14,0,0.0,0,1.1466049028825647e-05,0.0,0.0,1.0745964512997524e-05,0.0,-1.1466049028825647e-05
RS,tapera,1,79.07,0,0.0,0,1.1466049028825647e-05,0.0,0.0,5.476881616879685e-06,0.0,-1.1466049028825647e-05
RS,tavares,1,273.62,0,0.0,0,1.1466049028825647e-05,0.0,0.0,1.895262865828531e-05,0.0,-1.1466049028825647e-05
RS,tiradentes do sul,1,67.7,0,0.0,0,1.1466049028825647e-05,0.0,0.0,4.689324465192294e-06,0.0,-1.1466049028825647e-05
RS,travesseiro,1,32.71,0,0.0,0,1.1466049028825647e-05,0.0,0.0,2.265698718706646e-06,0.0,-1.1466049028825647e-05
RS,tres forquilhas,1,98.13,0,0.0,0,1.1466049028825647e-05,0.0,0.0,6.797096156119938e-06,0.0,-1.1466049028825647e-05
RS,uniao da serra,1,33.6,0,0.0,0,1.1466049028825647e-05,0.0,0.0,2.32734567253266e-06,0.0,-1.1466049028825647e-05
RS,vale do sol,1,37.09,0,0.0,0,1.1466049028825647e-05,0.0,0.0,2.5690848510189395e-06,0.0,-1.1466049028825647e-05
RS,vanini,1,106.87,0,0.0,0,1.1466049028825647e-05,0.0,0.0,7.402483095939446e-06,0.0,-1.1466049028825647e-05
RS,vespasiano correa,1,163.25,0,0.0,0,1.1466049028825647e-05,0.0,0.0,1.1307713721457046e-05,0.0,-1.1466049028825647e-05
RS,vila nova do sul,1,101.34,0,0.0,0,1.1466049028825647e-05,0.0,0.0,7.0194407873351116e-06,0.0,-1.1466049028825647e-05
RS,vista alegre,1,37.1,0,0.0,0,1.1466049028825647e-05,0.0,0.0,2.569777513421479e-06,0.0,-1.1466049028825647e-05
RS,vitoria das missoes,1,64.0,0,0.0,0,1.1466049028825647e-05,0.0,0.0,4.4330393762526854e-06,0.0,-1.1466049028825647e-05
SC,abdon batista,1,156.7,0,0.0,0,1.1466049028825647e-05,0.0,0.0,1.0854019847793685e-05,0.0,-1.1466049028825647e-05
SC,agrolandia,1,60.91,0,0.0,0,1.1466049028825647e-05,0.0,0.0,4.219006693867985e-06,0.0,-1.1466049028825647e-05
SC,aguas frias,1,318.98,0,0.0,0,1.1466049028825647e-05,0.0,0.0,2.2094545316204402e-05,0.0,-1.1466049028825647e-05
SC,aguas mornas,1,104.52,0,0.0,0,1.1466049028825647e-05,0.0,0.0,7.239707431342667e-06,0.0,-1.1466049028825647e-05
SC,alfredo wagner,1,52.5,0,0.0,0,1.1466049028825647e-05,0.0,0.0,3.636477613332281e-06,0.0,-1.1466049028825647e-05
SC,angelina,1,142.05,0,0.0,0,1.1466049028825647e-05,0.0,0.0,9.839269428073344e-06,0.0,-1.1466049028825647e-05
SC,armazem,1,204.81,0,0.0,0,1.1466049028825647e-05,0.0,0.0,1.4186418666411133e-05,0.0,-1.1466049028825647e-05
SC,arroio trinta,1,185.84,0,0.0,0,1.1466049028825647e-05,0.0,0.0,1.2872438088793735e-05,0.0,-1.1466049028825647e-05
SC,arvoredo,1,49.4,0,0.0,0,1.1466049028825647e-05,0.0,0.0,3.4217522685450416e-06,0.0,-1.1466049028825647e-05
SC,atalanta,1,351.0,0,0.0,0,1.1466049028825647e-05,0.0,0.0,2.4312450329135822e-05,0.0,-1.1466049028825647e-05
SC,belmonte,1,202.5,0,0.0,0,1.1466049028825647e-05,0.0,0.0,1.4026413651424512e-05,0.0,-1.1466049028825647e-05
SC,bom retiro,1,88.37,0,0.0,0,1.1466049028825647e-05,0.0,0.0,6.121057651241404e-06,0.0,-1.1466049028825647e-05
SC,calmon,1,67.5,0,0.0,0,1.1466049028825647e-05,0.0,0.0,4.675471217141504e-06,0.0,-1.1466049028825647e-05
SC,caxambu do sul,1,34.6,0,0.0,0,1.1466049028825647e-05,0.0,0.0,2.3966119127866082e-06,0.0,-1.1466049028825647e-05
SC,cerro negro,1,153.32,0,0.0,0,1.1466049028825647e-05,0.0,0.0,1.0619899955735339e-05,0.0,-1.1466049028825647e-05
SC,chapadao do lageado,1,321.9,0,0.0,0,1.1466049028825647e-05,0.0,0.0,2.229680273774593e-05,0.0,-1.1466049028825647e-05
SC,coronel freitas,1,98.65,0,0.0,0,1.1466049028825647e-05,0.0,0.0,6.8331146010519915e-06,0.0,-1.1466049028825647e-05
SC,coronel martins,1,152.14,0,0.0,0,1.1466049028825647e-05,0.0,0.0,1.053816579223568e-05,0.0,-1.1466049028825647e-05
SC,dona emma,1,47.81,0,0.0,0,1.1466049028825647e-05,0.0,0.0,3.3116189465412643e-06,0.0,-1.1466049028825647e-05
SC,fragosos,1,115.9,0,0.0,0,1.1466049028825647e-05,0.0,0.0,8.027957245432598e-06,0.0,-1.1466049028825647e-05
SC,frei rogerio,1,121.09,0,0.0,0,1.1466049028825647e-05,0.0,0.0,8.38744903235059e-06,0.0,-1.1466049028825647e-05
SC,guaraciaba,1,73.38,0,0.0,0,1.1466049028825647e-05,0.0,0.0,5.082756709834719e-06,0.0,-1.1466049028825647e-05
SC,iomere,1,63.79,0,0.0,0,1.1466049028825647e-05,0.0,0.0,4.4184934657993565e-06,0.0,-1.1466049028825647e-05
SC,jose boiteux,1,165.0,0,0.0,0,1.1466049028825647e-05,0.0,0.0,1.1428929641901455e-05,0.0,-1.1466049028825647e-05
SC,lajeado grande,1,145.08,0,0.0,0,1.1466049028825647e-05,0.0,0.0,1.0049146136042808e-05,0.0,-1.1466049028825647e-05
SC,leoberto leal,1,40.09,0,0.0,0,1.1466049028825647e-05,0.0,0.0,2.7768835717807842e-06,0.0,-1.1466049028825647e-05
SC,lindoia do sul,1,120.22,0,0.0,0,1.1466049028825647e-05,0.0,0.0,8.327187403329654e-06,0.0,-1.1466049028825647e-05
SC,macieira,1,55.56,0,0.0,0,1.1466049028825647e-05,0.0,0.0,3.848432308509363e-06,0.0,-1.1466049028825647e-05
SC,maracana,1,85.65,0,0.0,0,1.1466049028825647e-05,0.0,0.0,5.932653477750665e-06,0.0,-1.1466049028825647e-05
SC,monte castelo,1,96.65,0,0.0,0,1.1466049028825647e-05,0.0,0.0,6.694582120544095e-06,0.0,-1.1466049028825647e-05
SC,morro grande,1,158.58,0,0.0,0,1.1466049028825647e-05,0.0,0.0,1.0984240379471108e-05,0.0,-1.1466049028825647e-05
SC,nossa senhora de caravaggio,1,154.38,0,0.0,0,1.1466049028825647e-05,0.0,0.0,1.0693322170404525e-05,0.0,-1.1466049028825647e-05
SC,novo horizonte,1,92.67,0,0.0,0,1.1466049028825647e-05,0.0,0.0,6.418902484333381e-06,0.0,-1.1466049028825647e-05
SC,ouro,1,310.25,0,0.0,0,1.1466049028825647e-05,0.0,0.0,2.1489851038787433e-05,0.0,-1.1466049028825647e-05
SC,paial,1,165.71,0,0.0,0,1.1466049028825647e-05,0.0,0.0,1.1478108672481759e-05,0.0,-1.1466049028825647e-05
SC,paraiso,1,99.65,0,0.0,0,1.1466049028825647e-05,0.0,0.0,6.9023808413059394e-06,0.0,-1.1466049028825647e-05
SC,picarras,1,170.84,0,0.0,0,1.1466049028825647e-05,0.0,0.0,1.1833444484984512e-05,0.0,-1.1466049028825647e-05
SC,ponte alta do norte,1,59.46,0,0.0,0,1.1466049028825647e-05,0.0,0.0,4.11857064549976e-06,0.0,-1.1466049028825647e-05
SC,presidente castello branco,1,35.0,0,0.0,0,1.1466049028825647e-05,0.0,0.0,2.4243184088881874e-06,0.0,-1.1466049028825647e-05
SC,presidente nereu,1,70.61,0,0.0,0,1.1466049028825647e-05,0.0,0.0,4.890889224331283e-06,0.0,-1.1466049028825647e-05
SC,rio dos cedros,1,67.82,0,0.0,0,1.1466049028825647e-05,0.0,0.0,4.697636414022767e-06,0.0,-1.1466049028825647e-05
SC,rio rufino,1,76.66,0,0.0,0,1.1466049028825647e-05,0.0,0.0,5.309949977867669e-06,0.0,-1.1466049028825647e-05
SC,romelandia,1,176.87,0,0.0,0,1.1466049028825647e-05,0.0,0.0,1.225111991371582e-05,0.0,-1.1466049028825647e-05
SC,santa cruz do timbo,1,49.31,0,0.0,0,1.1466049028825647e-05,0.0,0.0,3.4155183069221867e-06,0.0,-1.1466049028825647e-05
SC,santa rosa do sul,1,218.27,0,0.0,0,1.1466049028825647e-05,0.0,0.0,1.5118742260229277e-05,0.0,-1.1466049028825647e-05
SC,santa terezinha,1,66.01,0,0.0,0,1.1466049028825647e-05,0.0,0.0,4.572264519163122e-06,0.0,-1.1466049028825647e-05
SC,sao bernardino,1,208.48,0,0.0,0,1.1466049028825647e-05,0.0,0.0,1.4440625768143123e-05,0.0,-1.1466049028825647e-05
SC,sao bonifacio,1,116.46,0,0.0,0,1.1466049028825647e-05,0.0,0.0,8.066746339974808e-06,0.0,-1.1466049028825647e-05
SC,sao cristovao do sul,1,137.07,0,0.0,0,1.1466049028825647e-05,0.0,0.0,9.494323551608682e-06,0.0,-1.1466049028825647e-05
SC,tangara,1,373.82,0,0.0,0,1.1466049028825647e-05,0.0,0.0,2.589310593173092e-05,0.0,-1.1466049028825647e-05
SC,treviso,1,136.98,0,0.0,0,1.1466049028825647e-05,0.0,0.0,9.488089589985825e-06,0.0,-1.1466049028825647e-05
SC,tunapolis,1,343.68,0,0.0,0,1.1466049028825647e-05,0.0,0.0,2.380542145047692e-05,0.0,-1.1466049028825647e-05
SC,uniao do oeste,1,40.09,0,0.0,0,1.1466049028825647e-05,0.0,0.0,2.7768835717807842e-06,0.0,-1.1466049028825647e-05
SC,vargeao,1,520.65,0,0.0,0,1.1466049028825647e-05,0.0,0.0,3.6063467988218135e-05,0.0,-1.1466049028825647e-05
SE,aquidaba,1,113.55,0,0.0,0,1.1466049028825647e-05,0.0,0.0,7.865181580835818e-06,0.0,-1.1466049028825647e-05
SE,campo do brito,1,114.89,0,0.0,0,1.1466049028825647e-05,0.0,0.0,7.95799834277611e-06,0.0,-1.1466049028825647e-05
SE,carmopolis,1,90.25,0,0.0,0,1.1466049028825647e-05,0.0,0.0,6.251278182918826e-06,0.0,-1.1466049028825647e-05
SE,cristinapolis,1,145.37,0,0.0,0,1.1466049028825647e-05,0.0,0.0,1.0069233345716452e-05,0.0,-1.1466049028825647e-05
SE,general maynard,1,217.85,0,0.0,0,1.1466049028825647e-05,0.0,0.0,1.5089650439322617e-05,0.0,-1.1466049028825647e-05
SE,graccho cardoso,1,723.72,0,0.0,0,1.1466049028825647e-05,0.0,0.0,5.01293633965874e-05,0.0,-1.1466049028825647e-05
SE,indiaroba,1,68.8,0,0.0,0,1.1466049028825647e-05,0.0,0.0,4.7655173294716364e-06,0.0,-1.1466049028825647e-05
SE,itabi,1,141.03,0,0.0,0,1.1466049028825647e-05,0.0,0.0,9.768617863014316e-06,0.0,-1.1466049028825647e-05
SE,itaporanga d'ajuda,1,263.24,0,0.0,0,1.1466049028825647e-05,0.0,0.0,1.8233645084449328e-05,0.0,-1.1466049028825647e-05
SE,japaratuba,1,138.24,0,0.0,0,1.1466049028825647e-05,0.0,0.0,9.575365052705801e-06,0.0,-1.1466049028825647e-05
SE,japoata,1,220.6,0,0.0,0,1.1466049028825647e-05,0.0,0.0,1.5280132600020976e-05,0.0,-1.1466049028825647e-05
SE,macambira,1,259.15,0,0.0,0,1.1466049028825647e-05,0.0,0.0,1.7950346161810678e-05,0.0,-1.1466049028825647e-05
SE,malhador,1,58.14,0,0.0,0,1.1466049028825647e-05,0.0,0.0,4.027139208364549e-06,0.0,-1.1466049028825647e-05
SE,monte alegre de sergipe,1,128.0,0,0.0,0,1.1466049028825647e-05,0.0,0.0,8.866078752505371e-06,0.0,-1.1466049028825647e-05
SE,neopolis,1,257.1,0,0.0,0,1.1466049028825647e-05,0.0,0.0,1.7808350369290085e-05,0.0,-1.1466049028825647e-05
SE,nossa senhora das dores,1,598.23,0,0.0,0,1.1466049028825647e-05,0.0,0.0,4.143714290711944e-05,0.0,-1.1466049028825647e-05
SE,nossa senhora de lourdes,1,118.1,0,0.0,0,1.1466049028825647e-05,0.0,0.0,8.180342973991284e-06,0.0,-1.1466049028825647e-05
SE,pinhao,1,469.47,0,0.0,0,1.1466049028825647e-05,0.0,0.0,3.251842181202107e-05,0.0,-1.1466049028825647e-05
SE,pirambu,1,305.77,0,0.0,0,1.1466049028825647e-05,0.0,0.0,2.1179538282449743e-05,0.0,-1.1466049028825647e-05
SE,poco redondo,1,546.78,0,0.0,0,1.1466049028825647e-05,0.0,0.0,3.7873394846053803e-05,0.0,-1.1466049028825647e-05
SE,ribeiropolis,1,100.77,0,0.0,0,1.1466049028825647e-05,0.0,0.0,6.979959030390361e-06,0.0,-1.1466049028825647e-05
SE,santo amaro das brotas,1,62.28,0,0.0,0,1.1466049028825647e-05,0.0,0.0,4.313901443015894e-06,0.0,-1.1466049028825647e-05
SE,sao miguel do aleixo,1,70.86,0,0.0,0,1.1466049028825647e-05,0.0,0.0,4.90820578439477e-06,0.0,-1.1466049028825647e-05
SE,telha,1,229.65,0,0.0,0,1.1466049028825647e-05,0.0,0.0,1.5906992074319206e-05,0.0,-1.1466049028825647e-05
SP,agisse,1,56.37,0,0.0,0,1.1466049028825647e-05,0.0,0.0,3.90453796311506e-06,0.0,-1.1466049028825647e-05
SP,ajapi,1,121.34,0,0.0,0,1.1466049028825647e-05,0.0,0.0,8.404765592414076e-06,0.0,-1.1466049028825647e-05
SP,alfredo marcondes,1,169.23,0,0.0,0,1.1466049028825647e-05,0.0,0.0,1.1721925838175655e-05,0.0,-1.1466049028825647e-05
SP,americo de campos,1,293.36,0,0.0,0,1.1466049028825647e-05,0.0,0.0,2.031994424089825e-05,0.0,-1.1466049028825647e-05
SP,anhembi,1,120.09,0,0.0,0,1.1466049028825647e-05,0.0,0.0,8.31818279209664e-06,0.0,-1.1466049028825647e-05
SP,anhumas,1,72.42,0,0.0,0,1.1466049028825647e-05,0.0,0.0,5.0162611191909295e-06,0.0,-1.1466049028825647e-05
SP,aparecida d'oeste,1,31.75,0,0.0,0,1.1466049028825647e-05,0.0,0.0,2.1992031280628557e-06,0.0,-1.1466049028825647e-05
SP,aramina,1,111.61,0,0.0,0,1.1466049028825647e-05,0.0,0.0,7.73080507474316e-06,0.0,-1.1466049028825647e-05
SP,arapei,1,314.96,0,0.0,0,1.1466049028825647e-05,0.0,0.0,2.1816095030383528e-05,0.0,-1.1466049028825647e-05
SP,balbinos,1,69.29,0,0.0,0,1.1466049028825647e-05,0.0,0.0,4.799457787196072e-06,0.0,-1.1466049028825647e-05
SP,bandeirantes d'oeste,1,65.09,0,0.0,0,1.1466049028825647e-05,0.0,0.0,4.50853957812949e-06,0.0,-1.1466049028825647e-05
SP,barao ataliba nogueira,1,1351.51,0,0.0,0,1.1466049028825647e-05,0.0,0.0,9.361401636561355e-05,0.0,-1.1466049028825647e-05
SP,bora,1,139.71,0,0.0,0,1.1466049028825647e-05,0.0,0.0,9.677186425879105e-06,0.0,-1.1466049028825647e-05
SP,boraceia,1,39.96,0,0.0,0,1.1466049028825647e-05,0.0,0.0,2.7678789605477704e-06,0.0,-1.1466049028825647e-05
SP,botelho,1,265.04,0,0.0,0,1.1466049028825647e-05,0.0,0.0,1.8358324316906436e-05,0.0,-1.1466049028825647e-05
SP,buritizal,1,46.92,0,0.0,0,1.1466049028825647e-05,0.0,0.0,3.24997199271525e-06,0.0,-1.1466049028825647e-05
SP,cassia dos coqueiros,1,90.17,0,0.0,0,1.1466049028825647e-05,0.0,0.0,6.24573688369851e-06,0.0,-1.1466049028825647e-05
SP,cipo-guacu,1,78.71,0,0.0,0,1.1466049028825647e-05,0.0,0.0,5.451945770388263e-06,0.0,-1.1466049028825647e-05
SP,dobrada,1,320.01,0,0.0,0,1.1466049028825647e-05,0.0,0.0,2.2165889543665967e-05,0.0,-1.1466049028825647e-05
SP,elisiario,1,64.1,0,0.0,0,1.1466049028825647e-05,0.0,0.0,4.43996600027808e-06,0.0,-1.1466049028825647e-05
SP,embauba,1,414.81,0,0.0,0,1.1466049028825647e-05,0.0,0.0,2.873232911974026e-05,0.0,-1.1466049028825647e-05
SP,emilianopolis,1,198.49,0,0.0,0,1.1466049028825647e-05,0.0,0.0,1.3748656028006181e-05,0.0,-1.1466049028825647e-05
SP,engenheiro balduino,1,205.54,0,0.0,0,1.1466049028825647e-05,0.0,0.0,1.4236983021796515e-05,0.0,-1.1466049028825647e-05
SP,espigao,1,62.69,0,0.0,0,1.1466049028825647e-05,0.0,0.0,4.342300601520013e-06,0.0,-1.1466049028825647e-05
SP,estrela d oeste,1,156.33,0,0.0,0,1.1466049028825647e-05,0.0,0.0,1.0828391338899725e-05,0.0,-1.1466049028825647e-05
SP,estrela d'oeste,1,257.45,0,0.0,0,1.1466049028825647e-05,0.0,0.0,1.7832593553378968e-05,0.0,-1.1466049028825647e-05
SP,euclides da cunha paulista,1,186.39,0,0.0,0,1.1466049028825647e-05,0.0,0.0,1.2910534520933407e-05,0.0,-1.1466049028825647e-05
SP,fernao,1,40.85,0,0.0,0,1.1466049028825647e-05,0.0,0.0,2.8295259143737846e-06,0.0,-1.1466049028825647e-05
SP,flora rica,1,237.26,0,0.0,0,1.1466049028825647e-05,0.0,0.0,1.6434108162651753e-05,0.0,-1.1466049028825647e-05
SP,florinia,1,57.61,0,0.0,0,1.1466049028825647e-05,0.0,0.0,3.990428101029956e-06,0.0,-1.1466049028825647e-05
SP,galia,1,217.64,0,0.0,0,1.1466049028825647e-05,0.0,0.0,1.5075104528869288e-05,0.0,-1.1466049028825647e-05
SP,guarapua,1,75.17,0,0.0,0,1.1466049028825647e-05,0.0,0.0,5.206743279889287e-06,0.0,-1.1466049028825647e-05
SP,guatapara,1,87.97,0,0.0,0,1.1466049028825647e-05,0.0,0.0,6.093351155139824e-06,0.0,-1.1466049028825647e-05
SP,iaras,1,93.57,0,0.0,0,1.1466049028825647e-05,0.0,0.0,6.481242100561933e-06,0.0,-1.1466049028825647e-05
SP,ipigua,1,74.28,0,0.0,0,1.1466049028825647e-05,0.0,0.0,5.145096326063273e-06,0.0,-1.1466049028825647e-05
SP,irape,1,429.3,0,0.0,0,1.1466049028825647e-05,0.0,0.0,2.9735996941019967e-05,0.0,-1.1466049028825647e-05
SP,itaoca,1,78.01,0,0.0,0,1.1466049028825647e-05,0.0,0.0,5.4034594022105e-06,0.0,-1.1466049028825647e-05
SP,jamaica,1,71.85,0,0.0,0,1.1466049028825647e-05,0.0,0.0,4.976779362246179e-06,0.0,-1.1466049028825647e-05
SP,jeriquara,1,144.65,0,0.0,0,1.1466049028825647e-05,0.0,0.0,1.0019361652733609e-05,0.0,-1.1466049028825647e-05
SP,lavrinhas,1,621.35,0,0.0,0,1.1466049028825647e-05,0.0,0.0,4.303857838179072e-05,0.0,-1.1466049028825647e-05
SP,lutecia,1,908.84,0,0.0,0,1.1466049028825647e-05,0.0,0.0,6.29519297923983e-05,0.0,-1.1466049028825647e-05
SP,macaubal,1,121.91,0,0.0,0,1.1466049028825647e-05,0.0,0.0,8.444247349358827e-06,0.0,-1.1466049028825647e-05
SP,mira estrela,1,213.56,0,0.0,0,1.1466049028825647e-05,0.0,0.0,1.479249826863318e-05,0.0,-1.1466049028825647e-05
SP,monte castelo,1,106.89,0,0.0,0,1.1466049028825647e-05,0.0,0.0,7.403868420744524e-06,0.0,-1.1466049028825647e-05
SP,nantes,1,91.05,0,0.0,0,1.1466049028825647e-05,0.0,0.0,6.3066911751219846e-06,0.0,-1.1466049028825647e-05
SP,natividade da serra,1,138.89,0,0.0,0,1.1466049028825647e-05,0.0,0.0,9.620388108870867e-06,0.0,-1.1466049028825647e-05
SP,nova guataporanga,1,117.76,0,0.0,0,1.1466049028825647e-05,0.0,0.0,8.156792452304941e-06,0.0,-1.1466049028825647e-05
SP,nova independencia,1,34.86,0,0.0,0,1.1466049028825647e-05,0.0,0.0,2.4146211352526346e-06,0.0,-1.1466049028825647e-05
SP,nova luzitania,1,34.75,0,0.0,0,1.1466049028825647e-05,0.0,0.0,2.4070018488247004e-06,0.0,-1.1466049028825647e-05
SP,novais,1,111.99,0,0.0,0,1.1466049028825647e-05,0.0,0.0,7.75712624603966e-06,0.0,-1.1466049028825647e-05
SP,oleo,1,73.34,0,0.0,0,1.1466049028825647e-05,0.0,0.0,5.079986060224562e-06,0.0,-1.1466049028825647e-05
SP,onda verde,1,89.49,0,0.0,0,1.1466049028825647e-05,0.0,0.0,6.1986358403258254e-06,0.0,-1.1466049028825647e-05
SP,palmares paulista,1,70.93,0,0.0,0,1.1466049028825647e-05,0.0,0.0,4.913054421212547e-06,0.0,-1.1466049028825647e-05
SP,palmeira d oeste,1,64.42,0,0.0,0,1.1466049028825647e-05,0.0,0.0,4.462131197159344e-06,0.0,-1.1466049028825647e-05
SP,pardinho,1,355.06,0,0.0,0,1.1466049028825647e-05,0.0,0.0,2.4593671264566854e-05,0.0,-1.1466049028825647e-05
SP,parisi,1,46.34,0,0.0,0,1.1466049028825647e-05,0.0,0.0,3.20979757336796e-06,0.0,-1.1466049028825647e-05
SP,pauliceia,1,144.94,0,0.0,0,1.1466049028825647e-05,0.0,0.0,1.0039448862407253e-05,0.0,-1.1466049028825647e-05
SP,paulistania,1,116.94,0,0.0,0,1.1466049028825647e-05,0.0,0.0,8.099994135296704e-06,0.0,-1.1466049028825647e-05
SP,pedra bela,1,79.71,0,0.0,0,1.1466049028825647e-05,0.0,0.0,5.521212010642212e-06,0.0,-1.1466049028825647e-05
SP,pedranopolis,1,74.41,0,0.0,0,1.1466049028825647e-05,0.0,0.0,5.154100937296286e-06,0.0,-1.1466049028825647e-05
SP,pedregulho,1,488.68,0,0.0,0,1.1466049028825647e-05,0.0,0.0,3.384902628729941e-05,0.0,-1.1466049028825647e-05
SP,piacatu,1,74.13,0,0.0,0,1.1466049028825647e-05,0.0,0.0,5.13470639002518e-06,0.0,-1.1466049028825647e-05
SP,pinheiros,1,213.83,0,0.0,0,1.1466049028825647e-05,0.0,0.0,1.4811200153501747e-05,0.0,-1.1466049028825647e-05
SP,piquerobi,1,112.45,0,0.0,0,1.1466049028825647e-05,0.0,0.0,7.788988716556477e-06,0.0,-1.1466049028825647e-05
SP,planalto,1,83.06,0,0.0,0,1.1466049028825647e-05,0.0,0.0,5.753253915492939e-06,0.0,-1.1466049028825647e-05
SP,pontalinda,1,24.86,0,0.0,0,1.1466049028825647e-05,0.0,0.0,1.7219587327131524e-06,0.0,-1.1466049028825647e-05
SP,pontes gestal,1,135.08,0,0.0,0,1.1466049028825647e-05,0.0,0.0,9.356483733503325e-06,0.0,-1.1466049028825647e-05
SP,populina,1,71.3,0,0.0,0,1.1466049028825647e-05,0.0,0.0,4.938682930106507e-06,0.0,-1.1466049028825647e-05
SP,queiroz,1,58.9,0,0.0,0,1.1466049028825647e-05,0.0,0.0,4.079781550957549e-06,0.0,-1.1466049028825647e-05
SP,rechan,1,163.69,0,0.0,0,1.1466049028825647e-05,0.0,0.0,1.1338190867168782e-05,0.0,-1.1466049028825647e-05
SP,redencao da serra,1,106.23,0,0.0,0,1.1466049028825647e-05,0.0,0.0,7.358152702176919e-06,0.0,-1.1466049028825647e-05
SP,rifaina,1,52.26,0,0.0,0,1.1466049028825647e-05,0.0,0.0,3.6198537156713335e-06,0.0,-1.1466049028825647e-05
SP,rincao,1,97.63,0,0.0,0,1.1466049028825647e-05,0.0,0.0,6.762463035992964e-06,0.0,-1.1466049028825647e-05
SP,riversul,1,102.03,0,0.0,0,1.1466049028825647e-05,0.0,0.0,7.067234493110336e-06,0.0,-1.1466049028825647e-05
SP,rubineia,1,112.2,0,0.0,0,1.1466049028825647e-05,0.0,0.0,7.77167215649299e-06,0.0,-1.1466049028825647e-05
SP,salto grande,1,674.34,0,0.0,0,1.1466049028825647e-05,0.0,0.0,4.670899645284744e-05,0.0,-1.1466049028825647e-05
SP,santa clara d'oeste,1,115.44,0,0.0,0,1.1466049028825647e-05,0.0,0.0,7.996094774915781e-06,0.0,-1.1466049028825647e-05
SP,santa salete,1,95.0,0,0.0,0,1.1466049028825647e-05,0.0,0.0,6.58029282412508e-06,0.0,-1.1466049028825647e-05
SP,santo expedito,1,293.46,0,0.0,0,1.1466049028825647e-05,0.0,0.0,2.032687086492364e-05,0.0,-1.1466049028825647e-05
SP,sao jose do barreiro,1,147.56,0,0.0,0,1.1466049028825647e-05,0.0,0.0,1.0220926411872598e-05,0.0,-1.1466049028825647e-05
SP,sao sebastiao da serra,1,171.35,0,0.0,0,1.1466049028825647e-05,0.0,0.0,1.1868770267514025e-05,0.0,-1.1466049028825647e-05
SP,sarutaia,1,71.82,0,0.0,0,1.1466049028825647e-05,0.0,0.0,4.97470137503856e-06,0.0,-1.1466049028825647e-05
SP,serra azul,1,108.52,0,0.0,0,1.1466049028825647e-05,0.0,0.0,7.51677239235846e-06,0.0,-1.1466049028825647e-05
SP,suzanapolis,1,88.94,0,0.0,0,1.1466049028825647e-05,0.0,0.0,6.160539408186154e-06,0.0,-1.1466049028825647e-05
SP,taiacu,1,70.51,0,0.0,0,1.1466049028825647e-05,0.0,0.0,4.883962600305889e-06,0.0,-1.1466049028825647e-05
SP,tapinas,1,135.08,0,0.0,0,1.1466049028825647e-05,0.0,0.0,9.356483733503325e-06,0.0,-1.1466049028825647e-05
SP,tecainda,1,165.13,0,0.0,0,1.1466049028825647e-05,0.0,0.0,1.1437934253134467e-05,0.0,-1.1466049028825647e-05
SP,termas de ibira,1,87.15,0,0.0,0,1.1466049028825647e-05,0.0,0.0,6.036552838131587e-06,0.0,-1.1466049028825647e-05
SP,tuiuti,1,60.85,0,0.0,0,1.1466049028825647e-05,0.0,0.0,4.214850719452749e-06,0.0,-1.1466049028825647e-05
SP,turmalina,1,46.23,0,0.0,0,1.1466049028825647e-05,0.0,0.0,3.2021782869400255e-06,0.0,-1.1466049028825647e-05
SP,ubirajara,1,96.09,0,0.0,0,1.1466049028825647e-05,0.0,0.0,6.6557930260018836e-06,0.0,-1.1466049028825647e-05
SP,venda branca,1,134.83,0,0.0,0,1.1466049028825647e-05,0.0,0.0,9.339167173439838e-06,0.0,-1.1466049028825647e-05
TO,almas,1,113.56,0,0.0,0,1.1466049028825647e-05,0.0,0.0,7.86587424323836e-06,0.0,-1.1466049028825647e-05
TO,ananas,1,122.76,0,0.0,0,1.1466049028825647e-05,0.0,0.0,8.503123653574682e-06,0.0,-1.1466049028825647e-05
TO,aparecida do rio negro,1,172.58,0,0.0,0,1.1466049028825647e-05,0.0,0.0,1.1953967743026382e-05,0.0,-1.1466049028825647e-05
TO,araguacu,1,162.86,0,0.0,0,1.1466049028825647e-05,0.0,0.0,1.1280699887758006e-05,0.0,-1.1466049028825647e-05
TO,arapoema,1,98.57,0,0.0,0,1.1466049028825647e-05,0.0,0.0,6.827573301831675e-06,0.0,-1.1466049028825647e-05
TO,augustinopolis,1,144.89,0,0.0,0,1.1466049028825647e-05,0.0,0.0,1.0035985550394556e-05,0.0,-1.1466049028825647e-05
TO,buriti do tocantins,1,86.79,0,0.0,0,1.1466049028825647e-05,0.0,0.0,6.011616991640166e-06,0.0,-1.1466049028825647e-05
TO,carmolandia,1,167.45,0,0.0,0,1.1466049028825647e-05,0.0,0.0,1.1598631930523627e-05,0.0,-1.1466049028825647e-05
TO,centenario,1,162.47,0,0.0,0,1.1466049028825647e-05,0.0,0.0,1.1253686054058966e-05,0.0,-1.1466049028825647e-05
TO,combinado,1,54.63,0,0.0,0,1.1466049028825647e-05,0.0,0.0,3.784014705073191e-06,0.0,-1.1466049028825647e-05
TO,couto de magalhaes,1,198.46,0,0.0,0,1.1466049028825647e-05,0.0,0.0,1.3746578040798563e-05,0.0,-1.1466049028825647e-05
TO,divinopolis do tocantins,1,139.27,0,0.0,0,1.1466049028825647e-05,0.0,0.0,9.646709280167369e-06,0.0,-1.1466049028825647e-05
TO,duere,1,158.77,0,0.0,0,1.1466049028825647e-05,0.0,0.0,1.0997400965119358e-05,0.0,-1.1466049028825647e-05
TO,esperantina,1,122.58,0,0.0,0,1.1466049028825647e-05,0.0,0.0,8.490655730328972e-06,0.0,-1.1466049028825647e-05
TO,fatima,1,95.64,0,0.0,0,1.1466049028825647e-05,0.0,0.0,6.6246232178876066e-06,0.0,-1.1466049028825647e-05
TO,lajeado,1,175.1,0,0.0,0,1.1466049028825647e-05,0.0,0.0,1.2128518668466332e-05,0.0,-1.1466049028825647e-05
TO,natividade,1,435.27,0,0.0,0,1.1466049028825647e-05,0.0,0.0,3.0149516395336037e-05,0.0,-1.1466049028825647e-05
TO,nova olinda,1,56.79,0,0.0,0,1.1466049028825647e-05,0.0,0.0,3.933629784021719e-06,0.0,-1.1466049028825647e-05
TO,novo alegre,1,319.09,0,0.0,0,1.1466049028825647e-05,0.0,0.0,2.2102164602632332e-05,0.0,-1.1466049028825647e-05
TO,peixe,1,117.16,0,0.0,0,1.1466049028825647e-05,0.0,0.0,8.115232708152572e-06,0.0,-1.1466049028825647e-05
TO,pequizeiro,1,253.98,0,0.0,0,1.1466049028825647e-05,0.0,0.0,1.7592239699697767e-05,0.0,-1.1466049028825647e-05
TO,pium,1,45.63,0,0.0,0,1.1466049028825647e-05,0.0,0.0,3.160618542787657e-06,0.0,-1.1466049028825647e-05
TO,praia norte,1,113.35,0,0.0,0,1.1466049028825647e-05,0.0,0.0,7.851328332785029e-06,0.0,-1.1466049028825647e-05
TO,pugmil,1,148.15,0,0.0,0,1.1466049028825647e-05,0.0,0.0,1.0261793493622428e-05,0.0,-1.1466049028825647e-05
TO,sandolandia,1,841.28,0,0.0,0,1.1466049028825647e-05,0.0,0.0,5.827230260084155e-05,0.0,-1.1466049028825647e-05
TO,silvanopolis,1,273.88,0,0.0,0,1.1466049028825647e-05,0.0,0.0,1.8970637880751335e-05,0.0,-1.1466049028825647e-05
TO,sitio novo do tocantins,1,476.27,0,0.0,0,1.1466049028825647e-05,0.0,0.0,3.2989432245747914e-05,0.0,-1.1466049028825647e-05
