"purchase_month","category_name","monthly_sales_amount","sales_mom_growth","monthly_order_count","order_mom_growth","monthly_item_count","item_mom_growth"
"2016-09",health_beauty,134.97,,1,,3,
"2016-10",air_conditioning,1349.29,,4,,8,
"2016-10",audio,156.99,,2,,2,
"2016-10",auto,1128.26,,8,,8,
"2016-10",baby,1371.17,,9,,11,
"2016-10",bed_bath_table,478.99,,5,,8,
"2016-10",computers_accessories,669.02,,12,,12,
"2016-10",consoles_games,3619.36,,7,,7,
"2016-10",cool_stuff,1046.1,,7,,7,
"2016-10",diapers_and_hygiene,134.9,,1,,1,
"2016-10",electronics,107.99,,1,,1,
"2016-10",fashio_female_clothing,54.9,,1,,1,
"2016-10",fashion_bags_accessories,373.3,,7,,8,
"2016-10",fashion_male_clothing,24.9,,1,,1,
"2016-10",fashion_shoes,29.99,,1,,1,
"2016-10",fixed_telephony,704.88,,5,,5,
"2016-10",food,79.9,,1,,1,
"2016-10",furniture_decor,5690.52,,49,,65,
"2016-10",garden_tools,1359.88,,5,,5,
"2016-10",health_beauty,3439.25,24.481588501148405,36,35.0,40,12.333333333333334
"2016-10",housewares,1287.07,,9,,12,
"2016-10",industry_commerce_and_business,359.6,,3,,4,
"2016-10",market_place,915.29,,5,,11,
"2016-10",office_furniture,1300.88,,6,,6,
"2016-10",perfumery,4829.1,,26,,29,
"2016-10",pet_shop,689.68,,4,,4,
"2016-10",sports_leisure,2012.15,,17,,17,
"2016-10",telephony,228.29,,7,,8,
"2016-10",toys,4106.5,,22,,24,
"2016-10",unknown,65.89,,2,,2,
"2016-10",watches_gifts,2711.07,,4,,4,
"2016-12",fashion_bags_accessories,10.9,,1,,1,
"2017-01",agro_industry_and_commerce,65.97,,2,,3,
"2017-01",air_conditioning,663.7,,3,,4,
"2017-01",auto,4820.03,,27,,31,
"2017-01",baby,6217.88,,31,,40,
"2017-01",bed_bath_table,3804.36,,43,,46,
"2017-01",books_general_interest,234.89,,2,,2,
"2017-01",computers,2199.99,,1,,1,
"2017-01",computers_accessories,3924.14,,24,,31,
"2017-01",consoles_games,4514.44,,19,,21,
"2017-01",cool_stuff,6856.87,,30,,37,
"2017-01",dvds_blu_ray,29.8,,1,,2,
"2017-01",electronics,617.0,,11,,11,
"2017-01",fashio_female_clothing,77.3,,2,,2,
"2017-01",fashion_bags_accessories,1671.97,152.39174311926604,30,29.0,35,34.0
"2017-01",fashion_male_clothing,126.9,,1,,1,
"2017-01",fashion_shoes,34.9,,1,,1,
"2017-01",fashion_underwear_beach,137.25,,2,,2,
"2017-01",fixed_telephony,677.12,,19,,22,
"2017-01",food,42.82,,2,,2,
"2017-01",furniture_bedroom,73.2,,8,,8,
"2017-01",furniture_decor,13036.63,,132,,177,
"2017-01",furniture_living_room,1241.9,,8,,10,
"2017-01",garden_tools,7466.95,,36,,54,
"2017-01",health_beauty,12366.44,,79,,82,
"2017-01",home_appliances_2,1916.78,,6,,7,
"2017-01",home_comfort_2,72.8,,2,,2,
"2017-01",housewares,2827.58,,21,,28,
"2017-01",kitchen_dining_laundry_garden_furniture,110.0,,1,,1,
"2017-01",luggage_accessories,492.5,,4,,5,
"2017-01",market_place,414.14,,5,,5,
"2017-01",music,19.8,,2,,2,
"2017-01",musical_instruments,339.74,,1,,1,
"2017-01",office_furniture,1158.35,,6,,8,
"2017-01",perfumery,5112.6,,29,,34,
"2017-01",pet_shop,799.12,,12,,14,
"2017-01",security_and_services,183.29,,1,,1,
"2017-01",small_appliances,1660.79,,6,,6,
"2017-01",sports_leisure,9212.14,,57,,74,
"2017-01",stationery,1561.99,,7,,14,
"2017-01",telephony,755.94,,17,,22,
"2017-01",toys,4568.19,,41,,41,
"2017-01",unknown,1603.64,,10,,12,
"2017-01",watches_gifts,8086.52,,11,,11,
"2017-02",agro_industry_and_commerce,224.84,2.4082158556919815,7,2.5,7,1.3333333333333333
"2017-02",air_conditioning,2405.3,2.62407714328763,11,2.6666666666666665,11,1.75
"2017-02",audio,163.8,,5,,5,
"2017-02",auto,12358.78,1.5640462818696153,75,1.7777777777777777,83,1.6774193548387097
"2017-02",baby,2837.58,-0.5436418843721654,31,0.0,32,-0.2
"2017-02",bed_bath_table,15572.13,3.093232501655994,140,2.255813953488372,157,2.4130434782608696
"2017-02",books_general_interest,772.71,2.289667503938014,8,3.0,8,3.0
"2017-02",books_technical,159.0,,1,,1,
"2017-02",cine_photo,59.0,,1,,1,
"2017-02",computers,3549.0,0.6131891508597768,1,0.0,1,0.0
"2017-02",computers_accessories,11319.09,1.8844765986942364,92,2.8333333333333335,100,2.225806451612903
"2017-02",consoles_games,4294.77,-0.048659412906141,18,-0.05263157894736842,18,-0.14285714285714285
"2017-02",construction_tools_construction,336.79,,3,,3,
"2017-02",construction_tools_safety,379.0,,1,,1,
"2017-02",cool_stuff,12454.6,0.8163681096476965,68,1.2666666666666666,69,0.8648648648648649
"2017-02",costruction_tools_garden,579.98,,1,,2,
"2017-02",dvds_blu_ray,14.9,-0.5,1,0.0,1,-0.5
"2017-02",electronics,1218.85,0.975445705024311,14,0.2727272727272727,19,0.7272727272727273
"2017-02",fashio_female_clothing,363.9,3.707632600258732,3,0.5,3,0.5
"2017-02",fashion_bags_accessories,2170.31,0.29805558712177843,32,0.06666666666666667,36,0.02857142857142857
"2017-02",fashion_male_clothing,545.95,3.3022064617809304,6,5.0,6,5.0
"2017-02",fashion_shoes,107.05,2.067335243553009,2,1.0,3,2.0
"2017-02",fashion_underwear_beach,396.97,1.892313296903461,6,2.0,8,3.0
"2017-02",fixed_telephony,759.23,0.12126358695652176,18,-0.05263157894736842,22,0.0
"2017-02",food,676.73,14.804063521718822,8,3.0,8,3.0
"2017-02",furniture_bedroom,450.0,5.147540983606557,1,-0.875,1,-0.875
"2017-02",furniture_decor,19926.41,0.5284939436035234,213,0.6136363636363636,257,0.4519774011299435
"2017-02",furniture_living_room,3409.64,1.7455028585232302,12,0.5,21,1.1
"2017-02",garden_tools,11734.62,0.571541258479031,60,0.6666666666666666,69,0.2777777777777778
"2017-02",health_beauty,22059.92,0.7838537202299124,143,0.810126582278481,154,0.8780487804878049
"2017-02",home_appliances,740.9,,7,,7,
"2017-02",home_appliances_2,15.99,-0.9916578845772598,1,-0.8333333333333334,1,-0.8571428571428571
"2017-02",home_confort,414.66,,3,,3,
"2017-02",home_construction,695.6,,3,,4,
"2017-02",housewares,11295.34,2.994702183492598,61,1.9047619047619047,69,1.4642857142857142
"2017-02",industry_commerce_and_business,119.0,,1,,1,
"2017-02",kitchen_dining_laundry_garden_furniture,139.9,0.27181818181818185,2,1.0,2,1.0
"2017-02",luggage_accessories,1659.19,2.3689137055837564,19,3.75,20,3.0
"2017-02",market_place,1574.22,2.8011783454870334,17,2.4,20,3.0
"2017-02",musical_instruments,2221.28,5.538176252428328,8,7.0,9,8.0
"2017-02",office_furniture,10845.98,8.363301247464065,52,7.666666666666667,62,6.75
"2017-02",perfumery,8040.38,0.5726597034776825,47,0.6206896551724138,49,0.4411764705882353
"2017-02",pet_shop,3584.87,3.4860221243367704,36,2.0,39,1.7857142857142858
"2017-02",small_appliances,7251.58,3.3663437279848747,25,3.1666666666666665,28,3.6666666666666665
"2017-02",sports_leisure,15629.98,0.6966720002084207,134,1.3508771929824561,149,1.0135135135135136
"2017-02",stationery,2341.4,0.49898526879173366,19,1.7142857142857142,19,0.35714285714285715
"2017-02",tablets_printing_image,792.0,,8,,8,
"2017-02",telephony,6693.34,7.854327062994416,95,4.588235294117647,106,3.8181818181818183
"2017-02",toys,9353.44,1.0475155367880935,61,0.4878048780487805,66,0.6097560975609756
"2017-02",unknown,8521.11,4.31360529794717,50,4.0,56,3.6666666666666665
"2017-02",watches_gifts,10992.39,0.35934740778480717,32,1.9090909090909092,33,2.0
"2017-03",agro_industry_and_commerce,81.99,-0.6353406867105498,2,-0.7142857142857143,2,-0.7142857142857143
"2017-03",air_conditioning,4103.81,0.7061530786180519,16,0.45454545454545453,17,0.5454545454545454
"2017-03",art,174.6,,4,,4,
"2017-03",audio,1134.77,5.927777777777777,13,1.6,14,1.8
"2017-03",auto,13272.93,0.07396765700174286,67,-0.10666666666666667,78,-0.060240963855421686
"2017-03",baby,3592.28,0.26596606967909286,41,0.3225806451612903,42,0.3125
"2017-03",bed_bath_table,25120.02,0.6131396282974777,239,0.7071428571428572,279,0.7770700636942676
"2017-03",books_general_interest,2533.96,2.2793156552911182,19,1.375,24,2.0
"2017-03",books_technical,75.0,-0.5283018867924528,2,1.0,2,1.0
"2017-03",computers_accessories,28078.8,1.4806587808737275,147,0.5978260869565217,171,0.71
"2017-03",consoles_games,9834.04,1.2897710471107882,45,1.5,47,1.6111111111111112
"2017-03",construction_tools_construction,38.9,-0.8844977582469788,1,-0.6666666666666666,1,-0.6666666666666666
"2017-03",cool_stuff,20583.33,0.6526688934209048,116,0.7058823529411765,118,0.7101449275362319
"2017-03",drinks,463.87,,4,,5,
"2017-03",dvds_blu_ray,453.7,29.449664429530202,3,2.0,4,3.0
"2017-03",electronics,3986.0,2.270295770603438,32,1.2857142857142858,37,0.9473684210526315
"2017-03",fashio_female_clothing,19.9,-0.9453146468810113,1,-0.6666666666666666,1,-0.6666666666666666
"2017-03",fashion_bags_accessories,4786.36,1.2053807981348286,60,0.875,66,0.8333333333333334
"2017-03",fashion_male_clothing,580.8,0.06383368440333347,7,0.16666666666666666,9,0.5
"2017-03",fashion_shoes,1515.0,13.152265296590379,13,5.5,14,3.6666666666666665
"2017-03",fashion_sport,39.9,,1,,1,
"2017-03",fashion_underwear_beach,394.14,-0.007129002191601483,6,0.0,6,-0.25
"2017-03",fixed_telephony,1333.45,0.7563189020454935,14,-0.2222222222222222,20,-0.09090909090909091
"2017-03",food,2412.66,2.5651737029539103,19,1.375,21,1.625
"2017-03",food_drink,85.8,,4,,4,
"2017-03",furniture_decor,22133.47,0.11076054341951216,253,0.18779342723004694,315,0.22568093385214008
"2017-03",furniture_living_room,3324.0,-0.025117021151793116,17,0.4166666666666667,24,0.14285714285714285
"2017-03",garden_tools,23508.76,1.0033678125069236,117,0.95,146,1.1159420289855073
"2017-03",health_beauty,25652.45,0.16285326510703588,190,0.32867132867132864,208,0.35064935064935066
"2017-03",home_appliances,313.3,-0.5771359157781076,9,0.2857142857142857,10,0.42857142857142855
"2017-03",home_appliances_2,500.9,30.32582864290181,2,1.0,2,1.0
"2017-03",home_comfort_2,342.88,,3,,3,
"2017-03",home_confort,2123.4,4.120821878165244,12,3.0,13,3.3333333333333335
"2017-03",home_construction,591.96,-0.1489936745255894,5,0.6666666666666666,10,1.5
"2017-03",housewares,12906.96,0.14268007868731697,170,1.7868852459016393,196,1.8405797101449275
"2017-03",industry_commerce_and_business,238.0,1.0,2,1.0,2,1.0
"2017-03",kitchen_dining_laundry_garden_furniture,113.98,-0.18527519656897784,3,0.5,3,0.5
"2017-03",luggage_accessories,5924.01,2.5704229172065887,35,0.8421052631578947,38,0.9
"2017-03",market_place,1808.59,0.1488800802937327,17,0.0,17,-0.15
"2017-03",music,27.99,,1,,1,
"2017-03",musical_instruments,1667.33,-0.2493832384931212,9,0.125,10,0.1111111111111111
"2017-03",office_furniture,10793.85,-0.004806389095314504,58,0.11538461538461539,74,0.1935483870967742
"2017-03",perfumery,19608.14,1.4387081207604613,103,1.1914893617021276,105,1.1428571428571428
"2017-03",pet_shop,8240.06,1.2985659173135984,40,0.1111111111111111,44,0.1282051282051282
"2017-03",signaling_and_security,75.0,,1,,1,
"2017-03",small_appliances,11171.06,0.5405001392799913,31,0.24,31,0.10714285714285714
"2017-03",sports_leisure,25472.89,0.6297455275054734,164,0.22388059701492538,190,0.2751677852348993
"2017-03",stationery,5902.62,1.5209789015119157,56,1.9473684210526316,56,1.9473684210526316
"2017-03",tablets_printing_image,495.0,-0.375,5,-0.375,5,-0.375
"2017-03",telephony,7877.12,0.17685938559822148,153,0.6105263157894737,165,0.5566037735849056
"2017-03",toys,12339.57,0.3192547340871379,99,0.6229508196721312,102,0.5454545454545454
"2017-03",unknown,6457.17,-0.2422149227037323,54,0.08,60,0.07142857142857142
"2017-03",watches_gifts,24892.38,1.2645102657383882,74,1.3125,79,1.393939393939394
"2017-04",air_conditioning,2492.23,-0.39270336589656935,13,-0.1875,15,-0.11764705882352941
"2017-04",art,119.9,-0.3132875143184421,1,-0.75,1,-0.75
"2017-04",audio,942.2,-0.16969958670038857,9,-0.3076923076923077,11,-0.21428571428571427
"2017-04",auto,15149.32,0.14136969003829594,77,0.14925373134328357,84,0.07692307692307693
"2017-04",baby,3930.55,0.09416582226329795,47,0.14634146341463414,50,0.19047619047619047
"2017-04",bed_bath_table,24092.89,-0.04088890056616201,231,-0.03347280334728033,271,-0.02867383512544803
"2017-04",books_general_interest,923.38,-0.6355980362752371,12,-0.3684210526315789,12,-0.5
"2017-04",books_imported,19.99,,1,,1,
"2017-04",books_technical,75.0,0.0,1,-0.5,1,-0.5
"2017-04",christmas_supplies,69.0,,1,,1,
"2017-04",cine_photo,118.0,,2,,2,
"2017-04",computers_accessories,18353.46,-0.34635881875293817,116,-0.2108843537414966,132,-0.22807017543859648
"2017-04",consoles_games,3772.88,-0.6163448592846887,15,-0.6666666666666666,17,-0.6382978723404256
"2017-04",cool_stuff,20902.39,0.015500893198525099,112,-0.034482758620689655,114,-0.03389830508474576
"2017-04",costruction_tools_garden,1490.21,,7,,8,
"2017-04",costruction_tools_tools,729.0,,1,,1,
"2017-04",dvds_blu_ray,1434.9,2.162662552347366,2,-0.3333333333333333,2,-0.5
"2017-04",electronics,4822.24,0.2097942799799297,47,0.46875,48,0.2972972972972973
"2017-04",fashio_female_clothing,64.9,2.2613065326633173,1,0.0,1,0.0
"2017-04",fashion_bags_accessories,3095.9,-0.3531827944408694,44,-0.26666666666666666,48,-0.2727272727272727
"2017-04",fashion_male_clothing,366.89,-0.3683023415977961,5,-0.2857142857142857,5,-0.4444444444444444
"2017-04",fashion_shoes,1526.5,0.007590759075907591,20,0.5384615384615384,23,0.6428571428571429
"2017-04",fashion_sport,189.78,3.756390977443609,4,3.0,4,3.0
"2017-04",fashion_underwear_beach,92.89,-0.7643223220175572,3,-0.5,3,-0.5
"2017-04",fixed_telephony,505.83,-0.6206606921894335,6,-0.5714285714285714,6,-0.7
"2017-04",food,491.3,-0.7963658368771398,8,-0.5789473684210527,8,-0.6190476190476191
"2017-04",food_drink,47.9,-0.4417249417249417,2,-0.5,3,-0.25
"2017-04",furniture_bedroom,628.98,,3,,3,
"2017-04",furniture_decor,19211.23,-0.132028100428898,162,-0.35968379446640314,191,-0.39365079365079364
"2017-04",furniture_living_room,2073.34,-0.376251504211793,11,-0.35294117647058826,12,-0.5
"2017-04",furniture_mattress_and_upholstery,109.4,,1,,1,
"2017-04",garden_tools,17648.93,-0.24926155186407103,93,-0.20512820512820512,108,-0.2602739726027397
"2017-04",health_beauty,22156.34,-0.13628756707448997,168,-0.11578947368421053,180,-0.1346153846153846
"2017-04",home_appliances,499.4,0.5939993616342163,9,0.0,10,0.0
"2017-04",home_appliances_2,799.8,0.5967258933918945,2,0.0,2,0.0
"2017-04",home_comfort_2,12.9,-0.9623775081661223,1,-0.6666666666666666,1,-0.6666666666666666
"2017-04",home_confort,2411.1,0.13549025148346983,16,0.3333333333333333,17,0.3076923076923077
"2017-04",home_construction,1602.69,1.7074295560510844,5,0.0,5,-0.5
"2017-04",housewares,12472.18,-0.0336857013580269,134,-0.21176470588235294,169,-0.1377551020408163
"2017-04",kitchen_dining_laundry_garden_furniture,1033.4,8.06650289524478,8,1.6666666666666667,9,2.0
"2017-04",la_cuisine,24.0,,1,,1,
"2017-04",luggage_accessories,7090.3,0.1968750896774313,46,0.3142857142857143,48,0.2631578947368421
"2017-04",market_place,4045.28,1.2367037305304136,19,0.11764705882352941,19,0.11764705882352941
"2017-04",music,59.8,1.1364773133261878,2,1.0,2,1.0
"2017-04",musical_instruments,3818.43,1.2901465216843697,16,0.7777777777777778,16,0.6
"2017-04",office_furniture,9411.3,-0.12808682722105652,48,-0.1724137931034483,58,-0.21621621621621623
"2017-04",perfumery,19436.51,-0.00875299747961821,97,-0.05825242718446602,101,-0.0380952380952381
"2017-04",pet_shop,6182.89,-0.24965473552377038,46,0.15,51,0.1590909090909091
"2017-04",signaling_and_security,128.06,0.7074666666666667,3,2.0,3,2.0
"2017-04",small_appliances,23114.98,1.069184123977492,20,-0.3548387096774194,20,-0.3548387096774194
"2017-04",sports_leisure,22997.06,-0.09719470385967191,184,0.12195121951219512,203,0.06842105263157895
"2017-04",stationery,4551.44,-0.22891190691591198,35,-0.375,35,-0.375
"2017-04",tablets_printing_image,1112.88,1.2482424242424244,9,0.8,11,1.2
"2017-04",telephony,7133.94,-0.09434666477088077,138,-0.09803921568627451,142,-0.1393939393939394
"2017-04",toys,13039.43,0.05671672513709964,103,0.04040404040404041,113,0.10784313725490197
"2017-04",unknown,8708.17,0.3486047293164033,63,0.16666666666666666,71,0.18333333333333332
"2017-04",watches_gifts,23336.09,-0.06252073927844588,88,0.1891891891891892,95,0.20253164556962025
"2017-05",agro_industry_and_commerce,1579.94,,4,,4,
"2017-05",air_conditioning,914.87,-0.6329110876604487,6,-0.5384615384615384,7,-0.5333333333333333
"2017-05",art,6927.25,56.77522935779817,6,5.0,6,5.0
"2017-05",arts_and_craftmanship,21.99,,1,,1,
"2017-05",audio,2081.18,1.208851623859053,17,0.8888888888888888,17,0.5454545454545454
"2017-05",auto,17501.25,0.15524987260154252,99,0.2857142857142857,113,0.34523809523809523
"2017-05",baby,8933.72,1.2728931065626945,96,1.0425531914893618,102,1.04
"2017-05",bed_bath_table,32684.6,0.3566076962954631,323,0.39826839826839827,361,0.33210332103321033
"2017-05",books_general_interest,1841.57,0.9943793454482445,19,0.5833333333333334,20,0.6666666666666666
"2017-05",books_technical,262.0,2.493333333333333,3,2.0,3,2.0
"2017-05",cine_photo,59.0,-0.5,1,-0.5,1,-0.5
"2017-05",computers_accessories,44759.39,1.4387439752504434,253,1.1810344827586208,309,1.3409090909090908
"2017-05",consoles_games,2507.2,-0.33546786539725626,26,0.7333333333333333,29,0.7058823529411765
"2017-05",construction_tools_construction,99.99,,1,,1,
"2017-05",cool_stuff,32481.6,0.5539658383562837,230,1.0535714285714286,241,1.1140350877192982
"2017-05",costruction_tools_garden,1447.34,-0.0287677575643702,5,-0.2857142857142857,7,-0.125
"2017-05",costruction_tools_tools,803.9,0.10274348422496568,2,1.0,2,1.0
"2017-05",drinks,90.0,,1,,1,
"2017-05",dvds_blu_ray,89.6,-0.9375566241549934,4,1.0,4,1.0
"2017-05",electronics,6149.11,0.2751563588705664,59,0.2553191489361702,65,0.3541666666666667
"2017-05",fashio_female_clothing,367.5,4.662557781201849,4,3.0,4,3.0
"2017-05",fashion_bags_accessories,7192.0,1.3230724506605511,91,1.0681818181818181,104,1.1666666666666667
"2017-05",fashion_childrens_clothes,110.0,,1,,1,
"2017-05",fashion_male_clothing,608.9,0.6596255008313119,3,-0.4,4,-0.2
"2017-05",fashion_shoes,1669.54,0.09370455289878805,22,0.1,22,-0.043478260869565216
"2017-05",fashion_sport,124.84,-0.34218568869216986,3,-0.25,3,-0.25
"2017-05",fashion_underwear_beach,283.5,2.0519969856819897,6,1.0,7,1.3333333333333333
"2017-05",fixed_telephony,445.83,-0.11861692663543089,9,0.5,9,0.5
"2017-05",food,387.9,-0.21046203948707518,3,-0.625,3,-0.625
"2017-05",food_drink,345.49,6.212734864300627,10,4.0,12,3.0
"2017-05",furniture_bedroom,2369.97,2.7679576457121047,6,1.0,9,2.0
"2017-05",furniture_decor,22312.54,0.161432141513063,226,0.3950617283950617,271,0.418848167539267
"2017-05",furniture_living_room,4479.45,1.1604994839244887,27,1.4545454545454546,32,1.6666666666666667
"2017-05",furniture_mattress_and_upholstery,595.89,4.4468921389396705,3,2.0,3,2.0
"2017-05",garden_tools,20372.57,0.15432323659281325,121,0.3010752688172043,138,0.2777777777777778
"2017-05",health_beauty,46340.06,1.091503380070896,261,0.5535714285714286,284,0.5777777777777777
"2017-05",home_appliances,1912.79,2.8301762114537445,28,2.111111111111111,28,1.8
"2017-05",home_appliances_2,1306.05,0.6329707426856714,7,2.5,7,2.5
"2017-05",home_confort,5114.07,1.1210526315789473,32,1.0,35,1.0588235294117647
"2017-05",home_construction,1620.5,0.011112566996736703,5,0.0,7,0.4
"2017-05",housewares,21374.9,0.7138062471837322,259,0.9328358208955224,302,0.7869822485207101
"2017-05",industry_commerce_and_business,519.8,,2,,2,
"2017-05",kitchen_dining_laundry_garden_furniture,1304.48,0.2623185600928971,9,0.125,9,0.0
"2017-05",la_cuisine,193.0,7.041666666666667,1,0.0,1,0.0
"2017-05",luggage_accessories,12539.62,0.7685598634754525,64,0.391304347826087,70,0.4583333333333333
"2017-05",market_place,2476.98,-0.3876863900644702,21,0.10526315789473684,22,0.15789473684210525
"2017-05",musical_instruments,9639.44,1.524451148770568,18,0.125,20,0.25
"2017-05",office_furniture,8403.43,-0.10709147514158501,42,-0.125,56,-0.034482758620689655
"2017-05",perfumery,19982.06,0.028068310617492695,132,0.36082474226804123,143,0.4158415841584158
"2017-05",pet_shop,8151.02,0.31831877972922046,66,0.43478260869565216,73,0.43137254901960786
"2017-05",signaling_and_security,508.85,2.9735280337341874,3,0.0,4,0.3333333333333333
"2017-05",small_appliances,5241.44,-0.7732448827556849,16,-0.2,18,-0.1
"2017-05",sports_leisure,34101.73,0.4828734629556996,256,0.391304347826087,305,0.5024630541871922
"2017-05",stationery,5600.18,0.23041938375547097,60,0.7142857142857143,64,0.8285714285714286
"2017-05",tablets_printing_image,1514.98,0.36131478685931984,7,-0.2222222222222222,7,-0.36363636363636365
"2017-05",telephony,8844.39,0.23976231927938838,196,0.42028985507246375,214,0.5070422535211268
"2017-05",toys,22179.25,0.7009370808386562,192,0.8640776699029126,196,0.7345132743362832
"2017-05",unknown,10948.33,0.2572480785285542,83,0.31746031746031744,92,0.29577464788732394
"2017-05",watches_gifts,36619.48,0.5692208934744425,120,0.36363636363636365,129,0.35789473684210527
"2017-06",agro_industry_and_commerce,1390.0,-0.12021975518057651,1,-0.75,1,-0.75
"2017-06",air_conditioning,2084.48,1.2784439319247545,9,0.5,11,0.5714285714285714
"2017-06",art,200.3,-0.9710852069724638,4,-0.3333333333333333,4,-0.3333333333333333
"2017-06",audio,1671.0,-0.19709011234011467,11,-0.35294117647058826,11,-0.35294117647058826
"2017-06",auto,29335.71,0.6762065566745232,101,0.020202020202020204,110,-0.02654867256637168
"2017-06",baby,7864.74,-0.11965676112526469,72,-0.25,78,-0.23529411764705882
"2017-06",bed_bath_table,33803.23,0.034224986690979994,324,0.0030959752321981426,369,0.0221606648199446
"2017-06",books_general_interest,1922.18,0.0437724333041916,19,0.0,20,0.0
"2017-06",books_imported,99.0,,1,,2,
"2017-06",books_technical,145.9,-0.4431297709923664,2,-0.3333333333333333,2,-0.3333333333333333
"2017-06",christmas_supplies,184.7,,2,,3,
"2017-06",cine_photo,79.0,0.3389830508474576,1,0.0,1,0.0
"2017-06",computers_accessories,36193.7,-0.19137191101129847,212,-0.16205533596837945,254,-0.1779935275080906
"2017-06",consoles_games,5309.03,1.11751356094448,26,0.0,29,0.0
"2017-06",construction_tools_construction,376.37,2.764076407640764,4,3.0,8,7.0
"2017-06",cool_stuff,38109.61,0.1732676345992809,195,-0.15217391304347827,199,-0.17427385892116182
"2017-06",costruction_tools_garden,434.69,-0.6996628297428386,3,-0.4,4,-0.42857142857142855
"2017-06",drinks,49.99,-0.44455555555555554,1,0.0,1,0.0
"2017-06",dvds_blu_ray,126.69,0.4139508928571429,4,0.0,4,0.0
"2017-06",electronics,2060.04,-0.6649856645921117,39,-0.3389830508474576,41,-0.36923076923076925
"2017-06",fashio_female_clothing,154.8,-0.5787755102040816,3,-0.25,3,-0.25
"2017-06",fashion_bags_accessories,6722.13,-0.06533231368186873,75,-0.17582417582417584,81,-0.22115384615384615
"2017-06",fashion_childrens_clothes,110.0,0.0,1,0.0,1,0.0
"2017-06",fashion_male_clothing,519.79,-0.14634586960091972,7,1.3333333333333333,9,1.25
"2017-06",fashion_shoes,1279.38,-0.23369311307306195,16,-0.2727272727272727,19,-0.13636363636363635
"2017-06",fashion_sport,470.5,2.7688240948413965,5,0.6666666666666666,5,0.6666666666666666
"2017-06",fashion_underwear_beach,3.9,-0.9862433862433864,1,-0.8333333333333334,1,-0.8571428571428571
"2017-06",fixed_telephony,933.67,1.0942287418971357,12,0.3333333333333333,12,0.3333333333333333
"2017-06",food,149.9,-0.6135601959267852,1,-0.6666666666666666,1,-0.6666666666666666
"2017-06",food_drink,57.4,-0.8338591565602478,2,-0.8,2,-0.8333333333333334
"2017-06",furniture_bedroom,308.99,-0.8696228222298171,2,-0.6666666666666666,2,-0.7777777777777778
"2017-06",furniture_decor,16614.29,-0.2553832956714027,177,-0.2168141592920354,230,-0.15129151291512916
"2017-06",furniture_living_room,1713.3,-0.6175200080367009,12,-0.5555555555555556,15,-0.53125
"2017-06",garden_tools,15447.09,-0.2417701841250269,98,-0.19008264462809918,110,-0.2028985507246377
"2017-06",health_beauty,31676.81,-0.31642708274439,233,-0.10727969348659004,254,-0.1056338028169014
"2017-06",home_appliances,2507.19,0.31075026531924577,42,0.5,43,0.5357142857142857
"2017-06",home_appliances_2,1213.87,-0.0705792274415222,6,-0.14285714285714285,6,-0.14285714285714285
"2017-06",home_comfort_2,12.9,,1,,1,
"2017-06",home_confort,2818.2,-0.4489320638943151,17,-0.46875,17,-0.5142857142857142
"2017-06",home_construction,1992.3,0.2294353594569577,4,-0.2,8,0.14285714285714285
"2017-06",housewares,22978.21,0.07500900589008593,280,0.08108108108108109,321,0.06291390728476821
"2017-06",industry_commerce_and_business,276.97,-0.46716044632550974,2,0.0,2,0.0
"2017-06",kitchen_dining_laundry_garden_furniture,374.8,-0.7126824481785846,4,-0.5555555555555556,4,-0.5555555555555556
"2017-06",luggage_accessories,8142.19,-0.3506828755576326,59,-0.078125,60,-0.14285714285714285
"2017-06",market_place,1258.95,-0.49173994138022914,15,-0.2857142857142857,16,-0.2727272727272727
"2017-06",music,1066.9,,4,,4,
"2017-06",musical_instruments,4993.05,-0.48201866498468793,17,-0.05555555555555555,20,0.0
"2017-06",office_furniture,7279.13,-0.13379060693074138,45,0.07142857142857142,50,-0.10714285714285714
"2017-06",perfumery,23954.32,0.19879131581028173,140,0.06060606060606061,148,0.03496503496503497
"2017-06",pet_shop,5123.57,-0.37141977323083497,60,-0.09090909090909091,63,-0.136986301369863
"2017-06",signaling_and_security,134.0,-0.7366610985555665,1,-0.6666666666666666,1,-0.75
"2017-06",small_appliances,9698.81,0.850409429469764,23,0.4375,23,0.2777777777777778
"2017-06",small_appliances_home_oven_and_coffee,71.9,,1,,1,
"2017-06",sports_leisure,32066.93,-0.059668527080591005,245,-0.04296875,269,-0.1180327868852459
"2017-06",stationery,3493.57,-0.3761682660200208,37,-0.38333333333333336,38,-0.40625
"2017-06",tablets_printing_image,594.0,-0.6079156160477366,6,-0.14285714285714285,6,-0.14285714285714285
"2017-06",telephony,6561.73,-0.2580912872453612,148,-0.24489795918367346,157,-0.26635514018691586
"2017-06",toys,15337.55,-0.30847300968247354,150,-0.21875,156,-0.20408163265306123
"2017-06",unknown,5032.39,-0.540350902831756,51,-0.3855421686746988,59,-0.358695652173913
"2017-06",watches_gifts,27337.63,-0.253467553335001,113,-0.058333333333333334,119,-0.07751937984496124
"2017-07",agro_industry_and_commerce,1180.0,-0.1510791366906475,1,0.0,1,0.0
"2017-07",air_conditioning,1396.1,-0.33024063555419103,5,-0.4444444444444444,5,-0.5454545454545454
"2017-07",art,386.75,0.9308537194208686,3,-0.25,3,-0.25
"2017-07",arts_and_craftmanship,129.9,,1,,1,
"2017-07",audio,673.69,-0.5968342309994015,6,-0.45454545454545453,6,-0.45454545454545453
"2017-07",auto,13886.85,-0.5266230133853927,103,0.019801980198019802,114,0.03636363636363636
"2017-07",baby,15461.41,0.9659149571378075,121,0.6805555555555556,125,0.6025641025641025
"2017-07",bed_bath_table,62786.96,0.8574248673869329,503,0.5524691358024691,569,0.5420054200542005
"2017-07",books_general_interest,1292.4,-0.3276384105546827,12,-0.3684210526315789,13,-0.35
"2017-07",books_technical,528.0,2.618917066483893,2,0.0,2,0.0
"2017-07",cds_dvds_musicals,225.0,,4,,5,
"2017-07",christmas_supplies,65.09,-0.647590687601516,2,0.0,2,-0.3333333333333333
"2017-07",computers_accessories,38176.22,0.05477527857058008,268,0.2641509433962264,320,0.25984251968503935
"2017-07",consoles_games,5411.24,0.01925210443338991,45,0.7307692307692307,47,0.6206896551724138
"2017-07",construction_tools_construction,549.44,0.45984005101363035,5,0.25,6,-0.25
"2017-07",construction_tools_lights,360.0,,1,,1,
"2017-07",cool_stuff,36653.46,-0.03820952248002542,220,0.1282051282051282,228,0.1457286432160804
"2017-07",costruction_tools_garden,347.58,-0.20039568428075183,7,1.3333333333333333,8,1.0
"2017-07",drinks,273.97,4.480496099219844,2,1.0,3,2.0
"2017-07",dvds_blu_ray,732.8,4.78419764780172,3,-0.25,3,-0.25
"2017-07",electronics,7266.04,2.527135395429215,84,1.1538461538461537,94,1.2926829268292683
"2017-07",fashio_female_clothing,310.7,1.0071059431524545,4,0.3333333333333333,4,0.3333333333333333
"2017-07",fashion_bags_accessories,5063.21,-0.24678487324702142,80,0.06666666666666667,86,0.06172839506172839
"2017-07",fashion_male_clothing,719.99,0.3851555435849094,8,0.14285714285714285,9,0.0
"2017-07",fashion_shoes,1283.02,0.002845128108927662,18,0.125,19,0.0
"2017-07",fashion_sport,69.9,-0.8514346439957492,1,-0.8,1,-0.8
"2017-07",fashion_underwear_beach,274.8,69.46153846153847,3,2.0,3,2.0
"2017-07",fixed_telephony,218.73,-0.7657309327706792,8,-0.3333333333333333,9,-0.25
"2017-07",food,584.16,2.896997998665777,7,6.0,7,6.0
"2017-07",food_drink,168.2,1.930313588850174,7,2.5,8,3.0
"2017-07",furniture_bedroom,1077.99,2.488753681348911,4,1.0,4,1.0
"2017-07",furniture_decor,24028.12,0.44623212908887455,249,0.4067796610169492,314,0.3652173913043478
"2017-07",furniture_living_room,3826.12,1.2331874160975893,26,1.1666666666666667,30,1.0
"2017-07",furniture_mattress_and_upholstery,109.4,,1,,1,
"2017-07",garden_tools,18951.3,0.22685243628411558,153,0.5612244897959183,184,0.6727272727272727
"2017-07",health_beauty,34239.45,0.08089956027769196,270,0.15879828326180256,308,0.2125984251968504
"2017-07",home_appliances,3671.99,0.4645838568277632,37,-0.11904761904761904,37,-0.13953488372093023
"2017-07",home_appliances_2,1033.99,-0.1481872029129972,7,0.16666666666666666,7,0.16666666666666666
"2017-07",home_comfort_2,12.9,0.0,1,0.0,1,0.0
"2017-07",home_confort,4563.85,0.61942019728905,36,1.1176470588235294,43,1.5294117647058822
"2017-07",home_construction,93.6,-0.95301912362596,1,-0.75,2,-0.75
"2017-07",housewares,20251.53,-0.11866372532934465,220,-0.21428571428571427,271,-0.1557632398753894
"2017-07",industry_commerce_and_business,245.96,-0.11196158428710697,2,0.0,2,0.0
"2017-07",kitchen_dining_laundry_garden_furniture,1316.5,2.512540021344717,9,1.25,11,1.75
"2017-07",la_cuisine,469.99,,4,,4,
"2017-07",luggage_accessories,8311.71,0.020819951388999707,72,0.22033898305084745,73,0.21666666666666667
"2017-07",market_place,1573.38,0.2497557488383177,13,-0.13333333333333333,13,-0.1875
"2017-07",music,329.0,-0.6916299559471366,1,-0.75,1,-0.75
"2017-07",musical_instruments,7282.59,0.458545378075525,26,0.5294117647058824,30,0.5
"2017-07",office_furniture,16892.61,1.3206907968397321,97,1.1555555555555554,115,1.3
"2017-07",party_supplies,69.9,,1,,1,
"2017-07",perfumery,12734.25,-0.46839442739347226,115,-0.17857142857142858,121,-0.18243243243243243
"2017-07",pet_shop,6575.97,0.28347421817209495,70,0.16666666666666666,85,0.3492063492063492
"2017-07",signaling_and_security,475.91,2.5515671641791045,4,3.0,5,4.0
"2017-07",small_appliances,3587.23,-0.6301370992936247,30,0.30434782608695654,31,0.34782608695652173
"2017-07",sports_leisure,36618.83,0.141949977749663,327,0.3346938775510204,375,0.3940520446096654
"2017-07",stationery,6906.85,0.9770177783757017,72,0.9459459459459459,77,1.0263157894736843
"2017-07",tablets_printing_image,198.0,-0.6666666666666666,2,-0.6666666666666666,2,-0.6666666666666666
"2017-07",telephony,9052.87,0.37964683094244983,135,-0.08783783783783784,143,-0.08917197452229299
"2017-07",toys,23956.84,0.5619730661024741,197,0.31333333333333335,203,0.30128205128205127
"2017-07",unknown,2967.86,-0.41024841079487084,52,0.0196078431372549,58,-0.01694915254237288
"2017-07",watches_gifts,33702.42,0.23282157231625408,151,0.336283185840708,162,0.36134453781512604
"2017-08",agro_industry_and_commerce,88.0,-0.9254237288135593,1,0.0,4,3.0
"2017-08",air_conditioning,4271.73,2.0597593295609196,12,1.4,15,2.0
"2017-08",art,244.7,-0.3672915319974144,4,0.3333333333333333,4,0.3333333333333333
"2017-08",audio,1050.7,0.5596194095206993,7,0.16666666666666666,7,0.16666666666666666
"2017-08",auto,18922.61,0.36262795378361545,128,0.24271844660194175,161,0.41228070175438597
"2017-08",baby,19160.1,0.23922074377433875,120,-0.008264462809917356,127,0.016
"2017-08",bed_bath_table,56580.63,-0.09884743583699548,442,-0.12127236580516898,506,-0.11072056239015818
"2017-08",books_general_interest,2275.0,0.7602909316001237,27,1.25,27,1.0769230769230769
"2017-08",books_imported,61.0,,1,,1,
"2017-08",books_technical,1196.38,1.2658712121212123,9,3.5,9,3.5
"2017-08",cds_dvds_musicals,135.0,-0.4,2,-0.5,3,-0.4
"2017-08",christmas_supplies,58.9,-0.09509909356275932,1,-0.5,1,-0.5
"2017-08",computers,32400.0,,28,,28,
"2017-08",computers_accessories,33826.47,-0.113938729397515,290,0.08208955223880597,341,0.065625
"2017-08",consoles_games,8054.75,0.48852203931076804,79,0.7555555555555555,84,0.7872340425531915
"2017-08",construction_tools_construction,1180.0,1.1476412347117062,6,0.2,7,0.16666666666666666
"2017-08",construction_tools_lights,589.0,0.6361111111111111,2,1.0,2,1.0
"2017-08",construction_tools_safety,8.9,,1,,1,
"2017-08",cool_stuff,38264.51,0.04395355854535978,235,0.06818181818181818,256,0.12280701754385964
"2017-08",costruction_tools_garden,1286.19,2.7004142931123774,7,0.0,10,0.25
"2017-08",drinks,119.9,-0.5623608424280031,2,0.0,2,-0.3333333333333333
"2017-08",dvds_blu_ray,113.4,-0.8452510917030568,6,1.0,6,1.0
"2017-08",electronics,2854.15,-0.6071931891374118,52,-0.38095238095238093,56,-0.40425531914893614
"2017-08",fashio_female_clothing,188.7,-0.39266173157386547,4,0.0,4,0.0
"2017-08",fashion_bags_accessories,6438.89,0.2717011540109931,85,0.0625,95,0.10465116279069768
"2017-08",fashion_male_clothing,1175.06,0.6320504451450714,12,0.5,14,0.5555555555555556
"2017-08",fashion_shoes,1491.69,0.16263970943555056,18,0.0,22,0.15789473684210525
"2017-08",fashion_sport,265.8,2.8025751072961373,2,1.0,2,1.0
"2017-08",fashion_underwear_beach,1111.0,3.042940320232897,13,3.3333333333333335,13,3.3333333333333335
"2017-08",fixed_telephony,3343.54,14.286151876743016,14,0.75,20,1.2222222222222223
"2017-08",food,364.5,-0.3760271158586688,8,0.14285714285714285,8,0.14285714285714285
"2017-08",food_drink,494.81,1.9417954815695602,12,0.7142857142857143,15,0.875
"2017-08",furniture_bedroom,618.0,-0.4267108229204353,3,-0.25,3,-0.25
"2017-08",furniture_decor,33595.89,0.3981905367544361,323,0.2971887550200803,426,0.35668789808917195
"2017-08",furniture_living_room,2478.07,-0.3523282071654835,21,-0.19230769230769232,23,-0.23333333333333334
"2017-08",furniture_mattress_and_upholstery,509.39,3.656215722120658,2,1.0,2,1.0
"2017-08",garden_tools,22920.93,0.20946478605689325,194,0.2679738562091503,233,0.266304347826087
"2017-08",health_beauty,49030.23,0.4319806538948496,338,0.2518518518518518,352,0.14285714285714285
"2017-08",home_appliances,3921.35,0.0679086816685231,42,0.13513513513513514,42,0.13513513513513514
"2017-08",home_appliances_2,3686.55,2.5653633013858936,15,1.1428571428571428,15,1.1428571428571428
"2017-08",home_comfort_2,38.7,2.0000000000000004,2,1.0,3,2.0
"2017-08",home_confort,4000.19,-0.123505373752424,24,-0.3333333333333333,28,-0.3488372093023256
"2017-08",home_construction,124.8,0.33333333333333337,1,0.0,1,-0.5
"2017-08",housewares,23427.84,0.15684296445750032,245,0.11363636363636363,280,0.033210332103321034
"2017-08",industry_commerce_and_business,956.9,2.8904699951211574,3,0.5,3,0.5
"2017-08",kitchen_dining_laundry_garden_furniture,1006.2,-0.2357007216103304,7,-0.2222222222222222,7,-0.36363636363636365
"2017-08",la_cuisine,313.0,-0.33402838358262943,2,-0.5,2,-0.5
"2017-08",luggage_accessories,6533.1,-0.21398845724886925,57,-0.20833333333333334,62,-0.1506849315068493
"2017-08",market_place,1937.39,0.23135542589838434,22,0.6923076923076923,23,0.7692307692307693
"2017-08",musical_instruments,7089.55,-0.02650705312258413,23,-0.11538461538461539,23,-0.23333333333333334
"2017-08",office_furniture,9877.36,-0.41528514539789885,46,-0.5257731958762887,58,-0.4956521739130435
"2017-08",perfumery,13085.1,0.02755168148889808,117,0.017391304347826087,127,0.049586776859504134
"2017-08",pet_shop,10425.79,0.5854375856337545,75,0.07142857142857142,89,0.047058823529411764
"2017-08",signaling_and_security,377.8,-0.20615242377760504,4,0.0,4,-0.2
"2017-08",small_appliances,4297.01,0.1978629750531748,32,0.06666666666666667,36,0.16129032258064516
"2017-08",small_appliances_home_oven_and_coffee,21.9,,1,,1,
"2017-08",sports_leisure,40624.77,0.1093956306086239,375,0.14678899082568808,417,0.112
"2017-08",stationery,6366.91,-0.07817456582957506,75,0.041666666666666664,80,0.03896103896103896
"2017-08",tablets_printing_image,450.89,1.2772222222222223,6,2.0,6,2.0
"2017-08",telephony,10553.31,0.165741913890291,127,-0.05925925925925926,132,-0.07692307692307693
"2017-08",toys,17675.37,-0.2621994386571852,168,-0.14720812182741116,182,-0.10344827586206896
"2017-08",unknown,4968.45,0.6740850309650723,64,0.23076923076923078,75,0.29310344827586204
"2017-08",watches_gifts,36170.95,0.0732448886459785,194,0.2847682119205298,211,0.30246913580246915
"2017-09",agro_industry_and_commerce,1993.99,21.658977272727274,3,2.0,4,0.0
"2017-09",air_conditioning,1629.15,-0.6186205588836372,7,-0.4166666666666667,7,-0.5333333333333333
"2017-09",art,388.54,0.5878218226399675,3,-0.25,3,-0.25
"2017-09",audio,1042.59,-0.00771866374797766,10,0.42857142857142855,10,0.42857142857142855
"2017-09",auto,14126.77,-0.2534449528896912,96,-0.25,107,-0.33540372670807456
"2017-09",baby,23232.45,0.21254325394961418,161,0.3416666666666667,170,0.33858267716535434
"2017-09",bed_bath_table,52105.61,-0.0790910246139005,456,0.03167420814479638,528,0.043478260869565216
"2017-09",books_general_interest,932.24,-0.5902241758241759,14,-0.48148148148148145,14,-0.48148148148148145
"2017-09",books_imported,290.0,3.7540983606557377,3,2.0,4,3.0
"2017-09",books_technical,1001.35,-0.16301676724786446,8,-0.1111111111111111,8,-0.1111111111111111
"2017-09",christmas_supplies,254.7,3.32427843803056,3,2.0,4,3.0
"2017-09",cine_photo,69.0,,1,,1,
"2017-09",computers,51228.89,0.5811385802469136,39,0.39285714285714285,40,0.42857142857142855
"2017-09",computers_accessories,28040.65,-0.17104415565679776,211,-0.27241379310344827,247,-0.2756598240469208
"2017-09",consoles_games,8150.57,0.011896086160340135,58,-0.26582278481012656,63,-0.25
"2017-09",construction_tools_construction,1240.3,0.0511016949152542,7,0.16666666666666666,10,0.42857142857142855
"2017-09",construction_tools_lights,229.0,-0.6112054329371817,1,-0.5,1,-0.5
"2017-09",construction_tools_safety,1124.54,125.35280898876402,4,3.0,5,4.0
"2017-09",cool_stuff,37547.47,-0.018739035205207144,196,-0.16595744680851063,203,-0.20703125
"2017-09",costruction_tools_garden,251.6,-0.8043834892200997,4,-0.42857142857142855,5,-0.5
"2017-09",costruction_tools_tools,916.89,,3,,3,
"2017-09",drinks,244.98,1.043202668890742,5,1.5,6,2.0
"2017-09",dvds_blu_ray,39.8,-0.6490299823633158,2,-0.6666666666666666,2,-0.6666666666666666
"2017-09",electronics,4338.96,0.5202284392901564,65,0.25,67,0.19642857142857142
"2017-09",fashio_female_clothing,355.7,0.8850026497085322,3,-0.25,4,0.0
"2017-09",fashion_bags_accessories,11778.24,0.8292345419785085,101,0.18823529411764706,122,0.28421052631578947
"2017-09",fashion_childrens_clothes,89.99,,1,,1,
"2017-09",fashion_male_clothing,1177.5,0.002076489711163732,10,-0.16666666666666666,16,0.14285714285714285
"2017-09",fashion_shoes,1099.7,-0.2627824816148127,12,-0.3333333333333333,13,-0.4090909090909091
"2017-09",fashion_sport,384.6,0.4469525959367946,2,0.0,5,1.5
"2017-09",fashion_underwear_beach,1619.9,0.45805580558055814,14,0.07692307692307693,16,0.23076923076923078
"2017-09",fixed_telephony,13692.91,3.09533309007818,6,-0.5714285714285714,13,-0.35
"2017-09",food,992.92,1.724060356652949,13,0.625,17,1.125
"2017-09",food_drink,310.86,-0.3717588569349851,6,-0.5,9,-0.4
"2017-09",furniture_bedroom,709.6,0.14822006472491914,3,0.0,4,0.3333333333333333
"2017-09",furniture_decor,30554.92,-0.09051613158633395,270,-0.16408668730650156,343,-0.19483568075117372
"2017-09",furniture_living_room,1275.87,-0.48513560956712287,11,-0.47619047619047616,11,-0.5217391304347826
"2017-09",furniture_mattress_and_upholstery,86.5,-0.8301890496476177,1,-0.5,1,-0.5
"2017-09",garden_tools,22028.43,-0.03893821062234386,176,-0.09278350515463918,222,-0.04721030042918455
"2017-09",health_beauty,50649.16,0.03301901704315889,356,0.05325443786982249,376,0.06818181818181818
"2017-09",home_appliances,1820.19,-0.5358256722812297,10,-0.7619047619047619,10,-0.7619047619047619
"2017-09",home_appliances_2,1627.8,-0.5584489563412947,6,-0.6,6,-0.6
"2017-09",home_comfort_2,12.9,-0.6666666666666667,1,-0.5,1,-0.6666666666666666
"2017-09",home_confort,4592.34,0.14803046855274377,26,0.08333333333333333,33,0.17857142857142858
"2017-09",home_construction,1357.81,9.87988782051282,9,8.0,11,10.0
"2017-09",housewares,19941.56,-0.14880927989947,217,-0.11428571428571428,249,-0.11071428571428571
"2017-09",industry_commerce_and_business,219.98,-0.7701118194168669,2,-0.3333333333333333,2,-0.3333333333333333
"2017-09",kitchen_dining_laundry_garden_furniture,409.6,-0.5929238719936394,4,-0.42857142857142855,4,-0.42857142857142855
"2017-09",luggage_accessories,3885.38,-0.405277739511105,41,-0.2807017543859649,42,-0.3225806451612903
"2017-09",market_place,1147.21,-0.4078579945183985,11,-0.5,11,-0.5217391304347826
"2017-09",musical_instruments,8507.4,0.1999915368394326,22,-0.043478260869565216,26,0.13043478260869565
"2017-09",office_furniture,9118.67,-0.07681101022945407,36,-0.21739130434782608,60,0.034482758620689655
"2017-09",party_supplies,269.8,,1,,2,
"2017-09",perfumery,14051.3,0.07383971081611901,135,0.15384615384615385,153,0.2047244094488189
"2017-09",pet_shop,8534.92,-0.1813646735643055,62,-0.17333333333333334,71,-0.20224719101123595
"2017-09",security_and_services,100.0,,1,,1,
"2017-09",signaling_and_security,438.4,0.16040232927474846,5,0.25,9,1.25
"2017-09",small_appliances,10030.74,1.3343534224961076,29,-0.09375,30,-0.16666666666666666
"2017-09",small_appliances_home_oven_and_coffee,640.99,28.268949771689503,1,0.0,1,0.0
"2017-09",sports_leisure,48972.11,0.205474147915176,408,0.088,453,0.08633093525179857
"2017-09",stationery,5851.52,-0.08094821506821982,69,-0.08,75,-0.0625
"2017-09",tablets_printing_image,233.9,-0.48124819800838337,3,-0.5,3,-0.5
"2017-09",telephony,18278.37,0.7320035135895752,160,0.25984251968503935,173,0.3106060606060606
"2017-09",toys,29606.83,0.6750331110466148,265,0.5773809523809523,289,0.5879120879120879
"2017-09",unknown,5774.15,0.1621632501081826,61,-0.046875,73,-0.02666666666666667
"2017-09",watches_gifts,44748.96,0.23715191334482513,251,0.29381443298969073,264,0.25118483412322273
"2017-10",agro_industry_and_commerce,3350.28,0.6801889678483845,5,0.6666666666666666,5,0.25
"2017-10",air_conditioning,2562.42,0.572857011324924,9,0.2857142857142857,12,0.7142857142857143
"2017-10",art,349.05,-0.1016368971019715,3,0.0,3,0.0
"2017-10",audio,2328.58,1.233457063658773,31,2.1,31,2.1
"2017-10",auto,21419.39,0.5162269931484691,130,0.3541666666666667,148,0.38317757009345793
"2017-10",baby,16497.5,-0.2898940920996279,134,-0.16770186335403728,138,-0.18823529411764706
"2017-10",bed_bath_table,46007.7,-0.11702981694293577,442,-0.03070175438596491,542,0.026515151515151516
"2017-10",books_general_interest,734.5,-0.21211276066249035,8,-0.42857142857142855,11,-0.21428571428571427
"2017-10",books_technical,880.0,-0.12118639836221104,6,-0.25,6,-0.25
"2017-10",cds_dvds_musicals,45.0,,1,,1,
"2017-10",christmas_supplies,388.05,0.5235571260306244,7,1.3333333333333333,12,2.0
"2017-10",cine_photo,69.0,0.0,1,0.0,1,0.0
"2017-10",computers,40393.92,-0.21150116662687796,26,-0.3333333333333333,27,-0.325
"2017-10",computers_accessories,42009.38,0.4981599927248475,253,0.1990521327014218,309,0.25101214574898784
"2017-10",consoles_games,10380.72,0.2736189002732324,99,0.7068965517241379,105,0.6666666666666666
"2017-10",construction_tools_construction,2576.18,1.077062001128759,15,1.1428571428571428,19,0.9
"2017-10",construction_tools_lights,500.0,1.1834061135371179,2,1.0,2,1.0
"2017-10",construction_tools_safety,1668.85,0.48402902520141566,9,1.25,12,1.4
"2017-10",cool_stuff,44348.23,0.18112432075982754,242,0.23469387755102042,254,0.2512315270935961
"2017-10",costruction_tools_garden,746.9,1.9686009538950715,8,1.0,9,0.8
"2017-10",costruction_tools_tools,1018.6,0.11092933721602377,5,0.6666666666666666,5,0.6666666666666666
"2017-10",drinks,596.98,1.4368519879173811,10,1.0,12,1.0
"2017-10",dvds_blu_ray,174.6,3.386934673366835,4,1.0,4,1.0
"2017-10",electronics,3376.35,-0.22185270202997956,55,-0.15384615384615385,62,-0.07462686567164178
"2017-10",fashion_bags_accessories,7584.66,-0.356044706170022,93,-0.07920792079207921,108,-0.11475409836065574
"2017-10",fashion_childrens_clothes,39.99,-0.5556172908100899,1,0.0,1,0.0
"2017-10",fashion_male_clothing,971.9,-0.1746072186836518,8,-0.2,10,-0.375
"2017-10",fashion_shoes,1860.92,0.6922069655360553,16,0.3333333333333333,18,0.38461538461538464
"2017-10",fashion_sport,59.9,-0.844253770150806,1,-0.5,1,-0.8
"2017-10",fashion_underwear_beach,187.8,-0.8840669177109699,3,-0.7857142857142857,3,-0.8125
"2017-10",fixed_telephony,3751.88,-0.7259983451289754,6,0.0,7,-0.46153846153846156
"2017-10",food,806.06,-0.18819240220763003,12,-0.07692307692307693,17,0.0
"2017-10",food_drink,2297.23,6.389918291192176,15,1.5,17,0.8888888888888888
"2017-10",furniture_bedroom,943.9,0.33018602029312283,3,0.0,3,-0.25
"2017-10",furniture_decor,30009.74,-0.017842625672068416,266,-0.014814814814814815,375,0.09329446064139942
"2017-10",furniture_living_room,1532.79,0.20136847797973156,13,0.18181818181818182,19,0.7272727272727273
"2017-10",garden_tools,25798.75,0.17115700029461925,213,0.21022727272727273,280,0.26126126126126126
"2017-10",health_beauty,40698.99,-0.1964528138275147,322,-0.09550561797752809,350,-0.06914893617021277
"2017-10",home_appliances,1837.68,0.009608886984325818,7,-0.3,7,-0.3
"2017-10",home_appliances_2,2104.27,0.2927079493795307,9,0.5,9,0.5
"2017-10",home_comfort_2,64.5,4.0,3,2.0,5,4.0
"2017-10",home_confort,3619.8,-0.21177438952690783,26,0.0,27,-0.18181818181818182
"2017-10",home_construction,4201.17,2.0940779637799105,15,0.6666666666666666,18,0.6363636363636364
"2017-10",housewares,15883.68,-0.20348859367070585,188,-0.1336405529953917,229,-0.08032128514056225
"2017-10",industry_commerce_and_business,2256.69,9.258614419492682,5,1.5,5,1.5
"2017-10",kitchen_dining_laundry_garden_furniture,3428.6,7.37060546875,14,2.5,16,3.0
"2017-10",la_cuisine,137.0,,1,,1,
"2017-10",luggage_accessories,6240.34,0.6061080254698382,52,0.2682926829268293,56,0.3333333333333333
"2017-10",market_place,1019.54,-0.11128738417552154,10,-0.09090909090909091,11,0.0
"2017-10",music,54.9,,1,,1,
"2017-10",musical_instruments,6329.26,-0.2560288689846486,19,-0.13636363636363635,19,-0.2692307692307692
"2017-10",office_furniture,17890.83,0.9619999407808377,69,0.9166666666666666,102,0.7
"2017-10",party_supplies,137.8,-0.48925129725722755,2,1.0,2,0.0
"2017-10",perfumery,16877.82,0.2011571883028617,175,0.2962962962962963,187,0.2222222222222222
"2017-10",pet_shop,8243.58,-0.03413505926241841,64,0.03225806451612903,76,0.07042253521126761
"2017-10",signaling_and_security,744.0,0.697080291970803,7,0.4,10,0.1111111111111111
"2017-10",small_appliances,6464.85,-0.35549620466685405,30,0.034482758620689655,32,0.06666666666666667
"2017-10",sports_leisure,48568.98,-0.008231828279402243,417,0.022058823529411766,462,0.019867549668874173
"2017-10",stationery,7697.17,0.31541377283167443,89,0.2898550724637681,96,0.28
"2017-10",tablets_printing_image,99.0,-0.5767421975203079,1,-0.6666666666666666,1,-0.6666666666666666
"2017-10",telephony,20859.18,0.14119475642521742,220,0.375,244,0.41040462427745666
"2017-10",toys,33324.42,0.12556528341602247,272,0.026415094339622643,283,-0.020761245674740483
"2017-10",unknown,16321.27,1.8266099772260855,58,-0.04918032786885246,68,-0.0684931506849315
"2017-10",watches_gifts,64874.63,0.4497460946578423,282,0.12350597609561753,308,0.16666666666666666
"2017-11",agro_industry_and_commerce,13932.49,3.158604653939372,13,1.6,19,2.8
"2017-11",air_conditioning,4076.62,0.5909257654873127,16,0.7777777777777778,19,0.5833333333333334
"2017-11",art,75.0,-0.7851310700472711,1,-0.6666666666666666,1,-0.6666666666666666
"2017-11",audio,3677.23,0.5791727147016638,33,0.06451612903225806,36,0.16129032258064516
"2017-11",auto,34736.49,0.6217310577005227,242,0.8615384615384616,260,0.7567567567567568
"2017-11",baby,21048.19,0.2758411880587967,184,0.373134328358209,197,0.427536231884058
"2017-11",bed_bath_table,87957.63,0.9118023722116083,804,0.8190045248868778,961,0.7730627306273062
"2017-11",books_general_interest,2630.97,2.5819877467665076,37,3.625,37,2.3636363636363638
"2017-11",books_imported,247.0,,2,,3,
"2017-11",books_technical,768.9,-0.12625000000000003,5,-0.16666666666666666,6,0.0
"2017-11",cds_dvds_musicals,195.0,3.3333333333333335,3,2.0,3,2.0
"2017-11",christmas_supplies,1312.6,2.382553794614096,18,1.5714285714285714,22,0.8333333333333334
"2017-11",cine_photo,242.0,2.5072463768115942,1,0.0,1,0.0
"2017-11",computers,9768.0,-0.7581814292844071,7,-0.7307692307692307,7,-0.7407407407407407
"2017-11",computers_accessories,69676.32,0.6585895816600962,431,0.7035573122529645,512,0.656957928802589
"2017-11",consoles_games,11772.28,0.13405235860325695,123,0.24242424242424243,128,0.21904761904761905
"2017-11",construction_tools_construction,6993.56,1.714701612464968,36,1.4,47,1.4736842105263157
"2017-11",construction_tools_lights,2199.48,3.39896,9,3.5,10,4.0
"2017-11",construction_tools_safety,3280.69,0.9658387512358811,12,0.3333333333333333,14,0.16666666666666666
"2017-11",cool_stuff,55696.66,0.2558936399491028,286,0.18181818181818182,297,0.16929133858267717
"2017-11",costruction_tools_garden,1218.5,0.6314098272861159,14,0.75,17,0.8888888888888888
"2017-11",costruction_tools_tools,269.5,-0.7354211663066955,4,-0.2,5,0.0
"2017-11",drinks,674.12,0.12921705919796306,14,0.4,18,0.5
"2017-11",dvds_blu_ray,79.79,-0.543012600229095,3,-0.25,3,-0.25
"2017-11",electronics,9992.99,1.9597020451078826,163,1.9636363636363636,182,1.935483870967742
"2017-11",fashio_female_clothing,59.98,,2,,2,
"2017-11",fashion_bags_accessories,12849.33,0.6941207648068601,178,0.9139784946236559,193,0.7870370370370371
"2017-11",fashion_male_clothing,880.99,-0.09353842987961722,10,0.25,11,0.1
"2017-11",fashion_shoes,1707.8,-0.08228188207983154,17,0.0625,19,0.05555555555555555
"2017-11",fashion_sport,59.9,0.0,1,0.0,1,0.0
"2017-11",fashion_underwear_beach,1221.6,5.50479233226837,10,2.3333333333333335,10,2.3333333333333335
"2017-11",fixed_telephony,943.98,-0.748398136400951,5,-0.16666666666666666,5,-0.2857142857142857
"2017-11",flowers,187.8,,6,,6,
"2017-11",food,498.09,-0.3820683323822048,10,-0.16666666666666666,14,-0.17647058823529413
"2017-11",food_drink,2445.57,0.06457342103315739,28,0.8666666666666667,33,0.9411764705882353
"2017-11",furniture_bedroom,873.0,-0.07511388918317616,3,0.0,3,0.0
"2017-11",furniture_decor,62091.27,1.069037252571998,536,1.0150375939849625,767,1.0453333333333332
"2017-11",furniture_living_room,6212.95,3.053360212423098,29,1.2307692307692308,39,1.0526315789473684
"2017-11",furniture_mattress_and_upholstery,334.0,,2,,2,
"2017-11",garden_tools,44275.18,0.7161753960947721,430,1.0187793427230047,547,0.9535714285714286
"2017-11",health_beauty,78274.4,0.9232516580878296,519,0.6118012422360248,573,0.6371428571428571
"2017-11",home_appliances,4515.94,1.457413695529145,25,2.5714285714285716,25,2.5714285714285716
"2017-11",home_appliances_2,4854.93,1.3071801622415375,13,0.4444444444444444,13,0.4444444444444444
"2017-11",home_comfort_2,38.7,-0.39999999999999997,3,0.0,3,-0.4
"2017-11",home_confort,5355.39,0.47947124150505555,40,0.5384615384615384,45,0.6666666666666666
"2017-11",home_construction,4936.72,0.175082179488095,33,1.2,38,1.1111111111111112
"2017-11",housewares,33872.42,1.1325297412186595,345,0.8351063829787234,412,0.7991266375545851
"2017-11",industry_commerce_and_business,1994.87,-0.11601947985766771,6,0.2,6,0.2
"2017-11",kitchen_dining_laundry_garden_furniture,5007.39,0.4604765793618388,28,1.0,33,1.0625
"2017-11",la_cuisine,137.0,0.0,1,0.0,1,0.0
"2017-11",luggage_accessories,8301.15,0.33024001897332506,63,0.21153846153846154,70,0.25
"2017-11",market_place,1355.98,0.32999195715714935,11,0.1,16,0.45454545454545453
"2017-11",musical_instruments,15776.89,1.492691088689673,41,1.1578947368421053,42,1.2105263157894737
"2017-11",office_furniture,17919.2,0.0015857285547958915,75,0.08695652173913043,101,-0.00980392156862745
"2017-11",party_supplies,850.7,5.17343976777939,3,0.5,3,0.5
"2017-11",perfumery,31612.13,0.8729984085622433,287,0.64,304,0.6256684491978609
"2017-11",pet_shop,11167.79,0.35472573808951946,82,0.28125,97,0.27631578947368424
"2017-11",signaling_and_security,596.79,-0.1978629032258065,3,-0.5714285714285714,5,-0.5
"2017-11",small_appliances,6782.92,0.04919990409676941,27,-0.1,28,-0.125
"2017-11",sports_leisure,62686.24,0.29066412347963644,542,0.2997601918465228,597,0.2922077922077922
"2017-11",stationery,16406.19,1.1314574057738103,149,0.6741573033707865,163,0.6979166666666666
"2017-11",tablets_printing_image,350.4,2.539393939393939,6,5.0,6,5.0
"2017-11",telephony,26117.63,0.25209284353459727,343,0.5590909090909091,371,0.5204918032786885
"2017-11",toys,62611.26,0.8788402018699802,443,0.6286764705882353,485,0.7137809187279152
"2017-11",unknown,13786.55,-0.15530164012972036,111,0.9137931034482759,118,0.7352941176470589
"2017-11",watches_gifts,95292.34,0.468869109542513,424,0.5035460992907801,463,0.5032467532467533
"2017-12",agro_industry_and_commerce,5291.7,-0.6201899301560597,9,-0.3076923076923077,11,-0.42105263157894735
"2017-12",air_conditioning,668.8,-0.8359425210100524,3,-0.8125,3,-0.8421052631578947
"2017-12",art,115.25,0.5366666666666666,3,2.0,3,2.0
"2017-12",audio,2686.93,-0.269305972158391,17,-0.48484848484848486,17,-0.5277777777777778
"2017-12",auto,39019.96,0.12331326509961144,238,-0.01652892561983471,263,0.011538461538461539
"2017-12",baby,19658.48,-0.06602515465700372,135,-0.266304347826087,139,-0.29441624365482233
"2017-12",bed_bath_table,50081.16,-0.4306217664118508,476,-0.4079601990049751,546,-0.43184183142559834
"2017-12",books_general_interest,2352.2,-0.10595711847721563,37,0.0,41,0.10810810810810811
"2017-12",books_imported,231.0,-0.06477732793522267,3,0.5,3,0.0
"2017-12",books_technical,670.69,-0.12772792300689287,4,-0.2,4,-0.3333333333333333
"2017-12",cds_dvds_musicals,65.0,-0.6666666666666666,1,-0.6666666666666666,1,-0.6666666666666666
"2017-12",christmas_supplies,493.9,-0.6237239067499619,14,-0.2222222222222222,16,-0.2727272727272727
"2017-12",computers,16741.0,0.7138615888615889,19,1.7142857142857142,23,2.2857142857142856
"2017-12",computers_accessories,37428.67,-0.46282079765406675,249,-0.4222737819025522,284,-0.4453125
"2017-12",consoles_games,8885.01,-0.2452600515787936,87,-0.2926829268292683,92,-0.28125
"2017-12",construction_tools_construction,5830.35,-0.1663258769496508,22,-0.3888888888888889,27,-0.425531914893617
"2017-12",construction_tools_lights,176.0,-0.9199810864386128,2,-0.7777777777777778,2,-0.8
"2017-12",construction_tools_safety,1384.92,-0.5778570971350538,7,-0.4166666666666667,7,-0.5
"2017-12",cool_stuff,37515.57,-0.3264305256365463,231,-0.19230769230769232,248,-0.16498316498316498
"2017-12",costruction_tools_garden,928.9,-0.23766926549035702,6,-0.5714285714285714,6,-0.6470588235294118
"2017-12",costruction_tools_tools,349.4,0.2964749536178107,6,0.5,6,0.2
"2017-12",diapers_and_hygiene,76.0,,1,,2,
"2017-12",drinks,2132.84,2.1638877351213437,31,1.2142857142857142,34,0.8888888888888888
"2017-12",dvds_blu_ray,119.9,0.5026945732547938,1,-0.6666666666666666,1,-0.6666666666666666
"2017-12",electronics,8518.61,-0.14754142654000446,189,0.15950920245398773,209,0.14835164835164835
"2017-12",fashion_bags_accessories,9999.76,-0.22176798323336702,123,-0.3089887640449438,134,-0.30569948186528495
"2017-12",fashion_male_clothing,450.89,-0.4882007741291048,4,-0.6,4,-0.6363636363636364
"2017-12",fashion_shoes,1099.0,-0.3564820236561658,12,-0.29411764705882354,13,-0.3157894736842105
"2017-12",fashion_sport,59.9,0.0,1,0.0,1,0.0
"2017-12",fashion_underwear_beach,1173.1,-0.03970203012442698,13,0.3,13,0.3
"2017-12",fixed_telephony,998.77,0.05804148392974424,5,0.0,5,0.0
"2017-12",flowers,82.7,-0.5596379126730564,2,-0.6666666666666666,2,-0.6666666666666666
"2017-12",food,939.34,0.8858840771748079,11,0.1,13,-0.07142857142857142
"2017-12",food_drink,1033.68,-0.5773255314711908,18,-0.35714285714285715,21,-0.36363636363636365
"2017-12",furniture_bedroom,185.0,-0.7880870561282932,1,-0.6666666666666666,1,-0.6666666666666666
"2017-12",furniture_decor,31073.09,-0.49955782833883083,304,-0.43283582089552236,378,-0.5071707953063885
"2017-12",furniture_living_room,2316.01,-0.6272286112072365,16,-0.4482758620689655,20,-0.48717948717948717
"2017-12",furniture_mattress_and_upholstery,803.7,1.4062874251497008,8,3.0,8,3.0
"2017-12",garden_tools,26795.69,-0.39479207086227547,243,-0.43488372093023253,323,-0.40950639853747717
"2017-12",health_beauty,60688.75,-0.22466668540416784,426,-0.1791907514450867,460,-0.19720767888307156
"2017-12",home_appliances,1331.0,-0.7052662347152531,16,-0.36,16,-0.36
"2017-12",home_appliances_2,1990.16,-0.5900744191986291,8,-0.38461538461538464,8,-0.38461538461538464
"2017-12",home_confort,2257.8,-0.5784060544610197,14,-0.65,14,-0.6888888888888889
"2017-12",home_construction,6525.3,0.32178855596428396,29,-0.12121212121212122,38,0.0
"2017-12",housewares,25285.96,-0.25349414066074993,243,-0.2956521739130435,288,-0.30097087378640774
"2017-12",industry_commerce_and_business,1828.5,-0.08339891822524771,9,0.5,9,0.5
"2017-12",kitchen_dining_laundry_garden_furniture,4277.3,-0.14580250389923693,16,-0.42857142857142855,20,-0.3939393939393939
"2017-12",luggage_accessories,5969.21,-0.2809177041735181,44,-0.30158730158730157,46,-0.34285714285714286
"2017-12",market_place,703.25,-0.48137140665791534,13,0.18181818181818182,14,-0.125
"2017-12",musical_instruments,10823.5,-0.31396491957540423,41,0.0,42,0.0
"2017-12",office_furniture,6684.37,-0.6269716281976875,38,-0.49333333333333335,48,-0.5247524752475248
"2017-12",party_supplies,515.2,-0.3943810979193605,2,-0.3333333333333333,2,-0.3333333333333333
"2017-12",perfumery,26448.94,-0.16332939286280304,225,-0.21602787456445993,233,-0.23355263157894737
"2017-12",pet_shop,7126.74,-0.3618486737304338,69,-0.15853658536585366,72,-0.25773195876288657
"2017-12",signaling_and_security,770.0,0.29023609644933734,2,-0.3333333333333333,2,-0.6
"2017-12",small_appliances,7539.77,0.1115817376587075,26,-0.037037037037037035,27,-0.03571428571428571
"2017-12",sports_leisure,58722.48,-0.0632317395332691,431,-0.2047970479704797,484,-0.18927973199329984
"2017-12",stationery,24793.1,0.511204002879401,229,0.5369127516778524,248,0.5214723926380368
"2017-12",tablets_printing_image,419.4,0.1969178082191781,6,0.0,6,0.0
"2017-12",telephony,12780.44,-0.5106585092138911,237,-0.30903790087463556,260,-0.2991913746630728
"2017-12",toys,55064.56,-0.12053263262869976,413,-0.06772009029345373,436,-0.10103092783505155
"2017-12",unknown,15497.67,0.12411517022025097,132,0.1891891891891892,137,0.16101694915254236
"2017-12",watches_gifts,69556.92,-0.27006808731950543,333,-0.21462264150943397,353,-0.23758099352051837
"2018-01",agro_industry_and_commerce,5853.44,0.10615492185875991,15,0.6666666666666666,18,0.6363636363636364
"2018-01",air_conditioning,4674.74,5.989742822966507,22,6.333333333333333,29,8.666666666666666
"2018-01",art,2540.77,21.04572668112798,19,5.333333333333333,19,5.333333333333333
"2018-01",audio,3820.28,0.42180108897515023,25,0.47058823529411764,26,0.5294117647058824
"2018-01",auto,35855.02,-0.0811107956030709,243,0.02100840336134454,267,0.015209125475285171
"2018-01",baby,29833.88,0.5176086859207834,209,0.5481481481481482,219,0.5755395683453237
"2018-01",bed_bath_table,75408.13,0.505718517702066,689,0.4474789915966387,836,0.5311355311355311
"2018-01",books_general_interest,2160.2,-0.08162571209931128,40,0.08108108108108109,44,0.07317073170731707
"2018-01",books_imported,583.0,1.5238095238095237,6,1.0,6,1.0
"2018-01",books_technical,1176.55,0.7542381726281887,16,3.0,17,3.25
"2018-01",christmas_supplies,851.5,0.7240332051022474,9,-0.35714285714285715,10,-0.375
"2018-01",cine_photo,199.98,,2,,2,
"2018-01",computers,6851.0,-0.590765187264799,11,-0.42105263157894735,11,-0.5217391304347826
"2018-01",computers_accessories,80503.87,1.150861091243691,574,1.3052208835341366,688,1.4225352112676057
"2018-01",consoles_games,7313.28,-0.17689681834910714,50,-0.42528735632183906,51,-0.44565217391304346
"2018-01",construction_tools_construction,9664.18,0.6575642971691236,40,0.8181818181818182,48,0.7777777777777778
"2018-01",construction_tools_lights,2392.99,12.59653409090909,6,2.0,7,2.5
"2018-01",construction_tools_safety,2228.89,0.6093998209282845,9,0.2857142857142857,11,0.5714285714285714
"2018-01",cool_stuff,38942.41,0.03803327525078264,285,0.23376623376623376,296,0.1935483870967742
"2018-01",costruction_tools_garden,3927.98,3.2286360211002263,21,2.5,24,3.0
"2018-01",costruction_tools_tools,532.3,0.523468803663423,8,0.3333333333333333,8,0.3333333333333333
"2018-01",diapers_and_hygiene,125.0,0.6447368421052632,1,0.0,5,1.5
"2018-01",drinks,2227.61,0.04443371279608408,39,0.25806451612903225,50,0.47058823529411764
"2018-01",dvds_blu_ray,49.8,-0.5846538782318599,2,1.0,2,1.0
"2018-01",electronics,15884.28,0.8646563230386177,319,0.6878306878306878,348,0.6650717703349283
"2018-01",fashio_female_clothing,161.79,,3,,3,
"2018-01",fashion_bags_accessories,7931.72,-0.20680896341512195,116,-0.056910569105691054,125,-0.06716417910447761
"2018-01",fashion_male_clothing,550.6,0.22114041118676403,5,0.25,6,0.5
"2018-01",fashion_shoes,666.7,-0.3933575978161965,7,-0.4166666666666667,9,-0.3076923076923077
"2018-01",fashion_sport,119.8,1.0,2,1.0,2,1.0
"2018-01",fashion_underwear_beach,754.5,-0.35683232461000763,8,-0.38461538461538464,8,-0.38461538461538464
"2018-01",fixed_telephony,2444.1,1.4471099452326361,10,1.0,10,1.0
"2018-01",flowers,284.6,2.4413542926239424,7,2.5,10,4.0
"2018-01",food,829.56,-0.1168692912044628,18,0.6363636363636364,19,0.46153846153846156
"2018-01",food_drink,341.17,-0.6699462115935299,10,-0.4444444444444444,11,-0.47619047619047616
"2018-01",furniture_bedroom,914.8,3.9448648648648645,5,4.0,5,4.0
"2018-01",furniture_decor,53798.81,0.7313633758342024,467,0.5361842105263158,595,0.5740740740740741
"2018-01",furniture_living_room,2308.1,-0.0034153565830891525,22,0.375,22,0.1
"2018-01",furniture_mattress_and_upholstery,860.5,0.07067313674256558,9,0.125,9,0.125
"2018-01",garden_tools,26793.06,-0.0000981501129472,202,-0.16872427983539096,236,-0.2693498452012384
"2018-01",health_beauty,71405.6,0.17658709398364617,563,0.3215962441314554,619,0.3456521739130435
"2018-01",home_appliances,1725.15,0.29613072877535696,26,0.625,27,0.6875
"2018-01",home_appliances_2,8630.1,3.3363850142702094,12,0.5,13,0.625
"2018-01",home_confort,3020.16,0.33765612543183615,18,0.2857142857142857,18,0.2857142857142857
"2018-01",home_construction,5747.78,-0.11915467488084845,27,-0.06896551724137931,40,0.05263157894736842
"2018-01",housewares,37446.74,0.4809301288145674,317,0.3045267489711934,351,0.21875
"2018-01",industry_commerce_and_business,2681.1,0.4662838392124692,15,0.6666666666666666,18,1.0
"2018-01",kitchen_dining_laundry_garden_furniture,4838.5,0.1312042643723844,20,0.25,21,0.05
"2018-01",la_cuisine,112.0,,1,,1,
"2018-01",luggage_accessories,18546.32,2.1069974083672713,121,1.75,126,1.7391304347826086
"2018-01",market_place,818.72,0.1641948098115891,12,-0.07692307692307693,14,0.0
"2018-01",music,24.97,,1,,1,
"2018-01",musical_instruments,15178.58,0.4023726151429759,49,0.1951219512195122,51,0.21428571428571427
"2018-01",office_furniture,19485.42,1.9150720262343346,104,1.736842105263158,142,1.9583333333333333
"2018-01",party_supplies,135.8,-0.7364130434782609,2,0.0,2,0.0
"2018-01",perfumery,19555.37,-0.26063691021265883,207,-0.08,223,-0.04291845493562232
"2018-01",pet_shop,10796.06,0.5148665448718488,76,0.10144927536231885,89,0.2361111111111111
"2018-01",signaling_and_security,1048.79,0.36206493506493503,7,2.5,8,3.0
"2018-01",small_appliances,14261.81,0.8915444370318987,50,0.9230769230769231,53,0.9629629629629629
"2018-01",small_appliances_home_oven_and_coffee,369.99,,1,,1,
"2018-01",sports_leisure,86172.83,0.46745896971653783,575,0.33410672853828305,642,0.32644628099173556
"2018-01",stationery,39522.72,0.5941015847151023,368,0.6069868995633187,385,0.5524193548387096
"2018-01",tablets_printing_image,161.8,-0.614210777300906,3,-0.5,3,-0.5
"2018-01",telephony,14700.08,0.15020140151669265,343,0.4472573839662447,368,0.4153846153846154
"2018-01",toys,21382.85,-0.6116767300056516,154,-0.6271186440677966,161,-0.6307339449541285
"2018-01",unknown,20993.63,0.3546313736193893,171,0.29545454545454547,193,0.40875912408759124
"2018-01",watches_gifts,73521.24,0.056993897947177755,322,-0.03303303303303303,355,0.0056657223796034
"2018-02",agro_industry_and_commerce,7385.3,0.26170252022742196,20,0.3333333333333333,26,0.4444444444444444
"2018-02",air_conditioning,2626.89,-0.4380671438411548,11,-0.5,12,-0.5862068965517241
"2018-02",art,1216.71,-0.5211254855811427,11,-0.42105263157894735,12,-0.3684210526315789
"2018-02",audio,2828.49,-0.2596118609107187,15,-0.4,15,-0.4230769230769231
"2018-02",auto,41048.51,0.14484694193449077,299,0.23045267489711935,315,0.1797752808988764
"2018-02",baby,25857.28,-0.1332914123137856,165,-0.21052631578947367,172,-0.2146118721461187
"2018-02",bed_bath_table,60366.29,-0.19947239110690057,588,-0.14658925979680695,685,-0.180622009569378
"2018-02",books_general_interest,1886.65,-0.12663179335246724,28,-0.3,28,-0.36363636363636365
"2018-02",books_imported,325.0,-0.4425385934819897,3,-0.5,3,-0.5
"2018-02",books_technical,1411.21,0.1994475372912329,23,0.4375,26,0.5294117647058824
"2018-02",christmas_supplies,2059.65,1.4188490898414563,17,0.8888888888888888,24,1.4
"2018-02",cine_photo,227.99,0.14006400640064018,2,0.0,2,0.0
"2018-02",computers_accessories,100131.99,0.24381585630603858,791,0.3780487804878049,971,0.4113372093023256
"2018-02",consoles_games,11763.83,0.6085573094425484,50,0.0,51,0.0
"2018-02",construction_tools_construction,8991.07,-0.0696499858239396,53,0.325,68,0.4166666666666667
"2018-02",construction_tools_lights,1610.8,-0.32686722468543533,9,0.5,17,1.4285714285714286
"2018-02",construction_tools_safety,5965.75,1.676556492245019,7,-0.2222222222222222,8,-0.2727272727272727
"2018-02",cool_stuff,29772.25,-0.23548003320801159,176,-0.3824561403508772,180,-0.3918918918918919
"2018-02",costruction_tools_garden,1538.25,-0.6083864989129273,14,-0.3333333333333333,20,-0.16666666666666666
"2018-02",costruction_tools_tools,1318.2,1.4764230696975393,11,0.375,12,0.5
"2018-02",diapers_and_hygiene,100.0,-0.2,1,0.0,4,-0.2
"2018-02",drinks,1919.95,-0.13811214709935762,26,-0.3333333333333333,31,-0.38
"2018-02",dvds_blu_ray,24.9,-0.5,1,-0.5,1,-0.5
"2018-02",electronics,14764.7,-0.07048352207339582,300,-0.05956112852664577,331,-0.04885057471264368
"2018-02",fashio_female_clothing,29.99,-0.8146362568761975,1,-0.6666666666666666,1,-0.6666666666666666
"2018-02",fashion_bags_accessories,9786.63,0.2338597429057,102,-0.1206896551724138,107,-0.144
"2018-02",fashion_male_clothing,388.09,-0.2951507446422086,3,-0.4,3,-0.5
"2018-02",fashion_shoes,1033.7,0.5504724763761811,10,0.42857142857142855,11,0.2222222222222222
"2018-02",fashion_underwear_beach,399.3,-0.47077534791252484,7,-0.125,7,-0.125
"2018-02",fixed_telephony,4738.68,0.938824107033264,9,-0.1,11,0.1
"2018-02",flowers,134.48,-0.5274771609276178,4,-0.42857142857142855,4,-0.6
"2018-02",food,1783.52,1.1499590144172815,30,0.6666666666666666,38,1.0
"2018-02",food_drink,1018.3,1.9847290207228063,20,1.0,23,1.0909090909090908
"2018-02",furniture_bedroom,895.8,-0.020769567118495848,6,0.2,7,0.4
"2018-02",furniture_decor,38002.36,-0.29362080685427794,336,-0.28051391862955033,422,-0.2907563025210084
"2018-02",furniture_living_room,4402.78,0.9075343356007105,19,-0.13636363636363635,26,0.18181818181818182
"2018-02",furniture_mattress_and_upholstery,344.7,-0.599418942475305,5,-0.4444444444444444,5,-0.4444444444444444
"2018-02",garden_tools,26489.13,-0.011343609128632574,229,0.13366336633663367,293,0.24152542372881355
"2018-02",health_beauty,84576.55,0.18445261996257992,595,0.056838365896980464,650,0.050080775444264945
"2018-02",home_appliances,5542.45,2.2127351244819287,47,0.8076923076923077,48,0.7777777777777778
"2018-02",home_appliances_2,8998.83,0.042726040254458184,21,0.75,21,0.6153846153846154
"2018-02",home_comfort_2,38.7,,2,,3,
"2018-02",home_confort,3012.76,-0.002450201313837557,20,0.1111111111111111,21,0.16666666666666666
"2018-02",home_construction,5225.9,-0.09079679458851941,31,0.14814814814814814,38,-0.05
"2018-02",housewares,34877.47,-0.0686113130275158,334,0.05362776025236593,391,0.11396011396011396
"2018-02",industry_commerce_and_business,4735.59,0.7662862258028422,29,0.9333333333333333,37,1.0555555555555556
"2018-02",kitchen_dining_laundry_garden_furniture,4621.16,-0.04491887981812548,16,-0.2,19,-0.09523809523809523
"2018-02",luggage_accessories,6423.55,-0.6536482709238275,43,-0.6446280991735537,45,-0.6428571428571429
"2018-02",market_place,1920.92,1.3462478014461599,20,0.6666666666666666,28,1.0
"2018-02",music,244.97,8.81057268722467,2,1.0,2,1.0
"2018-02",musical_instruments,9015.73,-0.4060228295400492,39,-0.20408163265306123,44,-0.13725490196078433
"2018-02",office_furniture,17287.89,-0.11277816952367457,70,-0.3269230769230769,107,-0.24647887323943662
"2018-02",perfumery,20372.0,0.04175988488072591,194,-0.06280193236714976,211,-0.053811659192825115
"2018-02",pet_shop,9218.24,-0.1461477613129234,86,0.13157894736842105,99,0.11235955056179775
"2018-02",signaling_and_security,715.79,-0.31750874817647,10,0.42857142857142855,15,0.875
"2018-02",small_appliances,5245.16,-0.6322233994142399,30,-0.4,32,-0.39622641509433965
"2018-02",small_appliances_home_oven_and_coffee,3024.9,7.1756263682802235,5,4.0,5,4.0
"2018-02",sports_leisure,74540.95,-0.13498314956117843,571,-0.006956521739130435,637,-0.00778816199376947
"2018-02",stationery,10090.53,-0.7446903958027181,131,-0.6440217391304348,145,-0.6233766233766234
"2018-02",tablets_printing_image,694.97,3.2952410383189124,12,3.0,13,3.3333333333333335
"2018-02",telephony,13672.38,-0.06991118415682096,328,-0.043731778425655975,354,-0.03804347826086957
"2018-02",toys,14203.35,-0.3357597326829678,130,-0.15584415584415584,139,-0.13664596273291926
"2018-02",unknown,12821.96,-0.3892452139053609,108,-0.3684210526315789,118,-0.38860103626943004
"2018-02",watches_gifts,60725.31,-0.17404399055293418,304,-0.055900621118012424,324,-0.08732394366197183
"2018-03",agro_industry_and_commerce,5161.0,-0.3011793698292554,24,0.2,26,0.0
"2018-03",air_conditioning,2507.68,-0.04538065925866711,23,1.0909090909090908,24,1.0
"2018-03",art,461.5,-0.6206984408774482,7,-0.36363636363636365,7,-0.4166666666666667
"2018-03",audio,10606.69,2.7499478520341247,33,1.2,34,1.2666666666666666
"2018-03",auto,44081.96,0.07389915005441115,317,0.06020066889632107,336,0.06666666666666667
"2018-03",baby,40818.75,0.5786173178308005,208,0.2606060606060606,215,0.25
"2018-03",bed_bath_table,67786.35,0.12291727717572183,652,0.10884353741496598,777,0.1343065693430657
"2018-03",books_general_interest,1691.94,-0.10320409190893914,33,0.17857142857142858,38,0.35714285714285715
"2018-03",books_imported,259.0,-0.20307692307692307,2,-0.3333333333333333,3,0.0
"2018-03",books_technical,913.47,-0.352704416777092,17,-0.2608695652173913,17,-0.34615384615384615
"2018-03",christmas_supplies,854.95,-0.5849052023402034,12,-0.29411764705882354,12,-0.5
"2018-03",cine_photo,711.79,2.122022895741041,6,2.0,7,2.5
"2018-03",computers_accessories,84708.39,-0.15403269224949995,630,-0.20353982300884957,750,-0.22760041194644695
"2018-03",consoles_games,11826.22,0.0053035448489139525,53,0.06,57,0.11764705882352941
"2018-03",construction_tools_construction,9446.58,0.05066249067129944,48,-0.09433962264150944,66,-0.029411764705882353
"2018-03",construction_tools_lights,2536.7,0.5748075490439533,12,0.3333333333333333,13,-0.23529411764705882
"2018-03",construction_tools_safety,5374.87,-0.09904538406738467,13,0.8571428571428571,22,1.75
"2018-03",cool_stuff,37791.24,0.2693444398727002,239,0.35795454545454547,253,0.40555555555555556
"2018-03",costruction_tools_garden,2087.23,0.3568860718348773,19,0.35714285714285715,22,0.1
"2018-03",costruction_tools_tools,931.3,-0.2935062964648764,8,-0.2727272727272727,9,-0.25
"2018-03",diapers_and_hygiene,125.0,0.25,1,0.0,5,0.25
"2018-03",drinks,962.7,-0.4985806922055262,20,-0.23076923076923078,21,-0.3225806451612903
"2018-03",dvds_blu_ray,49.8,1.0,2,1.0,2,1.0
"2018-03",electronics,12394.51,-0.16053086076926726,237,-0.21,254,-0.2326283987915408
"2018-03",fashio_female_clothing,119.96,3.0,1,0.0,4,3.0
"2018-03",fashion_bags_accessories,10096.51,0.03166360636909754,129,0.2647058823529412,137,0.2803738317757009
"2018-03",fashion_childrens_clothes,79.98,,2,,2,
"2018-03",fashion_shoes,1053.1,0.01876753410080281,11,0.1,11,0.0
"2018-03",fashion_sport,89.9,,1,,1,
"2018-03",fashion_underwear_beach,289.4,-0.2752316553969447,5,-0.2857142857142857,5,-0.2857142857142857
"2018-03",fixed_telephony,1930.59,-0.5925890754387297,12,0.3333333333333333,14,0.2727272727272727
"2018-03",flowers,89.67,-0.33320939916716236,3,-0.25,3,-0.25
"2018-03",food,1559.9,-0.1253812685027361,33,0.1,35,-0.07894736842105263
"2018-03",food_drink,2350.77,1.308524010605912,17,-0.15,19,-0.17391304347826086
"2018-03",furniture_bedroom,1071.8,0.19647242688100022,6,0.0,6,-0.14285714285714285
"2018-03",furniture_decor,51319.97,0.35044165678131567,430,0.27976190476190477,583,0.3815165876777251
"2018-03",furniture_living_room,3521.87,-0.2000804037449066,19,0.0,19,-0.2692307692307692
"2018-03",furniture_mattress_and_upholstery,440.0,0.2764722947490572,4,-0.2,4,-0.2
"2018-03",garden_tools,26773.88,0.01074969242100439,199,-0.13100436681222707,253,-0.13651877133105803
"2018-03",health_beauty,84488.57,-0.001040241059726318,605,0.01680672268907563,656,0.009230769230769232
"2018-03",home_appliances,9876.59,0.7819899142076159,70,0.48936170212765956,70,0.4583333333333333
"2018-03",home_appliances_2,5648.2,-0.3723406265036677,12,-0.42857142857142855,12,-0.42857142857142855
"2018-03",home_comfort_2,34.99,-0.09586563307493541,1,-0.5,1,-0.6666666666666666
"2018-03",home_confort,2522.38,-0.16276769473837946,21,0.05,21,0.0
"2018-03",home_construction,5250.51,0.0047092366865038714,33,0.06451612903225806,43,0.13157894736842105
"2018-03",housewares,35052.12,0.0050075306494422175,322,-0.03592814371257485,390,-0.0025575447570332483
"2018-03",industry_commerce_and_business,2922.45,-0.3828752066796324,26,-0.10344827586206896,29,-0.21621621621621623
"2018-03",kitchen_dining_laundry_garden_furniture,2842.66,-0.3848600784218681,12,-0.25,12,-0.3684210526315789
"2018-03",la_cuisine,389.0,,1,,1,
"2018-03",luggage_accessories,5851.77,-0.08901308466502164,51,0.18604651162790697,56,0.24444444444444444
"2018-03",market_place,1548.74,-0.19375091102180209,16,-0.2,17,-0.39285714285714285
"2018-03",music,323.97,0.3224884679756706,2,0.0,2,0.0
"2018-03",musical_instruments,8931.4,-0.009353651895076708,49,0.2564102564102564,53,0.20454545454545456
"2018-03",office_furniture,30861.64,0.7851594381963328,149,1.1285714285714286,200,0.8691588785046729
"2018-03",party_supplies,913.9,,5,,6,
"2018-03",perfumery,20081.88,-0.014241115256233996,182,-0.061855670103092786,198,-0.061611374407582936
"2018-03",pet_shop,13400.21,0.45366252126219314,108,0.2558139534883721,122,0.23232323232323232
"2018-03",signaling_and_security,921.9,0.28794758239148355,7,-0.3,9,-0.4
"2018-03",small_appliances,13952.18,1.6600103714662662,34,0.13333333333333333,35,0.09375
"2018-03",small_appliances_home_oven_and_coffee,7890.9,1.6086482197758603,7,0.4,7,0.4
"2018-03",sports_leisure,81656.96,0.09546443934508494,645,0.1295971978984238,732,0.14913657770800628
"2018-03",stationery,12993.74,0.28771630429719736,145,0.10687022900763359,163,0.12413793103448276
"2018-03",tablets_printing_image,259.29,-0.6269047584787832,2,-0.8333333333333334,3,-0.7692307692307693
"2018-03",telephony,24759.43,0.810908561640329,320,-0.024390243902439025,334,-0.05649717514124294
"2018-03",toys,22817.55,0.6064907222591852,215,0.6538461538461539,225,0.6187050359712231
"2018-03",unknown,16625.22,0.29662079744438463,125,0.1574074074074074,133,0.1271186440677966
"2018-03",watches_gifts,95661.18,0.5753098666766789,407,0.33881578947368424,421,0.2993827160493827
"2018-04",agro_industry_and_commerce,4500.7,-0.12794032164309246,12,-0.5,12,-0.5384615384615384
"2018-04",air_conditioning,3261.79,0.3007201875837428,22,-0.043478260869565216,23,-0.041666666666666664
"2018-04",art,2140.28,3.637659804983749,26,2.7142857142857144,26,2.7142857142857144
"2018-04",arts_and_craftmanship,15.99,,1,,1,
"2018-04",audio,7045.07,-0.3357899589787201,30,-0.09090909090909091,31,-0.08823529411764706
"2018-04",auto,47989.41,0.08864056861355539,328,0.03470031545741325,348,0.03571428571428571
"2018-04",baby,47201.22,0.15636123105190633,215,0.03365384615384615,237,0.10232558139534884
"2018-04",bed_bath_table,71379.61,0.05300860719009055,600,-0.07975460122699386,736,-0.05276705276705277
"2018-04",books_general_interest,6274.51,2.7084707495537663,42,0.2727272727272727,49,0.2894736842105263
"2018-04",books_imported,317.99,0.2277606177606178,4,1.0,4,0.3333333333333333
"2018-04",books_technical,1172.1,0.28312916680350736,23,0.35294117647058826,23,0.35294117647058826
"2018-04",cds_dvds_musicals,65.0,,1,,1,
"2018-04",christmas_supplies,275.15,-0.6781683139364876,9,-0.25,12,0.0
"2018-04",cine_photo,521.74,-0.2670029081611149,5,-0.16666666666666666,5,-0.2857142857142857
"2018-04",computers,13774.92,,13,,15,
"2018-04",computers_accessories,57370.9,-0.3227247029485509,465,-0.2619047619047619,526,-0.2986666666666667
"2018-04",consoles_games,5511.05,-0.5339973381181814,37,-0.3018867924528302,40,-0.2982456140350877
"2018-04",construction_tools_construction,12933.83,0.3691547628877329,76,0.5833333333333334,90,0.36363636363636365
"2018-04",construction_tools_lights,4962.67,0.9563487996215557,37,2.0833333333333335,47,2.6153846153846154
"2018-04",construction_tools_safety,2887.26,-0.46282235663374177,23,0.7692307692307693,24,0.09090909090909091
"2018-04",cool_stuff,35025.41,-0.07318706663237286,194,-0.18828451882845187,206,-0.1857707509881423
"2018-04",costruction_tools_garden,1326.79,-0.36432975762134506,12,-0.3684210526315789,18,-0.18181818181818182
"2018-04",costruction_tools_tools,1332.99,0.43132180822506183,16,1.0,17,0.8888888888888888
"2018-04",diapers_and_hygiene,149.0,0.192,4,3.0,4,-0.2
"2018-04",drinks,5016.44,4.2108029500363555,29,0.45,54,1.5714285714285714
"2018-04",dvds_blu_ray,92.5,0.8574297188755021,4,1.0,5,1.5
"2018-04",electronics,10840.23,-0.12540068143073027,201,-0.1518987341772152,212,-0.16535433070866143
"2018-04",fashio_female_clothing,174.95,0.45840280093364455,1,0.0,5,0.25
"2018-04",fashion_bags_accessories,8218.85,-0.18597119202575937,92,-0.2868217054263566,102,-0.25547445255474455
"2018-04",fashion_male_clothing,195.0,,1,,1,
"2018-04",fashion_shoes,1438.7,0.366157060108252,11,0.0,11,0.0
"2018-04",fashion_sport,89.9,0.0,1,0.0,1,0.0
"2018-04",fashion_underwear_beach,359.4,0.24187975120939878,6,0.2,6,0.2
"2018-04",fixed_telephony,1921.94,-0.004480495599790667,10,-0.16666666666666666,11,-0.21428571428571427
"2018-04",flowers,158.4,0.7664770826363333,3,0.0,3,0.0
"2018-04",food,1665.43,0.06765177254952238,36,0.09090909090909091,40,0.14285714285714285
"2018-04",food_drink,605.07,-0.7426077412932783,16,-0.058823529411764705,18,-0.05263157894736842
"2018-04",furniture_bedroom,1301.9,0.2146855756671022,6,0.0,7,0.16666666666666666
"2018-04",furniture_decor,56217.62,0.09543360995729346,458,0.06511627906976744,586,0.005145797598627788
"2018-04",furniture_living_room,5041.83,0.4315775426123054,24,0.2631578947368421,33,0.7368421052631579
"2018-04",garden_tools,34526.04,0.2895418968038999,232,0.1658291457286432,282,0.11462450592885376
"2018-04",health_beauty,91058.45,0.07776057755504667,619,0.023140495867768594,685,0.04420731707317073
"2018-04",home_appliances,15019.63,0.5207303330400471,104,0.4857142857142857,104,0.4857142857142857
"2018-04",home_appliances_2,20741.69,2.6722655005134377,23,0.9166666666666666,23,0.9166666666666666
"2018-04",home_comfort_2,12.9,-0.6313232352100601,1,0.0,1,0.0
"2018-04",home_confort,1939.4,-0.2311229870201952,15,-0.2857142857142857,18,-0.14285714285714285
"2018-04",home_construction,9204.65,0.7530963658768385,58,0.7575757575757576,75,0.7441860465116279
"2018-04",housewares,44363.29,0.2656378558557941,411,0.27639751552795033,462,0.18461538461538463
"2018-04",industry_commerce_and_business,5690.61,0.9472052558640867,48,0.8461538461538461,53,0.8275862068965517
"2018-04",kitchen_dining_laundry_garden_furniture,3110.57,0.09424623416096203,18,0.5,19,0.5833333333333334
"2018-04",la_cuisine,280.0,-0.2802056555269923,1,0.0,2,1.0
"2018-04",luggage_accessories,8680.48,0.48339391329460984,53,0.0392156862745098,57,0.017857142857142856
"2018-04",market_place,627.23,-0.5950062631558557,15,-0.0625,15,-0.11764705882352941
"2018-04",music,1696.86,4.237707195110658,5,1.5,5,1.5
"2018-04",musical_instruments,19375.31,1.1693474707212757,57,0.16326530612244897,60,0.1320754716981132
"2018-04",office_furniture,19997.8,-0.35201758558521196,86,-0.4228187919463087,131,-0.345
"2018-04",party_supplies,43.8,-0.9520735310208995,1,-0.8,2,-0.6666666666666666
"2018-04",perfumery,17430.41,-0.13203295707374016,159,-0.12637362637362637,174,-0.12121212121212122
"2018-04",pet_shop,18282.97,0.36437936420399397,150,0.3888888888888889,166,0.36065573770491804
"2018-04",signaling_and_security,2222.3,1.410565137216618,22,2.142857142857143,36,3.0
"2018-04",small_appliances,12071.76,-0.13477607083624207,60,0.7647058823529411,66,0.8857142857142857
"2018-04",small_appliances_home_oven_and_coffee,13211.99,0.6743324589083628,13,0.8571428571428571,13,0.8571428571428571
"2018-04",sports_leisure,65793.52,-0.19426929437490695,520,-0.1937984496124031,586,-0.1994535519125683
"2018-04",stationery,11263.45,-0.13316335404587126,128,-0.11724137931034483,152,-0.06748466257668712
"2018-04",tablets_printing_image,52.0,-0.7994523506498515,1,-0.5,1,-0.6666666666666666
"2018-04",telephony,16312.06,-0.34117788656685555,245,-0.234375,279,-0.16467065868263472
"2018-04",toys,23140.41,0.014149634820565775,193,-0.10232558139534884,202,-0.10222222222222223
"2018-04",unknown,7987.9,-0.5195311701138392,72,-0.424,74,-0.44360902255639095
"2018-04",watches_gifts,88623.07,-0.07357331364718674,462,0.13513513513513514,494,0.17339667458432304
"2018-05",agro_industry_and_commerce,3279.75,-0.2712800231075166,8,-0.3333333333333333,8,-0.3333333333333333
"2018-05",air_conditioning,1851.3,-0.43242820659821757,13,-0.4090909090909091,14,-0.391304347826087
"2018-05",art,2491.97,0.16431962173173584,33,0.2692307692307692,34,0.3076923076923077
"2018-05",arts_and_craftmanship,89.8,4.616010006253909,1,0.0,1,0.0
"2018-05",audio,2697.68,-0.6170825839913584,20,-0.3333333333333333,21,-0.3225806451612903
"2018-05",auto,40851.44,-0.1487405242114875,295,-0.10060975609756098,308,-0.11494252873563218
"2018-05",baby,33253.65,-0.29549172669689466,218,0.013953488372093023,239,0.008438818565400843
"2018-05",bed_bath_table,71265.07,-0.0016046599301956623,600,0.0,740,0.005434782608695652
"2018-05",books_general_interest,5925.13,-0.0556824357599239,48,0.14285714285714285,50,0.02040816326530612
"2018-05",books_imported,410.92,0.29224189439919496,9,1.25,10,1.5
"2018-05",books_technical,3040.53,1.5940875351932433,54,1.3478260869565217,55,1.391304347826087
"2018-05",christmas_supplies,524.53,0.9063419952753045,6,-0.3333333333333333,6,-0.5
"2018-05",cine_photo,2108.29,3.0408824318626135,16,2.2,17,2.4
"2018-05",computers,8699.92,-0.3684231922944017,6,-0.5384615384615384,13,-0.13333333333333333
"2018-05",computers_accessories,50631.83,-0.1174649517438283,399,-0.14193548387096774,453,-0.13878326996197718
"2018-05",consoles_games,5279.27,-0.04205732120013423,38,0.02702702702702703,52,0.3
"2018-05",construction_tools_construction,20748.6,0.6042115908435474,89,0.17105263157894737,125,0.3888888888888889
"2018-05",construction_tools_lights,4354.81,-0.12248648409021749,30,-0.1891891891891892,38,-0.19148936170212766
"2018-05",construction_tools_safety,6045.01,1.093683977196373,21,-0.08695652173913043,22,-0.08333333333333333
"2018-05",cool_stuff,29949.12,-0.14493163677455892,168,-0.13402061855670103,175,-0.15048543689320387
"2018-05",costruction_tools_garden,1073.28,-0.1910701768931029,13,0.08333333333333333,16,-0.1111111111111111
"2018-05",costruction_tools_tools,417.9,-0.6864942722751108,5,-0.6875,5,-0.7058823529411765
"2018-05",diapers_and_hygiene,117.0,-0.21476510067114093,3,-0.25,3,-0.25
"2018-05",drinks,2505.99,-0.5004445383578793,33,0.13793103448275862,47,-0.12962962962962962
"2018-05",dvds_blu_ray,439.94,3.756108108108108,6,0.5,7,0.4
"2018-05",electronics,16176.79,0.49229213771294533,219,0.08955223880597014,231,0.08962264150943396
"2018-05",fashion_bags_accessories,11490.17,0.3980264878906416,104,0.13043478260869565,110,0.0784313725490196
"2018-05",fashion_male_clothing,129.99,-0.33338461538461533,1,0.0,1,0.0
"2018-05",fashion_shoes,1582.7,0.10009035935219295,10,-0.09090909090909091,10,-0.09090909090909091
"2018-05",fashion_underwear_beach,207.4,-0.4229271007234279,5,-0.16666666666666666,6,0.0
"2018-05",fixed_telephony,1846.2,-0.03940809806757756,11,0.1,16,0.45454545454545453
"2018-05",flowers,16.4,-0.8964646464646464,1,-0.6666666666666666,1,-0.6666666666666666
"2018-05",food,1542.93,-0.0735545774965024,36,0.0,44,0.1
"2018-05",food_drink,1239.44,1.048424149271985,15,-0.0625,25,0.3888888888888889
"2018-05",furniture_bedroom,1484.98,0.1406252400337967,5,-0.16666666666666666,6,-0.14285714285714285
"2018-05",furniture_decor,53706.45,-0.044668735531671486,456,-0.004366812227074236,597,0.01877133105802048
"2018-05",furniture_living_room,2721.08,-0.4602991374163746,13,-0.4583333333333333,16,-0.5151515151515151
"2018-05",garden_tools,37700.79,0.09195233510706702,227,-0.021551724137931036,288,0.02127659574468085
"2018-05",health_beauty,94534.38,0.03817251446735594,669,0.08077544426494346,751,0.09635036496350365
"2018-05",home_appliances,6149.67,-0.5905578233285373,63,-0.3942307692307692,64,-0.38461538461538464
"2018-05",home_appliances_2,14441.24,-0.30375779408524567,23,0.0,23,0.0
"2018-05",home_confort,2708.7,0.396669072909147,18,0.2,21,0.16666666666666666
"2018-05",home_construction,10155.28,0.10327714796325782,63,0.08620689655172414,79,0.05333333333333334
"2018-05",housewares,62824.57,0.4161386587874794,492,0.19708029197080293,618,0.33766233766233766
"2018-05",industry_commerce_and_business,3780.99,-0.33557386642205317,34,-0.2916666666666667,40,-0.24528301886792453
"2018-05",kitchen_dining_laundry_garden_furniture,2310.09,-0.2573419019665206,10,-0.4444444444444444,13,-0.3157894736842105
"2018-05",luggage_accessories,6618.46,-0.23754677160710003,44,-0.16981132075471697,49,-0.14035087719298245
"2018-05",market_place,957.45,0.5264735424007143,13,-0.13333333333333333,14,-0.06666666666666667
"2018-05",music,729.0,-0.5703829426116473,5,0.0,5,0.0
"2018-05",musical_instruments,18757.07,-0.03190865075191063,59,0.03508771929824561,61,0.016666666666666666
"2018-05",office_furniture,20835.87,0.04190810989208812,82,-0.046511627906976744,104,-0.20610687022900764
"2018-05",party_supplies,100.7,1.2990867579908678,3,2.0,4,1.0
"2018-05",perfumery,24482.7,0.40459690850645513,179,0.12578616352201258,197,0.13218390804597702
"2018-05",pet_shop,11708.46,-0.3595974833410546,127,-0.15333333333333332,136,-0.18072289156626506
"2018-05",signaling_and_security,683.5,-0.6924357647482339,6,-0.7272727272727273,7,-0.8055555555555556
"2018-05",small_appliances,10620.99,-0.12017883059305358,39,-0.35,48,-0.2727272727272727
"2018-05",small_appliances_home_oven_and_coffee,10161.6,-0.23088043511991754,9,-0.3076923076923077,9,-0.3076923076923077
"2018-05",sports_leisure,59209.92,-0.10006456562895565,449,-0.13653846153846153,489,-0.16552901023890784
"2018-05",stationery,12923.39,0.1473740283838432,124,-0.03125,130,-0.14473684210526316
"2018-05",tablets_printing_image,49.9,-0.040384615384615415,1,0.0,1,0.0
"2018-05",telephony,18944.28,0.16136649816148294,237,-0.0326530612244898,250,-0.1039426523297491
"2018-05",toys,31538.41,0.36291491810214255,211,0.09326424870466321,218,0.07920792079207921
"2018-05",unknown,5055.04,-0.36716283378610143,39,-0.4583333333333333,44,-0.40540540540540543
"2018-05",watches_gifts,119364.98,0.3468838305872273,585,0.2662337662337662,625,0.2651821862348178
"2018-06",agro_industry_and_commerce,3515.8,0.07197194908148492,10,0.25,10,0.25
"2018-06",air_conditioning,3567.9,0.9272403176146493,9,-0.3076923076923077,15,0.07142857142857142
"2018-06",art,2500.14,0.003278530640417049,28,-0.15151515151515152,28,-0.17647058823529413
"2018-06",audio,1830.69,-0.3213835592064292,19,-0.05,20,-0.047619047619047616
"2018-06",auto,44962.59,0.1006365993463142,268,-0.09152542372881356,295,-0.04220779220779221
"2018-06",baby,30550.32,-0.08129423386605686,205,-0.05963302752293578,223,-0.06694560669456066
"2018-06",bed_bath_table,70857.08,-0.005724964558373481,649,0.08166666666666667,764,0.032432432432432434
"2018-06",books_general_interest,3275.49,-0.4471868127787914,32,-0.3333333333333333,38,-0.24
"2018-06",books_imported,468.17,0.1393215224374574,9,0.0,9,-0.1
"2018-06",books_technical,1747.43,-0.4252876965529036,26,-0.5185185185185185,26,-0.5272727272727272
"2018-06",christmas_supplies,306.19,-0.4162583646311936,6,0.0,7,0.16666666666666666
"2018-06",cine_photo,435.85,-0.7932684782454027,9,-0.4375,13,-0.23529411764705882
"2018-06",computers,13127.0,0.5088644493282697,8,0.3333333333333333,13,0.0
"2018-06",computers_accessories,41806.37,-0.17430655775230716,352,-0.11779448621553884,401,-0.11479028697571744
"2018-06",consoles_games,6903.01,0.3075690389012117,41,0.07894736842105263,43,-0.17307692307692307
"2018-06",construction_tools_construction,22947.72,0.10598883780110478,108,0.21348314606741572,113,-0.096
"2018-06",construction_tools_lights,4583.41,0.05249367940277519,35,0.16666666666666666,44,0.15789473684210525
"2018-06",construction_tools_safety,2565.37,-0.5756218765560355,16,-0.23809523809523808,16,-0.2727272727272727
"2018-06",cool_stuff,19316.37,-0.3550271260057057,100,-0.40476190476190477,103,-0.4114285714285714
"2018-06",costruction_tools_garden,799.44,-0.2551431127012522,11,-0.15384615384615385,11,-0.3125
"2018-06",costruction_tools_tools,527.0,0.2610672409667385,4,-0.2,4,-0.2
"2018-06",diapers_and_hygiene,321.0,1.7435897435897436,7,1.3333333333333333,7,1.3333333333333333
"2018-06",drinks,1567.07,-0.3746702899851954,30,-0.09090909090909091,33,-0.2978723404255319
"2018-06",dvds_blu_ray,382.88,-0.12969950447788337,5,-0.16666666666666666,6,-0.14285714285714285
"2018-06",electronics,9664.57,-0.40256565115823356,174,-0.2054794520547945,191,-0.17316017316017315
"2018-06",fashion_bags_accessories,7869.95,-0.3150710563899403,82,-0.21153846153846154,87,-0.20909090909090908
"2018-06",fashion_childrens_clothes,89.99,,1,,1,
"2018-06",fashion_male_clothing,447.8,2.444880375413493,6,5.0,7,6.0
"2018-06",fashion_shoes,1230.58,-0.22248057117583883,10,0.0,10,0.0
"2018-06",fashion_underwear_beach,129.3,-0.3765670202507232,3,-0.4,7,0.16666666666666666
"2018-06",fixed_telephony,2080.32,0.12681182970425744,15,0.36363636363636365,17,0.0625
"2018-06",flowers,108.0,5.585365853658537,1,0.0,2,1.0
"2018-06",food,1371.18,-0.11131418794112499,24,-0.3333333333333333,24,-0.45454545454545453
"2018-06",food_drink,293.85,-0.7629171238623894,9,-0.4,11,-0.56
"2018-06",furniture_bedroom,1559.99,0.05051246481434093,8,0.6,9,0.5
"2018-06",furniture_decor,42042.22,-0.21718490051008765,316,-0.30701754385964913,402,-0.32663316582914576
"2018-06",furniture_living_room,3541.62,0.3015493848030929,27,1.0769230769230769,29,0.8125
"2018-06",garden_tools,17948.72,-0.523916607583024,148,-0.34801762114537443,184,-0.3611111111111111
"2018-06",health_beauty,106745.72,0.12917353453843983,790,0.18086696562032886,875,0.16511318242343542
"2018-06",home_appliances,5830.38,-0.051919859114391495,65,0.031746031746031744,65,0.015625
"2018-06",home_appliances_2,8312.72,-0.42437630009611366,18,-0.21739130434782608,19,-0.17391304347826086
"2018-06",home_comfort_2,25.8,,1,,2,
"2018-06",home_confort,2386.49,-0.1189537416472847,16,-0.1111111111111111,16,-0.23809523809523808
"2018-06",home_construction,9094.59,-0.10444714473653119,60,-0.047619047619047616,71,-0.10126582278481013
"2018-06",housewares,55912.61,-0.11002001287076059,464,-0.056910569105691054,577,-0.06634304207119741
"2018-06",industry_commerce_and_business,2609.9,-0.30973104927545425,21,-0.38235294117647056,26,-0.35
"2018-06",kitchen_dining_laundry_garden_furniture,3538.43,0.5317282010657591,21,1.1,29,1.2307692307692308
"2018-06",luggage_accessories,5070.88,-0.23382780888605506,36,-0.18181818181818182,36,-0.2653061224489796
"2018-06",market_place,556.46,-0.418810381743172,7,-0.46153846153846156,7,-0.5
"2018-06",music,109.08,-0.8503703703703703,3,-0.4,3,-0.4
"2018-06",musical_instruments,16177.92,-0.13750281893707278,46,-0.22033898305084745,47,-0.22950819672131148
"2018-06",office_furniture,12125.58,-0.41804301908199654,59,-0.2804878048780488,76,-0.2692307692307692
"2018-06",party_supplies,84.8,-0.1578947368421053,2,-0.3333333333333333,2,-0.5
"2018-06",perfumery,26963.93,0.10134625674455838,166,-0.07262569832402235,186,-0.05583756345177665
"2018-06",pet_shop,19491.78,0.6647603527705608,151,0.1889763779527559,178,0.3088235294117647
"2018-06",signaling_and_security,5863.18,7.578171177761522,18,2.0,27,2.857142857142857
"2018-06",small_appliances,15431.63,0.452937061422711,43,0.10256410256410256,49,0.020833333333333332
"2018-06",small_appliances_home_oven_and_coffee,3499.0,-0.6556644622894032,3,-0.6666666666666666,3,-0.6666666666666666
"2018-06",sports_leisure,44916.01,-0.2414107298236511,371,-0.17371937639198218,419,-0.14314928425357873
"2018-06",stationery,12859.08,-0.004976248492075183,145,0.1693548387096774,167,0.2846153846153846
"2018-06",tablets_printing_image,50.0,0.0020040080160320926,1,0.0,1,0.0
"2018-06",telephony,22669.86,0.19665988889522337,202,-0.14767932489451477,216,-0.136
"2018-06",toys,21094.95,-0.3311346386834339,176,-0.16587677725118483,190,-0.12844036697247707
"2018-06",unknown,2387.13,-0.5277722827119073,22,-0.4358974358974359,23,-0.4772727272727273
"2018-06",watches_gifts,85027.57,-0.2876673711167211,444,-0.24102564102564103,477,-0.2368
"2018-07",agro_industry_and_commerce,6669.82,0.8970988110814038,26,1.6,27,1.7
"2018-07",air_conditioning,2657.86,-0.25506320244401465,15,0.6666666666666666,17,0.13333333333333333
"2018-07",art,1843.2,-0.26276128536801935,21,-0.25,21,-0.25
"2018-07",arts_and_craftmanship,654.57,,10,,11,
"2018-07",audio,2062.64,0.12670086142383463,21,0.10526315789473684,22,0.1
"2018-07",auto,43466.79,-0.033267656511780035,324,0.208955223880597,341,0.15593220338983052
"2018-07",baby,21834.12,-0.28530634049005055,206,0.004878048780487805,214,-0.04035874439461883
"2018-07",bed_bath_table,54405.23,-0.2321835729047824,511,-0.21263482280431434,617,-0.19240837696335078
"2018-07",books_general_interest,4077.45,0.24483665039429217,25,-0.21875,25,-0.34210526315789475
"2018-07",books_imported,357.79,-0.23576905824807226,5,-0.4444444444444444,7,-0.2222222222222222
"2018-07",books_technical,1994.93,0.14163657485564515,26,0.0,26,0.0
"2018-07",christmas_supplies,509.56,0.6641954342075183,8,0.3333333333333333,8,0.14285714285714285
"2018-07",cine_photo,1178.54,1.7040036709877249,7,-0.2222222222222222,7,-0.46153846153846156
"2018-07",computers,11239.0,-0.14382570275005713,8,0.0,8,-0.38461538461538464
"2018-07",computers_accessories,41063.31,-0.017773846425795995,381,0.08238636363636363,418,0.04239401496259352
"2018-07",consoles_games,8519.11,0.2341152627621864,49,0.1951219512195122,49,0.13953488372093023
"2018-07",construction_tools_construction,15237.47,-0.33599198526040935,98,-0.09259259259259259,115,0.017699115044247787
"2018-07",construction_tools_lights,7249.61,0.5817066332708616,40,0.14285714285714285,55,0.25
"2018-07",construction_tools_safety,1888.95,-0.2636734662056545,15,-0.0625,15,-0.0625
"2018-07",cool_stuff,21152.01,0.09503027742790181,113,0.13,115,0.11650485436893204
"2018-07",costruction_tools_garden,1922.66,1.405008505954168,19,0.7272727272727273,22,1.0
"2018-07",costruction_tools_tools,5501.2,9.438709677419354,10,1.5,12,2.0
"2018-07",diapers_and_hygiene,121.0,-0.6230529595015576,3,-0.5714285714285714,3,-0.5714285714285714
"2018-07",drinks,1260.17,-0.1958431978150305,16,-0.4666666666666667,16,-0.5151515151515151
"2018-07",dvds_blu_ray,83.99,-0.7806362306727956,1,-0.8,1,-0.8333333333333334
"2018-07",electronics,9270.95,-0.04072814413884932,142,-0.1839080459770115,151,-0.2094240837696335
"2018-07",fashion_bags_accessories,6071.07,-0.22857578510663984,74,-0.0975609756097561,74,-0.14942528735632185
"2018-07",fashion_male_clothing,208.7,-0.5339437248771773,5,-0.16666666666666666,5,-0.2857142857142857
"2018-07",fashion_shoes,820.19,-0.3334931495717466,5,-0.5,5,-0.5
"2018-07",fashion_underwear_beach,109.8,-0.1508120649651973,2,-0.3333333333333333,2,-0.7142857142857143
"2018-07",fixed_telephony,9319.39,3.4797867635748343,8,-0.4666666666666667,11,-0.35294117647058826
"2018-07",flowers,47.99,-0.5556481481481481,2,1.0,2,0.0
"2018-07",food,3378.17,1.463695503143278,59,1.4583333333333333,64,1.6666666666666667
"2018-07",food_drink,778.73,1.6500935851624978,14,0.5555555555555556,17,0.5454545454545454
"2018-07",furniture_bedroom,1386.9,-0.11095583946050931,7,-0.125,10,0.1111111111111111
"2018-07",furniture_decor,45393.59,0.07971439186608117,343,0.08544303797468354,436,0.0845771144278607
"2018-07",furniture_living_room,6706.64,0.8936644812261058,49,0.8148148148148148,54,0.8620689655172413
"2018-07",furniture_mattress_and_upholstery,129.9,,1,,1,
"2018-07",garden_tools,25639.88,0.4285074367420072,152,0.02702702702702703,177,-0.03804347826086957
"2018-07",health_beauty,103524.22,-0.030179195943406442,699,-0.11518987341772152,770,-0.12
"2018-07",home_appliances,5173.03,-0.11274565294200384,78,0.2,78,0.2
"2018-07",home_appliances_2,12597.32,0.5154269601285741,22,0.2222222222222222,23,0.21052631578947367
"2018-07",home_comfort_2,38.7,0.5000000000000001,2,1.0,3,0.5
"2018-07",home_confort,2906.48,0.21788903368545448,23,0.4375,23,0.4375
"2018-07",home_construction,6700.25,-0.26327080165241096,57,-0.05,60,-0.15492957746478872
"2018-07",housewares,62583.3,0.11930564500566156,462,-0.004310344827586207,564,-0.022530329289428077
"2018-07",industry_commerce_and_business,4697.21,0.7997662745699069,13,-0.38095238095238093,14,-0.46153846153846156
"2018-07",kitchen_dining_laundry_garden_furniture,3736.95,0.05610397831806761,20,-0.047619047619047616,22,-0.2413793103448276
"2018-07",luggage_accessories,5821.72,0.14806897422143694,53,0.4722222222222222,54,0.5
"2018-07",market_place,186.78,-0.6643424504906014,4,-0.42857142857142855,4,-0.42857142857142855
"2018-07",music,849.3,6.786028602860285,3,0.0,3,0.0
"2018-07",musical_instruments,7871.93,-0.5134151979982593,32,-0.30434782608695654,36,-0.23404255319148937
"2018-07",office_furniture,13225.28,0.09069256893278513,62,0.05084745762711865,80,0.05263157894736842
"2018-07",party_supplies,57.5,-0.32193396226415094,2,0.0,2,0.0
"2018-07",perfumery,20645.97,-0.23431154138139354,168,0.012048192771084338,199,0.06989247311827956
"2018-07",pet_shop,19343.85,-0.0075893530503627835,138,-0.08609271523178808,158,-0.11235955056179775
"2018-07",signaling_and_security,3785.19,-0.354413475281332,19,0.05555555555555555,29,0.07407407407407407
"2018-07",small_appliances,8161.35,-0.471128454997949,35,-0.18604651162790697,42,-0.14285714285714285
"2018-07",small_appliances_home_oven_and_coffee,4699.67,0.3431466133180909,14,3.6666666666666665,15,4.0
"2018-07",sports_leisure,54015.89,0.2025976928939146,410,0.10512129380053908,460,0.09785202863961814
"2018-07",stationery,17217.19,0.3389130482118471,168,0.15862068965517243,190,0.1377245508982036
"2018-07",telephony,26492.68,0.16863006652886253,202,0.0,221,0.023148148148148147
"2018-07",toys,17022.0,-0.19307701606308622,148,-0.1590909090909091,154,-0.18947368421052632
"2018-07",unknown,5222.03,1.1875767134592583,50,1.2727272727272727,57,1.4782608695652173
"2018-07",watches_gifts,95164.79,0.11922274151783928,507,0.14189189189189189,521,0.09224318658280922
"2018-08",agro_industry_and_commerce,5021.09,-0.24719257791064822,14,-0.46153846153846156,18,-0.3333333333333333
"2018-08",air_conditioning,3556.9,0.3382570940531104,17,0.13333333333333333,21,0.23529411764705882
"2018-08",art,1481.39,-0.1962944878472222,18,-0.14285714285714285,18,-0.14285714285714285
"2018-08",arts_and_craftmanship,901.76,0.3776372274928578,9,-0.1,9,-0.18181818181818182
"2018-08",audio,2069.4,0.0032773532948067617,24,0.14285714285714285,26,0.18181818181818182
"2018-08",auto,45032.58,0.036022673862045045,345,0.06481481481481481,370,0.08504398826979472
"2018-08",baby,21266.57,-0.025993719920931063,201,-0.024271844660194174,212,-0.009345794392523364
"2018-08",bed_bath_table,60891.09,0.11921390645715482,555,0.08610567514677103,655,0.06158833063209076
"2018-08",books_general_interest,1564.78,-0.6162356374694969,34,0.36,36,0.44
"2018-08",books_imported,749.0,1.0934067469744821,1,-0.8,1,-0.8571428571428571
"2018-08",books_technical,1483.79,-0.2562195164742623,28,0.07692307692307693,29,0.11538461538461539
"2018-08",christmas_supplies,529.37,0.03887667791820394,10,0.25,10,0.25
"2018-08",cine_photo,595.29,-0.4948919849983878,8,0.14285714285714285,9,0.2857142857142857
"2018-08",computers,8711.5,-0.22488655574339353,10,0.25,12,0.5
"2018-08",computers_accessories,40052.64,-0.02461248253002494,380,-0.0026246719160104987,415,-0.007177033492822967
"2018-08",consoles_games,4381.31,-0.4857080141000644,53,0.08163265306122448,59,0.20408163265306123
"2018-08",construction_tools_construction,22917.16,0.5040003360137871,124,0.2653061224489796,162,0.40869565217391307
"2018-08",construction_tools_lights,8212.53,0.13282369672299627,56,0.4,62,0.12727272727272726
"2018-08",construction_tools_safety,3970.22,1.1018131766325205,21,0.4,25,0.6666666666666666
"2018-08",cool_stuff,15794.89,-0.2532676563598447,116,0.02654867256637168,119,0.034782608695652174
"2018-08",costruction_tools_garden,3688.76,0.9185711462245015,19,0.0,23,0.045454545454545456
"2018-08",costruction_tools_tools,1255.77,-0.771727986621101,14,0.4,14,0.16666666666666666
"2018-08",diapers_and_hygiene,231.89,0.9164462809917354,3,0.0,3,0.0
"2018-08",drinks,1423.26,0.12941904663656484,24,0.5,27,0.6875
"2018-08",dvds_blu_ray,8.9,-0.8940350041671626,1,0.0,1,0.0
"2018-08",electronics,10739.57,0.15841095033410804,114,-0.19718309859154928,119,-0.2119205298013245
"2018-08",fashio_female_clothing,129.97,,2,,3,
"2018-08",fashion_bags_accessories,8127.53,0.33873106388165514,121,0.6351351351351351,126,0.7027027027027027
"2018-08",fashion_male_clothing,381.69,0.8288931480594155,3,-0.4,3,-0.4
"2018-08",fashion_shoes,471.3,-0.42537704678184324,3,-0.4,3,-0.4
"2018-08",fashion_sport,69.9,,1,,1,
"2018-08",fashion_underwear_beach,160.0,0.45719489981785066,1,-0.5,1,-0.5
"2018-08",fixed_telephony,2724.17,-0.7076879495331776,10,0.25,10,-0.09090909090909091
"2018-08",food,8174.18,1.4197065274986163,102,0.7288135593220338,115,0.796875
"2018-08",food_drink,1028.61,0.32088143515724304,16,0.14285714285714285,21,0.23529411764705882
"2018-08",furniture_bedroom,2197.0,0.5841084432907923,10,0.42857142857142855,12,0.2
"2018-08",furniture_decor,41168.55,-0.09307569637034643,341,-0.0058309037900874635,430,-0.013761467889908258
"2018-08",furniture_living_room,5223.34,-0.22116887144680497,38,-0.22448979591836735,40,-0.25925925925925924
"2018-08",garden_tools,16314.7,-0.3636982700387053,120,-0.21052631578947367,136,-0.23163841807909605
"2018-08",health_beauty,119391.01,0.15326645300974007,765,0.0944206008583691,835,0.08441558441558442
"2018-08",home_appliances,6443.85,0.24566260006224605,62,-0.20512820512820512,63,-0.19230769230769232
"2018-08",home_appliances_2,7532.76,-0.40203471849568,14,-0.36363636363636365,14,-0.391304347826087
"2018-08",home_confort,2241.28,-0.22886790894828102,15,-0.34782608695652173,16,-0.30434782608695654
"2018-08",home_construction,6286.16,-0.06180217156076268,44,-0.22807017543859648,48,-0.2
"2018-08",housewares,58763.36,-0.061037688968143294,549,0.18831168831168832,616,0.09219858156028368
"2018-08",industry_commerce_and_business,2364.69,-0.49657562680825423,9,-0.3076923076923077,10,-0.2857142857142857
"2018-08",kitchen_dining_laundry_garden_furniture,2011.47,-0.4617348372335728,19,-0.05,20,-0.09090909090909091
"2018-08",luggage_accessories,6599.75,0.1336426348226984,62,0.16981132075471697,64,0.18518518518518517
"2018-08",market_place,949.27,4.082289324338794,8,1.0,8,1.0
"2018-08",music,497.81,-0.41385847168256207,6,1.0,6,1.0
"2018-08",musical_instruments,10519.34,0.33631015519701013,39,0.21875,41,0.1388888888888889
"2018-08",office_furniture,6758.87,-0.4889431452490987,24,-0.6129032258064516,30,-0.625
"2018-08",party_supplies,1285.29,21.35286956521739,14,6.0,14,6.0
"2018-08",perfumery,24839.74,0.20312777747909158,203,0.20833333333333334,218,0.09547738693467336
"2018-08",pet_shop,24608.07,0.2721392070347941,166,0.2028985507246377,198,0.25316455696202533
"2018-08",signaling_and_security,1825.59,-0.5177018855064079,16,-0.15789473684210525,22,-0.2413793103448276
"2018-08",small_appliances,6168.06,-0.2442353287139995,23,-0.34285714285714286,23,-0.4523809523809524
"2018-08",small_appliances_home_oven_and_coffee,2996.72,-0.3623552291969437,17,0.21428571428571427,17,0.13333333333333333
"2018-08",sports_leisure,50860.18,-0.05842188289408911,432,0.05365853658536585,471,0.02391304347826087
"2018-08",stationery,15445.65,-0.10289367777204057,158,-0.05952380952380952,169,-0.11052631578947368
"2018-08",telephony,36572.91,0.38049113943927165,240,0.18811881188118812,271,0.22624434389140272
"2018-08",toys,16923.75,-0.005771942192456821,151,0.02027027027027027,165,0.07142857142857142
"2018-08",unknown,4221.65,-0.191569179035739,34,-0.32,36,-0.3684210526315789
"2018-08",watches_gifts,69767.06,-0.266881585090452,387,-0.23668639053254437,411,-0.21113243761996162
